Started GET "/" for 127.0.0.1 at 2026-04-24 11:54:52 -0400
  [1m[35m (1.5ms)[0m  [1m[35mCREATE TABLE "schema_migrations" ("version" varchar NOT NULL PRIMARY KEY) /*application='ArboliticsDesignSystem'*/[0m
  [1m[35m (0.1ms)[0m  [1m[35mCREATE TABLE "ar_internal_metadata" ("key" varchar NOT NULL PRIMARY KEY, "value" varchar, "created_at" datetime(6) NOT NULL, "updated_at" datetime(6) NOT NULL) /*application='ArboliticsDesignSystem'*/[0m
  [1m[36mActiveRecord::SchemaMigration Load (0.1ms)[0m  [1m[34mSELECT "schema_migrations"."version" FROM "schema_migrations" ORDER BY "schema_migrations"."version" ASC /*application='ArboliticsDesignSystem'*/[0m
Processing by Rails::WelcomeController#index as HTML
  Rendering /home/ivan/.local/share/mise/installs/ruby/3.3.7/lib/ruby/gems/3.3.0/gems/railties-8.1.3/lib/rails/templates/rails/welcome/index.html.erb
  Rendered /home/ivan/.local/share/mise/installs/ruby/3.3.7/lib/ruby/gems/3.3.0/gems/railties-8.1.3/lib/rails/templates/rails/welcome/index.html.erb (Duration: 0.4ms | GC: 0.0ms)
Completed 200 OK in 11ms (Views: 4.3ms | ActiveRecord: 0.0ms (0 queries, 0 cached) | GC: 0.0ms)


Started GET "/lookbook/" for 127.0.0.1 at 2026-04-24 12:19:19 -0400
  [1m[36mActiveRecord::SchemaMigration Load (0.1ms)[0m  [1m[34mSELECT "schema_migrations"."version" FROM "schema_migrations" ORDER BY "schema_migrations"."version" ASC /*application='ArboliticsDesignSystem'*/[0m
  
ActionController::RoutingError (No route matches [GET] "/lookbook"):
  
Started GET "/lookbook/" for 127.0.0.1 at 2026-04-24 12:23:57 -0400
  [1m[36mActiveRecord::SchemaMigration Load (0.1ms)[0m  [1m[34mSELECT "schema_migrations"."version" FROM "schema_migrations" ORDER BY "schema_migrations"."version" ASC /*application='ArboliticsDesignSystem'*/[0m
Processing by Lookbook::ApplicationController#index as HTML
  Rendering layout /home/ivan/.local/share/mise/installs/ruby/3.3.7/lib/ruby/gems/3.3.0/gems/lookbook-2.3.14/app/views/layouts/lookbook/application.html.erb
  Rendering /home/ivan/.local/share/mise/installs/ruby/3.3.7/lib/ruby/gems/3.3.0/gems/lookbook-2.3.14/app/views/lookbook/index.html.erb within layouts/lookbook/application
  Rendered /home/ivan/.local/share/mise/installs/ruby/3.3.7/lib/ruby/gems/3.3.0/gems/lookbook-2.3.14/app/views/lookbook/partials/_blank_slate.html.erb (Duration: 46.3ms | GC: 15.9ms)
  Rendered /home/ivan/.local/share/mise/installs/ruby/3.3.7/lib/ruby/gems/3.3.0/gems/lookbook-2.3.14/app/views/lookbook/index.html.erb within layouts/lookbook/application (Duration: 47.3ms | GC: 15.9ms)
  Rendered /home/ivan/.local/share/mise/installs/ruby/3.3.7/lib/ruby/gems/3.3.0/gems/lookbook-2.3.14/app/views/lookbook/partials/_user_styles.html.erb (Duration: 0.1ms | GC: 0.0ms)
  Rendering /home/ivan/.local/share/mise/installs/ruby/3.3.7/lib/ruby/gems/3.3.0/gems/lookbook-2.3.14/app/views/layouts/lookbook/skeleton.html.erb
  Rendered /home/ivan/.local/share/mise/installs/ruby/3.3.7/lib/ruby/gems/3.3.0/gems/lookbook-2.3.14/app/views/layouts/lookbook/skeleton.html.erb (Duration: 4.2ms | GC: 0.0ms)
  Rendered layout /home/ivan/.local/share/mise/installs/ruby/3.3.7/lib/ruby/gems/3.3.0/gems/lookbook-2.3.14/app/views/layouts/lookbook/application.html.erb (Duration: 275.3ms | GC: 96.3ms)
Completed 200 OK in 284ms (Views: 279.2ms | ActiveRecord: 0.0ms (0 queries, 0 cached) | GC: 96.3ms)


Started GET "/lookbook-assets/css/lookbook.css?v=2.3.14" for 127.0.0.1 at 2026-04-24 12:23:58 -0400
Started GET "/lookbook-assets/css/themes/indigo.css?v=2.3.14" for 127.0.0.1 at 2026-04-24 12:23:58 -0400
Started GET "/lookbook-assets/js/index.js?v=2.3.14" for 127.0.0.1 at 2026-04-24 12:23:58 -0400
Started GET "/lookbook-assets/js/lookbook.js?v=2.3.14" for 127.0.0.1 at 2026-04-24 12:23:58 -0400
Started GET "/lookbook-assets/img/lucide-sprite.svg" for 127.0.0.1 at 2026-04-24 12:23:58 -0400
Started GET "/lookbook-assets/Inter-roman.var.b695afbe.woff2" for 127.0.0.1 at 2026-04-24 12:23:58 -0400
Started GET "/lookbook-assets/Inter-italic.var.69eb0fe1.woff2" for 127.0.0.1 at 2026-04-24 12:23:58 -0400
Started GET "/lookbook/inspect/app_views/dashboard/default" for 127.0.0.1 at 2026-04-24 12:24:02 -0400
Processing by Lookbook::InspectorController#show as */*
  Parameters: {"path"=>"app_views/dashboard/default"}
Processing by Lookbook::PreviewController#render_scenario_to_string as */*
  Parameters: {"path"=>"app_views/dashboard/default"}
  Rendering ui/previews/app_views/dashboard.html.erb
  Rendered ui/_sidebar_menu_item.html.erb (Duration: 0.3ms | GC: 0.0ms)
  Rendered ui/_sidebar_menu_item.html.erb (Duration: 0.1ms | GC: 0.0ms)
  Rendered ui/_sidebar_menu_item.html.erb (Duration: 0.0ms | GC: 0.0ms)
  Rendered ui/_sidebar_menu_item.html.erb (Duration: 0.0ms | GC: 0.0ms)
  Rendered ui/_sidebar_menu_item.html.erb (Duration: 0.0ms | GC: 0.0ms)
  Rendered ui/_sidebar_menu_item.html.erb (Duration: 0.1ms | GC: 0.0ms)
  Rendered ui/_sidebar_menu_item.html.erb (Duration: 0.0ms | GC: 0.0ms)
  Rendered ui/_sidebar_menu_item.html.erb (Duration: 0.0ms | GC: 0.0ms)
  Rendered ui/_sidebar_menu_item.html.erb (Duration: 0.0ms | GC: 0.0ms)
  Rendered ui/_sidebar_menu_item.html.erb (Duration: 0.0ms | GC: 0.0ms)
  Rendered ui/_sidebar_menu_item.html.erb (Duration: 0.0ms | GC: 0.0ms)
  Rendered ui/_sidebar_menu_item.html.erb (Duration: 0.0ms | GC: 0.0ms)
  Rendered ui/_sidebar_menu_item.html.erb (Duration: 0.1ms | GC: 0.0ms)
  Rendered ui/_sidebar.html.erb (Duration: 15.7ms | GC: 4.9ms)
  Rendered ui/_heading.html.erb (Duration: 0.2ms | GC: 0.0ms)
  Rendered ui/_field.html.erb (Duration: 0.9ms | GC: 0.6ms)
  Rendered ui/_icon_button.html.erb (Duration: 0.3ms | GC: 0.0ms)
  Rendered ui/_badge.html.erb (Duration: 0.2ms | GC: 0.0ms)
  Rendered ui/_dropdown_menu.html.erb (Duration: 0.3ms | GC: 0.0ms)
  Rendered ui/_field.html.erb (Duration: 0.0ms | GC: 0.0ms)
  Rendered ui/_field.html.erb (Duration: 0.0ms | GC: 0.0ms)
  Rendered ui/_field.html.erb (Duration: 0.0ms | GC: 0.0ms)
  Rendered ui/_badge.html.erb (Duration: 0.0ms | GC: 0.0ms)
  Rendered ui/_field.html.erb (Duration: 0.1ms | GC: 0.0ms)
  Rendered ui/_field.html.erb (Duration: 0.0ms | GC: 0.0ms)
  Rendered ui/_field.html.erb (Duration: 0.0ms | GC: 0.0ms)
  Rendered ui/_button.html.erb (Duration: 0.2ms | GC: 0.0ms)
  Rendered ui/_badge.html.erb (Duration: 0.1ms | GC: 0.0ms)
  Rendered ui/_button.html.erb (Duration: 0.0ms | GC: 0.0ms)
  Rendered ui/_data_table.html.erb (Duration: 0.3ms | GC: 0.0ms)
  Rendered ui/_card.html.erb (Duration: 4.8ms | GC: 0.6ms)
  Rendered ui/_location_card_lookbook.html.erb (Duration: 5.7ms | GC: 0.6ms)
  Rendered ui/_field.html.erb (Duration: 0.0ms | GC: 0.0ms)
  Rendered ui/_icon_button.html.erb (Duration: 0.0ms | GC: 0.0ms)
  Rendered ui/_badge.html.erb (Duration: 0.0ms | GC: 0.0ms)
  Rendered ui/_dropdown_menu.html.erb (Duration: 0.1ms | GC: 0.0ms)
  Rendered ui/_field.html.erb (Duration: 0.0ms | GC: 0.0ms)
  Rendered ui/_field.html.erb (Duration: 0.0ms | GC: 0.0ms)
  Rendered ui/_field.html.erb (Duration: 0.0ms | GC: 0.0ms)
  Rendered ui/_badge.html.erb (Duration: 0.0ms | GC: 0.0ms)
  Rendered ui/_field.html.erb (Duration: 0.1ms | GC: 0.0ms)
  Rendered ui/_field.html.erb (Duration: 0.0ms | GC: 0.0ms)
  Rendered ui/_field.html.erb (Duration: 0.0ms | GC: 0.0ms)
  Rendered ui/_button.html.erb (Duration: 0.0ms | GC: 0.0ms)
  Rendered ui/_badge.html.erb (Duration: 0.0ms | GC: 0.0ms)
  Rendered ui/_button.html.erb (Duration: 0.0ms | GC: 0.0ms)
  Rendered ui/_data_table.html.erb (Duration: 0.0ms | GC: 0.0ms)
  Rendered ui/_card.html.erb (Duration: 1.2ms | GC: 0.0ms)
  Rendered ui/_location_card_lookbook.html.erb (Duration: 1.4ms | GC: 0.0ms)
  Rendered ui/_field.html.erb (Duration: 0.0ms | GC: 0.0ms)
  Rendered ui/_icon_button.html.erb (Duration: 0.0ms | GC: 0.0ms)
  Rendered ui/_badge.html.erb (Duration: 0.0ms | GC: 0.0ms)
  Rendered ui/_dropdown_menu.html.erb (Duration: 0.4ms | GC: 0.3ms)
  Rendered ui/_field.html.erb (Duration: 0.0ms | GC: 0.0ms)
  Rendered ui/_field.html.erb (Duration: 0.0ms | GC: 0.0ms)
  Rendered ui/_field.html.erb (Duration: 0.0ms | GC: 0.0ms)
  Rendered ui/_badge.html.erb (Duration: 0.0ms | GC: 0.0ms)
  Rendered ui/_field.html.erb (Duration: 0.1ms | GC: 0.0ms)
  Rendered ui/_field.html.erb (Duration: 0.0ms | GC: 0.0ms)
  Rendered ui/_field.html.erb (Duration: 0.0ms | GC: 0.0ms)
  Rendered ui/_button.html.erb (Duration: 0.0ms | GC: 0.0ms)
  Rendered ui/_badge.html.erb (Duration: 0.0ms | GC: 0.0ms)
  Rendered ui/_button.html.erb (Duration: 0.0ms | GC: 0.0ms)
  Rendered ui/_data_table.html.erb (Duration: 0.0ms | GC: 0.0ms)
  Rendered ui/_card.html.erb (Duration: 2.0ms | GC: 0.8ms)
  Rendered ui/_location_card_lookbook.html.erb (Duration: 2.1ms | GC: 0.8ms)
  Rendered ui/_field.html.erb (Duration: 0.0ms | GC: 0.0ms)
  Rendered ui/_icon_button.html.erb (Duration: 0.0ms | GC: 0.0ms)
  Rendered ui/_badge.html.erb (Duration: 0.0ms | GC: 0.0ms)
  Rendered ui/_dropdown_menu.html.erb (Duration: 0.3ms | GC: 0.0ms)
  Rendered ui/_field.html.erb (Duration: 0.0ms | GC: 0.0ms)
  Rendered ui/_field.html.erb (Duration: 0.0ms | GC: 0.0ms)
  Rendered ui/_field.html.erb (Duration: 0.0ms | GC: 0.0ms)
  Rendered ui/_badge.html.erb (Duration: 0.0ms | GC: 0.0ms)
  Rendered ui/_field.html.erb (Duration: 0.1ms | GC: 0.0ms)
  Rendered ui/_field.html.erb (Duration: 0.0ms | GC: 0.0ms)
  Rendered ui/_field.html.erb (Duration: 0.0ms | GC: 0.0ms)
  Rendered ui/_button.html.erb (Duration: 0.0ms | GC: 0.0ms)
  Rendered ui/_badge.html.erb (Duration: 0.0ms | GC: 0.0ms)
  Rendered ui/_button.html.erb (Duration: 0.0ms | GC: 0.0ms)
  Rendered ui/_data_table.html.erb (Duration: 0.0ms | GC: 0.0ms)
  Rendered ui/_card.html.erb (Duration: 1.8ms | GC: 0.0ms)
  Rendered ui/_location_card_lookbook.html.erb (Duration: 1.9ms | GC: 0.0ms)
  Rendered ui/_field.html.erb (Duration: 0.0ms | GC: 0.0ms)
  Rendered ui/_icon_button.html.erb (Duration: 0.0ms | GC: 0.0ms)
  Rendered ui/_badge.html.erb (Duration: 0.0ms | GC: 0.0ms)
  Rendered ui/_dropdown_menu.html.erb (Duration: 0.1ms | GC: 0.0ms)
  Rendered ui/_field.html.erb (Duration: 0.0ms | GC: 0.0ms)
  Rendered ui/_field.html.erb (Duration: 0.0ms | GC: 0.0ms)
  Rendered ui/_field.html.erb (Duration: 0.0ms | GC: 0.0ms)
  Rendered ui/_badge.html.erb (Duration: 0.0ms | GC: 0.0ms)
  Rendered ui/_field.html.erb (Duration: 0.1ms | GC: 0.0ms)
  Rendered ui/_field.html.erb (Duration: 0.0ms | GC: 0.0ms)
  Rendered ui/_field.html.erb (Duration: 0.0ms | GC: 0.0ms)
  Rendered ui/_button.html.erb (Duration: 0.0ms | GC: 0.0ms)
  Rendered ui/_badge.html.erb (Duration: 0.0ms | GC: 0.0ms)
  Rendered ui/_button.html.erb (Duration: 0.0ms | GC: 0.0ms)
  Rendered ui/_data_table.html.erb (Duration: 0.0ms | GC: 0.0ms)
  Rendered ui/_card.html.erb (Duration: 2.9ms | GC: 1.1ms)
  Rendered ui/_location_card_lookbook.html.erb (Duration: 3.0ms | GC: 1.1ms)
  Rendered ui/_heading.html.erb (Duration: 0.0ms | GC: 0.0ms)
  Rendered ui/_field.html.erb (Duration: 0.0ms | GC: 0.0ms)
  Rendered ui/_icon_button.html.erb (Duration: 0.0ms | GC: 0.0ms)
  Rendered ui/_badge.html.erb (Duration: 0.0ms | GC: 0.0ms)
  Rendered ui/_dropdown_menu.html.erb (Duration: 0.1ms | GC: 0.0ms)
  Rendered ui/_field.html.erb (Duration: 0.0ms | GC: 0.0ms)
  Rendered ui/_field.html.erb (Duration: 0.0ms | GC: 0.0ms)
  Rendered ui/_field.html.erb (Duration: 0.0ms | GC: 0.0ms)
  Rendered ui/_badge.html.erb (Duration: 0.0ms | GC: 0.0ms)
  Rendered ui/_field.html.erb (Duration: 0.1ms | GC: 0.0ms)
  Rendered ui/_field.html.erb (Duration: 0.0ms | GC: 0.0ms)
  Rendered ui/_field.html.erb (Duration: 0.0ms | GC: 0.0ms)
  Rendered ui/_button.html.erb (Duration: 0.0ms | GC: 0.0ms)
  Rendered ui/_badge.html.erb (Duration: 0.0ms | GC: 0.0ms)
  Rendered ui/_button.html.erb (Duration: 0.0ms | GC: 0.0ms)
  Rendered ui/_data_table.html.erb (Duration: 0.0ms | GC: 0.0ms)
  Rendered ui/_card.html.erb (Duration: 1.2ms | GC: 0.0ms)
  Rendered ui/_location_card_lookbook.html.erb (Duration: 1.3ms | GC: 0.0ms)
  Rendered ui/_field.html.erb (Duration: 0.0ms | GC: 0.0ms)
  Rendered ui/_icon_button.html.erb (Duration: 0.0ms | GC: 0.0ms)
  Rendered ui/_badge.html.erb (Duration: 0.0ms | GC: 0.0ms)
  Rendered ui/_dropdown_menu.html.erb (Duration: 0.1ms | GC: 0.0ms)
  Rendered ui/_field.html.erb (Duration: 0.0ms | GC: 0.0ms)
  Rendered ui/_field.html.erb (Duration: 0.0ms | GC: 0.0ms)
  Rendered ui/_field.html.erb (Duration: 0.0ms | GC: 0.0ms)
  Rendered ui/_badge.html.erb (Duration: 0.0ms | GC: 0.0ms)
  Rendered ui/_field.html.erb (Duration: 0.1ms | GC: 0.0ms)
  Rendered ui/_field.html.erb (Duration: 0.0ms | GC: 0.0ms)
  Rendered ui/_field.html.erb (Duration: 0.0ms | GC: 0.0ms)
  Rendered ui/_button.html.erb (Duration: 0.0ms | GC: 0.0ms)
  Rendered ui/_badge.html.erb (Duration: 0.0ms | GC: 0.0ms)
  Rendered ui/_button.html.erb (Duration: 0.0ms | GC: 0.0ms)
  Rendered ui/_data_table.html.erb (Duration: 0.0ms | GC: 0.0ms)
  Rendered ui/_card.html.erb (Duration: 1.2ms | GC: 0.0ms)
  Rendered ui/_location_card_lookbook.html.erb (Duration: 1.2ms | GC: 0.0ms)
  Rendered ui/_field.html.erb (Duration: 0.0ms | GC: 0.0ms)
  Rendered ui/_icon_button.html.erb (Duration: 0.0ms | GC: 0.0ms)
  Rendered ui/_badge.html.erb (Duration: 0.0ms | GC: 0.0ms)
  Rendered ui/_dropdown_menu.html.erb (Duration: 0.1ms | GC: 0.0ms)
  Rendered ui/_field.html.erb (Duration: 0.0ms | GC: 0.0ms)
  Rendered ui/_field.html.erb (Duration: 0.0ms | GC: 0.0ms)
  Rendered ui/_field.html.erb (Duration: 0.0ms | GC: 0.0ms)
  Rendered ui/_badge.html.erb (Duration: 0.0ms | GC: 0.0ms)
  Rendered ui/_field.html.erb (Duration: 0.1ms | GC: 0.0ms)
  Rendered ui/_field.html.erb (Duration: 0.0ms | GC: 0.0ms)
  Rendered ui/_field.html.erb (Duration: 0.0ms | GC: 0.0ms)
  Rendered ui/_button.html.erb (Duration: 0.0ms | GC: 0.0ms)
  Rendered ui/_badge.html.erb (Duration: 0.0ms | GC: 0.0ms)
  Rendered ui/_button.html.erb (Duration: 0.0ms | GC: 0.0ms)
  Rendered ui/_data_table.html.erb (Duration: 0.0ms | GC: 0.0ms)
  Rendered ui/_card.html.erb (Duration: 1.2ms | GC: 0.0ms)
  Rendered ui/_location_card_lookbook.html.erb (Duration: 1.3ms | GC: 0.0ms)
  Rendered ui/_heading.html.erb (Duration: 0.0ms | GC: 0.0ms)
  Rendered ui/_field.html.erb (Duration: 0.0ms | GC: 0.0ms)
  Rendered ui/_icon_button.html.erb (Duration: 0.0ms | GC: 0.0ms)
  Rendered ui/_badge.html.erb (Duration: 0.0ms | GC: 0.0ms)
  Rendered ui/_dropdown_menu.html.erb (Duration: 0.1ms | GC: 0.0ms)
  Rendered ui/_field.html.erb (Duration: 0.0ms | GC: 0.0ms)
  Rendered ui/_field.html.erb (Duration: 0.0ms | GC: 0.0ms)
  Rendered ui/_field.html.erb (Duration: 0.0ms | GC: 0.0ms)
  Rendered ui/_badge.html.erb (Duration: 0.0ms | GC: 0.0ms)
  Rendered ui/_field.html.erb (Duration: 0.1ms | GC: 0.0ms)
  Rendered ui/_field.html.erb (Duration: 0.0ms | GC: 0.0ms)
  Rendered ui/_field.html.erb (Duration: 0.0ms | GC: 0.0ms)
  Rendered ui/_button.html.erb (Duration: 0.0ms | GC: 0.0ms)
  Rendered ui/_badge.html.erb (Duration: 0.0ms | GC: 0.0ms)
  Rendered ui/_button.html.erb (Duration: 0.0ms | GC: 0.0ms)
  Rendered ui/_data_table.html.erb (Duration: 0.0ms | GC: 0.0ms)
  Rendered ui/_card.html.erb (Duration: 1.3ms | GC: 0.0ms)
  Rendered ui/_location_card_lookbook.html.erb (Duration: 1.4ms | GC: 0.0ms)
  Rendered ui/_field.html.erb (Duration: 0.0ms | GC: 0.0ms)
  Rendered ui/_icon_button.html.erb (Duration: 0.0ms | GC: 0.0ms)
  Rendered ui/_badge.html.erb (Duration: 0.0ms | GC: 0.0ms)
  Rendered ui/_dropdown_menu.html.erb (Duration: 0.1ms | GC: 0.0ms)
  Rendered ui/_field.html.erb (Duration: 0.0ms | GC: 0.0ms)
  Rendered ui/_field.html.erb (Duration: 0.0ms | GC: 0.0ms)
  Rendered ui/_field.html.erb (Duration: 0.0ms | GC: 0.0ms)
  Rendered ui/_badge.html.erb (Duration: 0.0ms | GC: 0.0ms)
  Rendered ui/_field.html.erb (Duration: 0.1ms | GC: 0.0ms)
  Rendered ui/_field.html.erb (Duration: 0.0ms | GC: 0.0ms)
  Rendered ui/_field.html.erb (Duration: 0.0ms | GC: 0.0ms)
  Rendered ui/_button.html.erb (Duration: 0.0ms | GC: 0.0ms)
  Rendered ui/_badge.html.erb (Duration: 0.0ms | GC: 0.0ms)
  Rendered ui/_button.html.erb (Duration: 0.0ms | GC: 0.0ms)
  Rendered ui/_data_table.html.erb (Duration: 0.0ms | GC: 0.0ms)
  Rendered ui/_card.html.erb (Duration: 1.4ms | GC: 0.0ms)
  Rendered ui/_location_card_lookbook.html.erb (Duration: 1.5ms | GC: 0.0ms)
  Rendered ui/_field.html.erb (Duration: 0.0ms | GC: 0.0ms)
  Rendered ui/_icon_button.html.erb (Duration: 0.0ms | GC: 0.0ms)
  Rendered ui/_badge.html.erb (Duration: 0.0ms | GC: 0.0ms)
  Rendered ui/_dropdown_menu.html.erb (Duration: 0.1ms | GC: 0.0ms)
  Rendered ui/_field.html.erb (Duration: 0.0ms | GC: 0.0ms)
  Rendered ui/_field.html.erb (Duration: 0.0ms | GC: 0.0ms)
  Rendered ui/_field.html.erb (Duration: 0.0ms | GC: 0.0ms)
  Rendered ui/_badge.html.erb (Duration: 0.0ms | GC: 0.0ms)
  Rendered ui/_field.html.erb (Duration: 0.1ms | GC: 0.0ms)
  Rendered ui/_field.html.erb (Duration: 0.0ms | GC: 0.0ms)
  Rendered ui/_field.html.erb (Duration: 0.0ms | GC: 0.0ms)
  Rendered ui/_button.html.erb (Duration: 0.0ms | GC: 0.0ms)
  Rendered ui/_badge.html.erb (Duration: 0.0ms | GC: 0.0ms)
  Rendered ui/_button.html.erb (Duration: 0.0ms | GC: 0.0ms)
  Rendered ui/_data_table.html.erb (Duration: 0.0ms | GC: 0.0ms)
  Rendered ui/_card.html.erb (Duration: 1.3ms | GC: 0.0ms)
  Rendered ui/_location_card_lookbook.html.erb (Duration: 1.3ms | GC: 0.0ms)
  Rendered ui/_field.html.erb (Duration: 0.0ms | GC: 0.0ms)
  Rendered ui/_icon_button.html.erb (Duration: 0.0ms | GC: 0.0ms)
  Rendered ui/_badge.html.erb (Duration: 0.0ms | GC: 0.0ms)
  Rendered ui/_dropdown_menu.html.erb (Duration: 0.3ms | GC: 0.0ms)
  Rendered ui/_field.html.erb (Duration: 0.1ms | GC: 0.0ms)
  Rendered ui/_field.html.erb (Duration: 0.0ms | GC: 0.0ms)
  Rendered ui/_field.html.erb (Duration: 0.0ms | GC: 0.0ms)
  Rendered ui/_badge.html.erb (Duration: 0.0ms | GC: 0.0ms)
  Rendered ui/_field.html.erb (Duration: 0.1ms | GC: 0.0ms)
  Rendered ui/_field.html.erb (Duration: 0.0ms | GC: 0.0ms)
  Rendered ui/_field.html.erb (Duration: 0.0ms | GC: 0.0ms)
  Rendered ui/_button.html.erb (Duration: 0.0ms | GC: 0.0ms)
  Rendered ui/_badge.html.erb (Duration: 0.0ms | GC: 0.0ms)
  Rendered ui/_button.html.erb (Duration: 0.0ms | GC: 0.0ms)
  Rendered ui/_data_table.html.erb (Duration: 0.0ms | GC: 0.0ms)
  Rendered ui/_card.html.erb (Duration: 6.5ms | GC: 4.1ms)
  Rendered ui/_location_card_lookbook.html.erb (Duration: 6.6ms | GC: 4.1ms)
  Rendered ui/_base_layout.html.erb (Duration: 46.3ms | GC: 11.5ms)
  Rendered ui/previews/app_views/dashboard.html.erb (Duration: 47.0ms | GC: 11.5ms)
  Rendering html template
  Rendered html template (Duration: 0.0ms | GC: 0.0ms)
Completed 200 OK in 52ms (Views: 1.1ms | ActiveRecord: 0.0ms (0 queries, 0 cached) | GC: 11.5ms)


  Rendering layout /home/ivan/.local/share/mise/installs/ruby/3.3.7/lib/ruby/gems/3.3.0/gems/lookbook-2.3.14/app/views/layouts/lookbook/application.html.erb
  Rendering /home/ivan/.local/share/mise/installs/ruby/3.3.7/lib/ruby/gems/3.3.0/gems/lookbook-2.3.14/app/views/lookbook/inspector/show.html.erb within layouts/lookbook/application
  Rendered /home/ivan/.local/share/mise/installs/ruby/3.3.7/lib/ruby/gems/3.3.0/gems/lookbook-2.3.14/app/views/lookbook/inspector/panels/_preview.html.erb (Duration: 4.8ms | GC: 0.3ms)
  Rendered /home/ivan/.local/share/mise/installs/ruby/3.3.7/lib/ruby/gems/3.3.0/gems/lookbook-2.3.14/app/views/lookbook/inspector/panels/_output.html.erb (Duration: 306.3ms | GC: 30.6ms)
  Rendered /home/ivan/.local/share/mise/installs/ruby/3.3.7/lib/ruby/gems/3.3.0/gems/lookbook-2.3.14/app/views/lookbook/inspector/panels/_source.html.erb (Duration: 3.2ms | GC: 0.0ms)
  Rendered /home/ivan/.local/share/mise/installs/ruby/3.3.7/lib/ruby/gems/3.3.0/gems/lookbook-2.3.14/app/views/lookbook/inspector/panels/_notes.html.erb (Duration: 2.0ms | GC: 0.0ms)
  Rendered /home/ivan/.local/share/mise/installs/ruby/3.3.7/lib/ruby/gems/3.3.0/gems/lookbook-2.3.14/app/views/lookbook/inspector/panels/_params.html.erb (Duration: 0.6ms | GC: 0.0ms)
  Rendered /home/ivan/.local/share/mise/installs/ruby/3.3.7/lib/ruby/gems/3.3.0/gems/lookbook-2.3.14/app/views/lookbook/inspector/show.html.erb within layouts/lookbook/application (Duration: 948.6ms | GC: 171.6ms)
  Rendered layout /home/ivan/.local/share/mise/installs/ruby/3.3.7/lib/ruby/gems/3.3.0/gems/lookbook-2.3.14/app/views/layouts/lookbook/application.html.erb (Duration: 949.3ms | GC: 171.6ms)
Completed 200 OK in 1019ms (Views: 950.2ms | ActiveRecord: 0.0ms (0 queries, 0 cached) | GC: 183.3ms)


Started GET "/lookbook/preview/app_views/dashboard/default?_display=%257B%257D&lookbook_timestamp=2026-04-24+12%3A24%3A03+-0400" for 127.0.0.1 at 2026-04-24 12:24:03 -0400
Processing by Lookbook::PreviewsController#show as HTML
  Parameters: {"_display"=>"%7B%7D", "lookbook_timestamp"=>"2026-04-24 12:24:03 -0400", "path"=>"app_views/dashboard/default"}
Processing by Lookbook::PreviewController#render_scenario_to_string as HTML
  Parameters: {"_display"=>"%7B%7D", "lookbook_timestamp"=>"2026-04-24 12:24:03 -0400", "path"=>"app_views/dashboard/default"}
  Rendering ui/previews/app_views/dashboard.html.erb
  Rendered ui/_sidebar_menu_item.html.erb (Duration: 0.1ms | GC: 0.0ms)
  Rendered ui/_sidebar_menu_item.html.erb (Duration: 0.1ms | GC: 0.0ms)
  Rendered ui/_sidebar_menu_item.html.erb (Duration: 0.1ms | GC: 0.0ms)
  Rendered ui/_sidebar_menu_item.html.erb (Duration: 0.1ms | GC: 0.0ms)
  Rendered ui/_sidebar_menu_item.html.erb (Duration: 0.1ms | GC: 0.0ms)
  Rendered ui/_sidebar_menu_item.html.erb (Duration: 0.1ms | GC: 0.0ms)
  Rendered ui/_sidebar_menu_item.html.erb (Duration: 0.1ms | GC: 0.0ms)
  Rendered ui/_sidebar_menu_item.html.erb (Duration: 0.1ms | GC: 0.0ms)
  Rendered ui/_sidebar_menu_item.html.erb (Duration: 0.1ms | GC: 0.0ms)
  Rendered ui/_sidebar_menu_item.html.erb (Duration: 0.1ms | GC: 0.0ms)
  Rendered ui/_sidebar_menu_item.html.erb (Duration: 0.1ms | GC: 0.0ms)
  Rendered ui/_sidebar_menu_item.html.erb (Duration: 0.1ms | GC: 0.0ms)
  Rendered ui/_sidebar_menu_item.html.erb (Duration: 0.1ms | GC: 0.0ms)
  Rendered ui/_sidebar.html.erb (Duration: 2.8ms | GC: 0.0ms)
  Rendered ui/_heading.html.erb (Duration: 0.0ms | GC: 0.0ms)
  Rendered ui/_field.html.erb (Duration: 0.0ms | GC: 0.0ms)
  Rendered ui/_icon_button.html.erb (Duration: 0.0ms | GC: 0.0ms)
  Rendered ui/_badge.html.erb (Duration: 0.0ms | GC: 0.0ms)
  Rendered ui/_dropdown_menu.html.erb (Duration: 0.2ms | GC: 0.0ms)
  Rendered ui/_field.html.erb (Duration: 0.0ms | GC: 0.0ms)
  Rendered ui/_field.html.erb (Duration: 0.0ms | GC: 0.0ms)
  Rendered ui/_field.html.erb (Duration: 0.0ms | GC: 0.0ms)
  Rendered ui/_badge.html.erb (Duration: 0.0ms | GC: 0.0ms)
  Rendered ui/_field.html.erb (Duration: 0.1ms | GC: 0.0ms)
  Rendered ui/_field.html.erb (Duration: 0.0ms | GC: 0.0ms)
  Rendered ui/_field.html.erb (Duration: 0.0ms | GC: 0.0ms)
  Rendered ui/_button.html.erb (Duration: 0.0ms | GC: 0.0ms)
  Rendered ui/_badge.html.erb (Duration: 0.0ms | GC: 0.0ms)
  Rendered ui/_button.html.erb (Duration: 0.0ms | GC: 0.0ms)
  Rendered ui/_data_table.html.erb (Duration: 0.0ms | GC: 0.0ms)
  Rendered ui/_card.html.erb (Duration: 2.2ms | GC: 0.0ms)
  Rendered ui/_location_card_lookbook.html.erb (Duration: 2.3ms | GC: 0.0ms)
  Rendered ui/_field.html.erb (Duration: 0.0ms | GC: 0.0ms)
  Rendered ui/_icon_button.html.erb (Duration: 0.0ms | GC: 0.0ms)
  Rendered ui/_badge.html.erb (Duration: 0.2ms | GC: 0.0ms)
  Rendered ui/_dropdown_menu.html.erb (Duration: 0.2ms | GC: 0.0ms)
  Rendered ui/_field.html.erb (Duration: 0.0ms | GC: 0.0ms)
  Rendered ui/_field.html.erb (Duration: 0.0ms | GC: 0.0ms)
  Rendered ui/_field.html.erb (Duration: 0.0ms | GC: 0.0ms)
  Rendered ui/_badge.html.erb (Duration: 0.0ms | GC: 0.0ms)
  Rendered ui/_field.html.erb (Duration: 0.1ms | GC: 0.0ms)
  Rendered ui/_field.html.erb (Duration: 0.0ms | GC: 0.0ms)
  Rendered ui/_field.html.erb (Duration: 0.0ms | GC: 0.0ms)
  Rendered ui/_button.html.erb (Duration: 0.0ms | GC: 0.0ms)
  Rendered ui/_badge.html.erb (Duration: 0.0ms | GC: 0.0ms)
  Rendered ui/_button.html.erb (Duration: 0.0ms | GC: 0.0ms)
  Rendered ui/_data_table.html.erb (Duration: 0.0ms | GC: 0.0ms)
  Rendered ui/_card.html.erb (Duration: 2.1ms | GC: 0.0ms)
  Rendered ui/_location_card_lookbook.html.erb (Duration: 2.2ms | GC: 0.0ms)
  Rendered ui/_field.html.erb (Duration: 0.0ms | GC: 0.0ms)
  Rendered ui/_icon_button.html.erb (Duration: 0.0ms | GC: 0.0ms)
  Rendered ui/_badge.html.erb (Duration: 0.0ms | GC: 0.0ms)
  Rendered ui/_dropdown_menu.html.erb (Duration: 0.2ms | GC: 0.0ms)
  Rendered ui/_field.html.erb (Duration: 0.0ms | GC: 0.0ms)
  Rendered ui/_field.html.erb (Duration: 0.0ms | GC: 0.0ms)
  Rendered ui/_field.html.erb (Duration: 0.0ms | GC: 0.0ms)
  Rendered ui/_badge.html.erb (Duration: 0.0ms | GC: 0.0ms)
  Rendered ui/_field.html.erb (Duration: 0.1ms | GC: 0.0ms)
  Rendered ui/_field.html.erb (Duration: 0.0ms | GC: 0.0ms)
  Rendered ui/_field.html.erb (Duration: 0.0ms | GC: 0.0ms)
  Rendered ui/_button.html.erb (Duration: 0.0ms | GC: 0.0ms)
  Rendered ui/_badge.html.erb (Duration: 0.0ms | GC: 0.0ms)
  Rendered ui/_button.html.erb (Duration: 0.0ms | GC: 0.0ms)
  Rendered ui/_data_table.html.erb (Duration: 0.6ms | GC: 0.0ms)
  Rendered ui/_card.html.erb (Duration: 2.5ms | GC: 0.0ms)
  Rendered ui/_location_card_lookbook.html.erb (Duration: 2.7ms | GC: 0.0ms)
  Rendered ui/_field.html.erb (Duration: 0.0ms | GC: 0.0ms)
  Rendered ui/_icon_button.html.erb (Duration: 0.0ms | GC: 0.0ms)
  Rendered ui/_badge.html.erb (Duration: 0.0ms | GC: 0.0ms)
  Rendered ui/_dropdown_menu.html.erb (Duration: 0.2ms | GC: 0.0ms)
  Rendered ui/_field.html.erb (Duration: 0.0ms | GC: 0.0ms)
  Rendered ui/_field.html.erb (Duration: 0.0ms | GC: 0.0ms)
  Rendered ui/_field.html.erb (Duration: 0.0ms | GC: 0.0ms)
  Rendered ui/_badge.html.erb (Duration: 0.0ms | GC: 0.0ms)
  Rendered ui/_field.html.erb (Duration: 0.1ms | GC: 0.0ms)
  Rendered ui/_field.html.erb (Duration: 0.0ms | GC: 0.0ms)
  Rendered ui/_field.html.erb (Duration: 0.0ms | GC: 0.0ms)
  Rendered ui/_button.html.erb (Duration: 0.0ms | GC: 0.0ms)
  Rendered ui/_badge.html.erb (Duration: 0.0ms | GC: 0.0ms)
  Rendered ui/_button.html.erb (Duration: 0.0ms | GC: 0.0ms)
  Rendered ui/_data_table.html.erb (Duration: 0.4ms | GC: 0.4ms)
  Rendered ui/_card.html.erb (Duration: 2.8ms | GC: 0.8ms)
  Rendered ui/_location_card_lookbook.html.erb (Duration: 2.9ms | GC: 0.8ms)
  Rendered ui/_field.html.erb (Duration: 0.0ms | GC: 0.0ms)
  Rendered ui/_icon_button.html.erb (Duration: 0.0ms | GC: 0.0ms)
  Rendered ui/_badge.html.erb (Duration: 0.0ms | GC: 0.0ms)
  Rendered ui/_dropdown_menu.html.erb (Duration: 0.2ms | GC: 0.0ms)
  Rendered ui/_field.html.erb (Duration: 0.0ms | GC: 0.0ms)
  Rendered ui/_field.html.erb (Duration: 0.0ms | GC: 0.0ms)
  Rendered ui/_field.html.erb (Duration: 0.0ms | GC: 0.0ms)
  Rendered ui/_badge.html.erb (Duration: 0.0ms | GC: 0.0ms)
  Rendered ui/_field.html.erb (Duration: 0.2ms | GC: 0.0ms)
  Rendered ui/_field.html.erb (Duration: 0.0ms | GC: 0.0ms)
  Rendered ui/_field.html.erb (Duration: 0.0ms | GC: 0.0ms)
  Rendered ui/_button.html.erb (Duration: 0.0ms | GC: 0.0ms)
  Rendered ui/_badge.html.erb (Duration: 0.0ms | GC: 0.0ms)
  Rendered ui/_button.html.erb (Duration: 0.0ms | GC: 0.0ms)
  Rendered ui/_data_table.html.erb (Duration: 0.0ms | GC: 0.0ms)
  Rendered ui/_card.html.erb (Duration: 3.8ms | GC: 0.0ms)
  Rendered ui/_location_card_lookbook.html.erb (Duration: 3.9ms | GC: 0.0ms)
  Rendered ui/_heading.html.erb (Duration: 0.0ms | GC: 0.0ms)
  Rendered ui/_field.html.erb (Duration: 0.0ms | GC: 0.0ms)
  Rendered ui/_icon_button.html.erb (Duration: 0.0ms | GC: 0.0ms)
  Rendered ui/_badge.html.erb (Duration: 0.0ms | GC: 0.0ms)
  Rendered ui/_dropdown_menu.html.erb (Duration: 0.2ms | GC: 0.0ms)
  Rendered ui/_field.html.erb (Duration: 0.0ms | GC: 0.0ms)
  Rendered ui/_field.html.erb (Duration: 0.0ms | GC: 0.0ms)
  Rendered ui/_field.html.erb (Duration: 0.0ms | GC: 0.0ms)
  Rendered ui/_badge.html.erb (Duration: 0.0ms | GC: 0.0ms)
  Rendered ui/_field.html.erb (Duration: 0.1ms | GC: 0.0ms)
  Rendered ui/_field.html.erb (Duration: 0.0ms | GC: 0.0ms)
  Rendered ui/_field.html.erb (Duration: 0.0ms | GC: 0.0ms)
  Rendered ui/_button.html.erb (Duration: 0.0ms | GC: 0.0ms)
  Rendered ui/_badge.html.erb (Duration: 0.0ms | GC: 0.0ms)
  Rendered ui/_button.html.erb (Duration: 0.0ms | GC: 0.0ms)
  Rendered ui/_data_table.html.erb (Duration: 0.0ms | GC: 0.0ms)
  Rendered ui/_card.html.erb (Duration: 2.0ms | GC: 0.0ms)
  Rendered ui/_location_card_lookbook.html.erb (Duration: 2.1ms | GC: 0.0ms)
  Rendered ui/_field.html.erb (Duration: 0.0ms | GC: 0.0ms)
  Rendered ui/_icon_button.html.erb (Duration: 0.0ms | GC: 0.0ms)
  Rendered ui/_badge.html.erb (Duration: 0.0ms | GC: 0.0ms)
  Rendered ui/_dropdown_menu.html.erb (Duration: 0.2ms | GC: 0.0ms)
  Rendered ui/_field.html.erb (Duration: 0.0ms | GC: 0.0ms)
  Rendered ui/_field.html.erb (Duration: 0.0ms | GC: 0.0ms)
  Rendered ui/_field.html.erb (Duration: 0.0ms | GC: 0.0ms)
  Rendered ui/_badge.html.erb (Duration: 0.2ms | GC: 0.0ms)
  Rendered ui/_field.html.erb (Duration: 0.3ms | GC: 0.0ms)
  Rendered ui/_field.html.erb (Duration: 0.0ms | GC: 0.0ms)
  Rendered ui/_field.html.erb (Duration: 0.0ms | GC: 0.0ms)
  Rendered ui/_button.html.erb (Duration: 0.0ms | GC: 0.0ms)
  Rendered ui/_badge.html.erb (Duration: 0.0ms | GC: 0.0ms)
  Rendered ui/_button.html.erb (Duration: 0.0ms | GC: 0.0ms)
  Rendered ui/_data_table.html.erb (Duration: 0.0ms | GC: 0.0ms)
  Rendered ui/_card.html.erb (Duration: 2.3ms | GC: 0.0ms)
  Rendered ui/_location_card_lookbook.html.erb (Duration: 2.4ms | GC: 0.0ms)
  Rendered ui/_field.html.erb (Duration: 0.0ms | GC: 0.0ms)
  Rendered ui/_icon_button.html.erb (Duration: 0.0ms | GC: 0.0ms)
  Rendered ui/_badge.html.erb (Duration: 0.0ms | GC: 0.0ms)
  Rendered ui/_dropdown_menu.html.erb (Duration: 0.2ms | GC: 0.0ms)
  Rendered ui/_field.html.erb (Duration: 0.0ms | GC: 0.0ms)
  Rendered ui/_field.html.erb (Duration: 0.0ms | GC: 0.0ms)
  Rendered ui/_field.html.erb (Duration: 0.0ms | GC: 0.0ms)
  Rendered ui/_badge.html.erb (Duration: 0.0ms | GC: 0.0ms)
  Rendered ui/_field.html.erb (Duration: 0.1ms | GC: 0.0ms)
  Rendered ui/_field.html.erb (Duration: 0.0ms | GC: 0.0ms)
  Rendered ui/_field.html.erb (Duration: 0.0ms | GC: 0.0ms)
  Rendered ui/_button.html.erb (Duration: 0.0ms | GC: 0.0ms)
  Rendered ui/_badge.html.erb (Duration: 0.0ms | GC: 0.0ms)
  Rendered ui/_button.html.erb (Duration: 0.0ms | GC: 0.0ms)
  Rendered ui/_data_table.html.erb (Duration: 0.0ms | GC: 0.0ms)
  Rendered ui/_card.html.erb (Duration: 2.3ms | GC: 0.3ms)
  Rendered ui/_location_card_lookbook.html.erb (Duration: 2.4ms | GC: 0.3ms)
  Rendered ui/_heading.html.erb (Duration: 0.1ms | GC: 0.0ms)
  Rendered ui/_field.html.erb (Duration: 0.1ms | GC: 0.0ms)
  Rendered ui/_icon_button.html.erb (Duration: 0.0ms | GC: 0.0ms)
  Rendered ui/_badge.html.erb (Duration: 0.0ms | GC: 0.0ms)
  Rendered ui/_dropdown_menu.html.erb (Duration: 0.2ms | GC: 0.0ms)
  Rendered ui/_field.html.erb (Duration: 0.0ms | GC: 0.0ms)
  Rendered ui/_field.html.erb (Duration: 0.0ms | GC: 0.0ms)
  Rendered ui/_field.html.erb (Duration: 0.0ms | GC: 0.0ms)
  Rendered ui/_badge.html.erb (Duration: 0.0ms | GC: 0.0ms)
  Rendered ui/_field.html.erb (Duration: 0.1ms | GC: 0.0ms)
  Rendered ui/_field.html.erb (Duration: 0.0ms | GC: 0.0ms)
  Rendered ui/_field.html.erb (Duration: 0.0ms | GC: 0.0ms)
  Rendered ui/_button.html.erb (Duration: 0.0ms | GC: 0.0ms)
  Rendered ui/_badge.html.erb (Duration: 0.0ms | GC: 0.0ms)
  Rendered ui/_button.html.erb (Duration: 0.0ms | GC: 0.0ms)
  Rendered ui/_data_table.html.erb (Duration: 0.0ms | GC: 0.0ms)
  Rendered ui/_card.html.erb (Duration: 2.7ms | GC: 0.0ms)
  Rendered ui/_location_card_lookbook.html.erb (Duration: 3.0ms | GC: 0.0ms)
  Rendered ui/_field.html.erb (Duration: 0.0ms | GC: 0.0ms)
  Rendered ui/_icon_button.html.erb (Duration: 0.0ms | GC: 0.0ms)
  Rendered ui/_badge.html.erb (Duration: 0.0ms | GC: 0.0ms)
  Rendered ui/_dropdown_menu.html.erb (Duration: 0.2ms | GC: 0.0ms)
  Rendered ui/_field.html.erb (Duration: 0.0ms | GC: 0.0ms)
  Rendered ui/_field.html.erb (Duration: 0.0ms | GC: 0.0ms)
  Rendered ui/_field.html.erb (Duration: 0.0ms | GC: 0.0ms)
  Rendered ui/_badge.html.erb (Duration: 0.0ms | GC: 0.0ms)
  Rendered ui/_field.html.erb (Duration: 0.1ms | GC: 0.0ms)
  Rendered ui/_field.html.erb (Duration: 0.0ms | GC: 0.0ms)
  Rendered ui/_field.html.erb (Duration: 0.0ms | GC: 0.0ms)
  Rendered ui/_button.html.erb (Duration: 0.0ms | GC: 0.0ms)
  Rendered ui/_badge.html.erb (Duration: 0.0ms | GC: 0.0ms)
  Rendered ui/_button.html.erb (Duration: 0.0ms | GC: 0.0ms)
  Rendered ui/_data_table.html.erb (Duration: 0.0ms | GC: 0.0ms)
  Rendered ui/_card.html.erb (Duration: 2.4ms | GC: 0.0ms)
  Rendered ui/_location_card_lookbook.html.erb (Duration: 2.5ms | GC: 0.0ms)
  Rendered ui/_field.html.erb (Duration: 0.0ms | GC: 0.0ms)
  Rendered ui/_icon_button.html.erb (Duration: 0.0ms | GC: 0.0ms)
  Rendered ui/_badge.html.erb (Duration: 0.0ms | GC: 0.0ms)
  Rendered ui/_dropdown_menu.html.erb (Duration: 0.2ms | GC: 0.0ms)
  Rendered ui/_field.html.erb (Duration: 0.0ms | GC: 0.0ms)
  Rendered ui/_field.html.erb (Duration: 0.0ms | GC: 0.0ms)
  Rendered ui/_field.html.erb (Duration: 0.0ms | GC: 0.0ms)
  Rendered ui/_badge.html.erb (Duration: 0.0ms | GC: 0.0ms)
  Rendered ui/_field.html.erb (Duration: 0.1ms | GC: 0.0ms)
  Rendered ui/_field.html.erb (Duration: 0.0ms | GC: 0.0ms)
  Rendered ui/_field.html.erb (Duration: 0.0ms | GC: 0.0ms)
  Rendered ui/_button.html.erb (Duration: 0.0ms | GC: 0.0ms)
  Rendered ui/_badge.html.erb (Duration: 0.0ms | GC: 0.0ms)
  Rendered ui/_button.html.erb (Duration: 0.0ms | GC: 0.0ms)
  Rendered ui/_data_table.html.erb (Duration: 0.0ms | GC: 0.0ms)
  Rendered ui/_card.html.erb (Duration: 2.2ms | GC: 0.3ms)
  Rendered ui/_location_card_lookbook.html.erb (Duration: 2.5ms | GC: 0.3ms)
  Rendered ui/_field.html.erb (Duration: 0.0ms | GC: 0.0ms)
  Rendered ui/_icon_button.html.erb (Duration: 0.0ms | GC: 0.0ms)
  Rendered ui/_badge.html.erb (Duration: 0.0ms | GC: 0.0ms)
  Rendered ui/_dropdown_menu.html.erb (Duration: 0.2ms | GC: 0.0ms)
  Rendered ui/_field.html.erb (Duration: 0.0ms | GC: 0.0ms)
  Rendered ui/_field.html.erb (Duration: 0.0ms | GC: 0.0ms)
  Rendered ui/_field.html.erb (Duration: 0.0ms | GC: 0.0ms)
  Rendered ui/_badge.html.erb (Duration: 0.0ms | GC: 0.0ms)
  Rendered ui/_field.html.erb (Duration: 0.1ms | GC: 0.0ms)
  Rendered ui/_field.html.erb (Duration: 0.0ms | GC: 0.0ms)
  Rendered ui/_field.html.erb (Duration: 0.0ms | GC: 0.0ms)
  Rendered ui/_button.html.erb (Duration: 0.0ms | GC: 0.0ms)
  Rendered ui/_badge.html.erb (Duration: 0.0ms | GC: 0.0ms)
  Rendered ui/_button.html.erb (Duration: 0.0ms | GC: 0.0ms)
  Rendered ui/_data_table.html.erb (Duration: 0.0ms | GC: 0.0ms)
  Rendered ui/_card.html.erb (Duration: 1.9ms | GC: 0.0ms)
  Rendered ui/_location_card_lookbook.html.erb (Duration: 2.0ms | GC: 0.0ms)
  Rendered ui/_base_layout.html.erb (Duration: 36.3ms | GC: 1.5ms)
  Rendered ui/previews/app_views/dashboard.html.erb (Duration: 36.5ms | GC: 1.5ms)
  Rendering html template
  Rendered html template (Duration: 0.0ms | GC: 0.0ms)
Completed 200 OK in 38ms (Views: 0.3ms | ActiveRecord: 0.0ms (0 queries, 0 cached) | GC: 1.5ms)


Processing by Lookbook::PreviewController#render_in_layout_to_string as HTML
  Parameters: {"_display"=>"%7B%7D", "lookbook_timestamp"=>"2026-04-24 12:24:03 -0400", "path"=>"app_views/dashboard/default"}
Completed 500 Internal Server Error in 3ms (Views: 0.3ms | ActiveRecord: 0.0ms (0 queries, 0 cached) | GC: 0.1ms)


rescue_from handled ActionView::MissingTemplate (Missing template layouts/lookbook with {:locale=>[:en], :formats=>[:html], :variants=>[], :handlers=>[:raw, :erb, :html, :builder, :ruby, :jbuilder]}.

Searched in:
  * "/home/ivan/Documents/code/arbolitics/frontend/arbolitics_design_system/app/views"
  * "/home/ivan/Documents/code/arbolitics/frontend/arbolitics_design_system/test/components/previews"
  * "/home/ivan/Documents/code/arbolitics/frontend/arbolitics_design_system/app/views"
  * "/home/ivan/.local/share/mise/installs/ruby/3.3.7/lib/ruby/gems/3.3.0/gems/lookbook-2.3.14/app/views"
  * "/home/ivan/.local/share/mise/installs/ruby/3.3.7/lib/ruby/gems/3.3.0/gems/railties-8.1.3/lib/rails/templates"
  * "/home/ivan/Documents/code/arbolitics/frontend/arbolitics_design_system/app/views"
  * "/home/ivan/.local/share/mise/installs/ruby/3.3.7/lib/ruby/gems/3.3.0/gems/view_component-4.8.0/app/views"
  * "/home/ivan/.local/share/mise/installs/ruby/3.3.7/lib/ruby/gems/3.3.0/gems/lookbook-2.3.14/app/views"
  * "/home/ivan/.local/share/mise/installs/ruby/3.3.7/lib/ruby/gems/3.3.0/gems/turbo-rails-2.0.23/app/views"
  * "/home/ivan/.local/share/mise/installs/ruby/3.3.7/lib/ruby/gems/3.3.0/gems/actiontext-8.1.3/app/views"
  * "/home/ivan/.local/share/mise/installs/ruby/3.3.7/lib/ruby/gems/3.3.0/gems/actionmailbox-8.1.3/app/views"
) - /home/ivan/.local/share/mise/installs/ruby/3.3.7/lib/ruby/gems/3.3.0/gems/actionview-8.1.3/lib/action_view/path_set.rb:42:in `find'
  Rendering layout /home/ivan/.local/share/mise/installs/ruby/3.3.7/lib/ruby/gems/3.3.0/gems/lookbook-2.3.14/app/views/layouts/lookbook/skeleton.html.erb
  Rendering /home/ivan/.local/share/mise/installs/ruby/3.3.7/lib/ruby/gems/3.3.0/gems/lookbook-2.3.14/app/views/lookbook/errors/default.html.erb within layouts/lookbook/skeleton
  Rendered /home/ivan/.local/share/mise/installs/ruby/3.3.7/lib/ruby/gems/3.3.0/gems/lookbook-2.3.14/app/views/lookbook/errors/default.html.erb within layouts/lookbook/skeleton (Duration: 27.0ms | GC: 2.2ms)
  Rendered layout /home/ivan/.local/share/mise/installs/ruby/3.3.7/lib/ruby/gems/3.3.0/gems/lookbook-2.3.14/app/views/layouts/lookbook/skeleton.html.erb (Duration: 34.3ms | GC: 2.2ms)
Completed 500 Internal Server Error in 81ms (Views: 35.2ms | ActiveRecord: 0.0ms (0 queries, 0 cached) | GC: 3.8ms)


Started GET "/lookbook-assets/SourceCodeVariable-Roman.ttf.118e9f22.woff2" for 127.0.0.1 at 2026-04-24 12:24:03 -0400
Started GET "/lookbook-assets/css/themes/indigo.css?v=2.3.14" for 127.0.0.1 at 2026-04-24 12:24:03 -0400
Started GET "/lookbook-assets/js/index.js?v=2.3.14" for 127.0.0.1 at 2026-04-24 12:24:03 -0400
Started GET "/lookbook-assets/css/lookbook.css?v=2.3.14" for 127.0.0.1 at 2026-04-24 12:24:03 -0400
Started GET "/lookbook-assets/js/lookbook.js?v=2.3.14" for 127.0.0.1 at 2026-04-24 12:24:03 -0400
Started GET "/lookbook-assets/Inter-roman.var.b695afbe.woff2" for 127.0.0.1 at 2026-04-24 12:24:04 -0400
Started GET "/lookbook-assets/SourceCodeVariable-Roman.ttf.118e9f22.woff2" for 127.0.0.1 at 2026-04-24 12:24:04 -0400
Started GET "/lookbook/inspect/drawer/default" for 127.0.0.1 at 2026-04-24 12:24:06 -0400
Processing by Lookbook::InspectorController#show as */*
  Parameters: {"path"=>"drawer/default"}
Processing by Lookbook::PreviewController#render_scenario_to_string as */*
  Parameters: {"path"=>"drawer/default"}
  Rendering /home/ivan/.local/share/mise/installs/ruby/3.3.7/lib/ruby/gems/3.3.0/gems/lookbook-2.3.14/app/views/lookbook/previews/preview.html.erb
  Rendered ui/_badge.html.erb (Duration: 0.0ms | GC: 0.0ms)
  Rendered ui/_drawer.html.erb (Duration: 0.4ms | GC: 0.0ms)
  Rendered ui/_drawer_default.html.erb (Duration: 0.8ms | GC: 0.0ms)
  Rendered /home/ivan/.local/share/mise/installs/ruby/3.3.7/lib/ruby/gems/3.3.0/gems/lookbook-2.3.14/app/views/lookbook/previews/preview.html.erb (Duration: 1.3ms | GC: 0.0ms)
  Rendering html template
  Rendered html template (Duration: 0.0ms | GC: 0.0ms)
Completed 200 OK in 2ms (Views: 0.2ms | ActiveRecord: 0.0ms (0 queries, 0 cached) | GC: 0.0ms)


  Rendering layout /home/ivan/.local/share/mise/installs/ruby/3.3.7/lib/ruby/gems/3.3.0/gems/lookbook-2.3.14/app/views/layouts/lookbook/application.html.erb
  Rendering /home/ivan/.local/share/mise/installs/ruby/3.3.7/lib/ruby/gems/3.3.0/gems/lookbook-2.3.14/app/views/lookbook/inspector/show.html.erb within layouts/lookbook/application
  Rendered /home/ivan/.local/share/mise/installs/ruby/3.3.7/lib/ruby/gems/3.3.0/gems/lookbook-2.3.14/app/views/lookbook/inspector/panels/_preview.html.erb (Duration: 1.6ms | GC: 0.0ms)
  Rendered /home/ivan/.local/share/mise/installs/ruby/3.3.7/lib/ruby/gems/3.3.0/gems/lookbook-2.3.14/app/views/lookbook/inspector/panels/_output.html.erb (Duration: 12.6ms | GC: 0.0ms)
  Rendered /home/ivan/.local/share/mise/installs/ruby/3.3.7/lib/ruby/gems/3.3.0/gems/lookbook-2.3.14/app/views/lookbook/inspector/panels/_source.html.erb (Duration: 0.7ms | GC: 0.0ms)
  Rendered /home/ivan/.local/share/mise/installs/ruby/3.3.7/lib/ruby/gems/3.3.0/gems/lookbook-2.3.14/app/views/lookbook/inspector/panels/_notes.html.erb (Duration: 1.0ms | GC: 0.0ms)
  Rendered /home/ivan/.local/share/mise/installs/ruby/3.3.7/lib/ruby/gems/3.3.0/gems/lookbook-2.3.14/app/views/lookbook/inspector/panels/_params.html.erb (Duration: 1.5ms | GC: 0.0ms)
  Rendered /home/ivan/.local/share/mise/installs/ruby/3.3.7/lib/ruby/gems/3.3.0/gems/lookbook-2.3.14/app/views/lookbook/inspector/show.html.erb within layouts/lookbook/application (Duration: 73.9ms | GC: 17.6ms)
  Rendered layout /home/ivan/.local/share/mise/installs/ruby/3.3.7/lib/ruby/gems/3.3.0/gems/lookbook-2.3.14/app/views/layouts/lookbook/application.html.erb (Duration: 74.1ms | GC: 17.6ms)
Completed 200 OK in 78ms (Views: 74.4ms | ActiveRecord: 0.0ms (0 queries, 0 cached) | GC: 17.6ms)


Started GET "/lookbook/preview/drawer/default?_display=%257B%257D&lookbook_timestamp=2026-04-24+12%3A24%3A06+-0400" for 127.0.0.1 at 2026-04-24 12:24:06 -0400
Processing by Lookbook::PreviewsController#show as HTML
  Parameters: {"_display"=>"%7B%7D", "lookbook_timestamp"=>"2026-04-24 12:24:06 -0400", "path"=>"drawer/default"}
Processing by Lookbook::PreviewController#render_scenario_to_string as HTML
  Parameters: {"_display"=>"%7B%7D", "lookbook_timestamp"=>"2026-04-24 12:24:06 -0400", "path"=>"drawer/default"}
  Rendering /home/ivan/.local/share/mise/installs/ruby/3.3.7/lib/ruby/gems/3.3.0/gems/lookbook-2.3.14/app/views/lookbook/previews/preview.html.erb
  Rendered ui/_badge.html.erb (Duration: 0.0ms | GC: 0.0ms)
  Rendered ui/_drawer.html.erb (Duration: 0.2ms | GC: 0.0ms)
  Rendered ui/_drawer_default.html.erb (Duration: 0.3ms | GC: 0.0ms)
  Rendered /home/ivan/.local/share/mise/installs/ruby/3.3.7/lib/ruby/gems/3.3.0/gems/lookbook-2.3.14/app/views/lookbook/previews/preview.html.erb (Duration: 0.4ms | GC: 0.0ms)
  Rendering html template
  Rendered html template (Duration: 0.0ms | GC: 0.0ms)
Completed 200 OK in 2ms (Views: 0.3ms | ActiveRecord: 0.0ms (0 queries, 0 cached) | GC: 0.0ms)


Processing by Lookbook::PreviewController#render_in_layout_to_string as HTML
  Parameters: {"_display"=>"%7B%7D", "lookbook_timestamp"=>"2026-04-24 12:24:06 -0400", "path"=>"drawer/default"}
Completed 500 Internal Server Error in 1ms (Views: 0.3ms | ActiveRecord: 0.0ms (0 queries, 0 cached) | GC: 0.0ms)


rescue_from handled ActionView::MissingTemplate (Missing template layouts/lookbook with {:locale=>[:en], :formats=>[:html], :variants=>[], :handlers=>[:raw, :erb, :html, :builder, :ruby, :jbuilder]}.

Searched in:
  * "/home/ivan/Documents/code/arbolitics/frontend/arbolitics_design_system/app/views"
  * "/home/ivan/Documents/code/arbolitics/frontend/arbolitics_design_system/test/components/previews"
  * "/home/ivan/Documents/code/arbolitics/frontend/arbolitics_design_system/app/views"
  * "/home/ivan/.local/share/mise/installs/ruby/3.3.7/lib/ruby/gems/3.3.0/gems/lookbook-2.3.14/app/views"
  * "/home/ivan/.local/share/mise/installs/ruby/3.3.7/lib/ruby/gems/3.3.0/gems/railties-8.1.3/lib/rails/templates"
  * "/home/ivan/Documents/code/arbolitics/frontend/arbolitics_design_system/app/views"
  * "/home/ivan/.local/share/mise/installs/ruby/3.3.7/lib/ruby/gems/3.3.0/gems/view_component-4.8.0/app/views"
  * "/home/ivan/.local/share/mise/installs/ruby/3.3.7/lib/ruby/gems/3.3.0/gems/lookbook-2.3.14/app/views"
  * "/home/ivan/.local/share/mise/installs/ruby/3.3.7/lib/ruby/gems/3.3.0/gems/turbo-rails-2.0.23/app/views"
  * "/home/ivan/.local/share/mise/installs/ruby/3.3.7/lib/ruby/gems/3.3.0/gems/actiontext-8.1.3/app/views"
  * "/home/ivan/.local/share/mise/installs/ruby/3.3.7/lib/ruby/gems/3.3.0/gems/actionmailbox-8.1.3/app/views"
) - /home/ivan/.local/share/mise/installs/ruby/3.3.7/lib/ruby/gems/3.3.0/gems/actionview-8.1.3/lib/action_view/path_set.rb:42:in `find'
  Rendering layout /home/ivan/.local/share/mise/installs/ruby/3.3.7/lib/ruby/gems/3.3.0/gems/lookbook-2.3.14/app/views/layouts/lookbook/skeleton.html.erb
  Rendering /home/ivan/.local/share/mise/installs/ruby/3.3.7/lib/ruby/gems/3.3.0/gems/lookbook-2.3.14/app/views/lookbook/errors/default.html.erb within layouts/lookbook/skeleton
  Rendered /home/ivan/.local/share/mise/installs/ruby/3.3.7/lib/ruby/gems/3.3.0/gems/lookbook-2.3.14/app/views/lookbook/errors/default.html.erb within layouts/lookbook/skeleton (Duration: 12.1ms | GC: 0.0ms)
  Rendered layout /home/ivan/.local/share/mise/installs/ruby/3.3.7/lib/ruby/gems/3.3.0/gems/lookbook-2.3.14/app/views/layouts/lookbook/skeleton.html.erb (Duration: 13.2ms | GC: 0.0ms)
Completed 500 Internal Server Error in 18ms (Views: 13.6ms | ActiveRecord: 0.0ms (0 queries, 0 cached) | GC: 0.0ms)


Started GET "/lookbook-assets/css/lookbook.css?v=2.3.14" for 127.0.0.1 at 2026-04-24 12:24:07 -0400
Started GET "/lookbook-assets/css/themes/indigo.css?v=2.3.14" for 127.0.0.1 at 2026-04-24 12:24:07 -0400
Started GET "/lookbook-assets/js/index.js?v=2.3.14" for 127.0.0.1 at 2026-04-24 12:24:07 -0400
Started GET "/lookbook-assets/js/lookbook.js?v=2.3.14" for 127.0.0.1 at 2026-04-24 12:24:07 -0400
Started GET "/lookbook-assets/Inter-roman.var.b695afbe.woff2" for 127.0.0.1 at 2026-04-24 12:24:07 -0400
Started GET "/lookbook-assets/SourceCodeVariable-Roman.ttf.118e9f22.woff2" for 127.0.0.1 at 2026-04-24 12:24:07 -0400
Started GET "/lookbook/inspect/drawer/directions" for 127.0.0.1 at 2026-04-24 12:24:09 -0400
Processing by Lookbook::InspectorController#show as */*
  Parameters: {"path"=>"drawer/directions"}
Processing by Lookbook::PreviewController#render_scenario_to_string as */*
  Parameters: {"path"=>"drawer/directions"}
  Rendering /home/ivan/.local/share/mise/installs/ruby/3.3.7/lib/ruby/gems/3.3.0/gems/lookbook-2.3.14/app/views/lookbook/previews/preview.html.erb
  Rendered ui/_drawer.html.erb (Duration: 0.1ms | GC: 0.0ms)
  Rendered ui/_drawer.html.erb (Duration: 0.1ms | GC: 0.0ms)
  Rendered ui/_drawer.html.erb (Duration: 0.0ms | GC: 0.0ms)
  Rendered ui/_drawer.html.erb (Duration: 0.0ms | GC: 0.0ms)
  Rendered ui/_drawer_directions.html.erb (Duration: 1.6ms | GC: 0.0ms)
  Rendered /home/ivan/.local/share/mise/installs/ruby/3.3.7/lib/ruby/gems/3.3.0/gems/lookbook-2.3.14/app/views/lookbook/previews/preview.html.erb (Duration: 1.9ms | GC: 0.0ms)
  Rendering html template
  Rendered html template (Duration: 0.0ms | GC: 0.0ms)
Completed 200 OK in 3ms (Views: 0.4ms | ActiveRecord: 0.0ms (0 queries, 0 cached) | GC: 0.0ms)


  Rendering layout /home/ivan/.local/share/mise/installs/ruby/3.3.7/lib/ruby/gems/3.3.0/gems/lookbook-2.3.14/app/views/layouts/lookbook/application.html.erb
  Rendering /home/ivan/.local/share/mise/installs/ruby/3.3.7/lib/ruby/gems/3.3.0/gems/lookbook-2.3.14/app/views/lookbook/inspector/show.html.erb within layouts/lookbook/application
  Rendered /home/ivan/.local/share/mise/installs/ruby/3.3.7/lib/ruby/gems/3.3.0/gems/lookbook-2.3.14/app/views/lookbook/inspector/panels/_preview.html.erb (Duration: 1.8ms | GC: 0.0ms)
  Rendered /home/ivan/.local/share/mise/installs/ruby/3.3.7/lib/ruby/gems/3.3.0/gems/lookbook-2.3.14/app/views/lookbook/inspector/panels/_output.html.erb (Duration: 47.4ms | GC: 6.5ms)
  Rendered /home/ivan/.local/share/mise/installs/ruby/3.3.7/lib/ruby/gems/3.3.0/gems/lookbook-2.3.14/app/views/lookbook/inspector/panels/_source.html.erb (Duration: 0.6ms | GC: 0.0ms)
  Rendered /home/ivan/.local/share/mise/installs/ruby/3.3.7/lib/ruby/gems/3.3.0/gems/lookbook-2.3.14/app/views/lookbook/inspector/panels/_notes.html.erb (Duration: 1.5ms | GC: 0.0ms)
  Rendered /home/ivan/.local/share/mise/installs/ruby/3.3.7/lib/ruby/gems/3.3.0/gems/lookbook-2.3.14/app/views/lookbook/inspector/panels/_params.html.erb (Duration: 0.7ms | GC: 0.0ms)
  Rendered /home/ivan/.local/share/mise/installs/ruby/3.3.7/lib/ruby/gems/3.3.0/gems/lookbook-2.3.14/app/views/lookbook/inspector/show.html.erb within layouts/lookbook/application (Duration: 99.6ms | GC: 14.8ms)
  Rendered layout /home/ivan/.local/share/mise/installs/ruby/3.3.7/lib/ruby/gems/3.3.0/gems/lookbook-2.3.14/app/views/layouts/lookbook/application.html.erb (Duration: 100.1ms | GC: 14.8ms)
Completed 200 OK in 105ms (Views: 100.6ms | ActiveRecord: 0.0ms (0 queries, 0 cached) | GC: 14.8ms)


Started GET "/lookbook/preview/drawer/directions?_display=%257B%257D&lookbook_timestamp=2026-04-24+12%3A24%3A09+-0400" for 127.0.0.1 at 2026-04-24 12:24:09 -0400
Processing by Lookbook::PreviewsController#show as HTML
  Parameters: {"_display"=>"%7B%7D", "lookbook_timestamp"=>"2026-04-24 12:24:09 -0400", "path"=>"drawer/directions"}
Processing by Lookbook::PreviewController#render_scenario_to_string as HTML
  Parameters: {"_display"=>"%7B%7D", "lookbook_timestamp"=>"2026-04-24 12:24:09 -0400", "path"=>"drawer/directions"}
  Rendering /home/ivan/.local/share/mise/installs/ruby/3.3.7/lib/ruby/gems/3.3.0/gems/lookbook-2.3.14/app/views/lookbook/previews/preview.html.erb
  Rendered ui/_drawer.html.erb (Duration: 0.0ms | GC: 0.0ms)
  Rendered ui/_drawer.html.erb (Duration: 0.0ms | GC: 0.0ms)
  Rendered ui/_drawer.html.erb (Duration: 0.0ms | GC: 0.0ms)
  Rendered ui/_drawer.html.erb (Duration: 0.0ms | GC: 0.0ms)
  Rendered ui/_drawer_directions.html.erb (Duration: 0.3ms | GC: 0.0ms)
  Rendered /home/ivan/.local/share/mise/installs/ruby/3.3.7/lib/ruby/gems/3.3.0/gems/lookbook-2.3.14/app/views/lookbook/previews/preview.html.erb (Duration: 0.4ms | GC: 0.0ms)
  Rendering html template
  Rendered html template (Duration: 0.0ms | GC: 0.0ms)
Completed 200 OK in 1ms (Views: 0.2ms | ActiveRecord: 0.0ms (0 queries, 0 cached) | GC: 0.0ms)


Processing by Lookbook::PreviewController#render_in_layout_to_string as HTML
  Parameters: {"_display"=>"%7B%7D", "lookbook_timestamp"=>"2026-04-24 12:24:09 -0400", "path"=>"drawer/directions"}
Completed 500 Internal Server Error in 1ms (Views: 0.2ms | ActiveRecord: 0.0ms (0 queries, 0 cached) | GC: 0.0ms)


rescue_from handled ActionView::MissingTemplate (Missing template layouts/lookbook with {:locale=>[:en], :formats=>[:html], :variants=>[], :handlers=>[:raw, :erb, :html, :builder, :ruby, :jbuilder]}.

Searched in:
  * "/home/ivan/Documents/code/arbolitics/frontend/arbolitics_design_system/app/views"
  * "/home/ivan/Documents/code/arbolitics/frontend/arbolitics_design_system/test/components/previews"
  * "/home/ivan/Documents/code/arbolitics/frontend/arbolitics_design_system/app/views"
  * "/home/ivan/.local/share/mise/installs/ruby/3.3.7/lib/ruby/gems/3.3.0/gems/lookbook-2.3.14/app/views"
  * "/home/ivan/.local/share/mise/installs/ruby/3.3.7/lib/ruby/gems/3.3.0/gems/railties-8.1.3/lib/rails/templates"
  * "/home/ivan/Documents/code/arbolitics/frontend/arbolitics_design_system/app/views"
  * "/home/ivan/.local/share/mise/installs/ruby/3.3.7/lib/ruby/gems/3.3.0/gems/view_component-4.8.0/app/views"
  * "/home/ivan/.local/share/mise/installs/ruby/3.3.7/lib/ruby/gems/3.3.0/gems/lookbook-2.3.14/app/views"
  * "/home/ivan/.local/share/mise/installs/ruby/3.3.7/lib/ruby/gems/3.3.0/gems/turbo-rails-2.0.23/app/views"
  * "/home/ivan/.local/share/mise/installs/ruby/3.3.7/lib/ruby/gems/3.3.0/gems/actiontext-8.1.3/app/views"
  * "/home/ivan/.local/share/mise/installs/ruby/3.3.7/lib/ruby/gems/3.3.0/gems/actionmailbox-8.1.3/app/views"
) - /home/ivan/.local/share/mise/installs/ruby/3.3.7/lib/ruby/gems/3.3.0/gems/actionview-8.1.3/lib/action_view/path_set.rb:42:in `find'
  Rendering layout /home/ivan/.local/share/mise/installs/ruby/3.3.7/lib/ruby/gems/3.3.0/gems/lookbook-2.3.14/app/views/layouts/lookbook/skeleton.html.erb
  Rendering /home/ivan/.local/share/mise/installs/ruby/3.3.7/lib/ruby/gems/3.3.0/gems/lookbook-2.3.14/app/views/lookbook/errors/default.html.erb within layouts/lookbook/skeleton
  Rendered /home/ivan/.local/share/mise/installs/ruby/3.3.7/lib/ruby/gems/3.3.0/gems/lookbook-2.3.14/app/views/lookbook/errors/default.html.erb within layouts/lookbook/skeleton (Duration: 14.9ms | GC: 0.0ms)
  Rendered layout /home/ivan/.local/share/mise/installs/ruby/3.3.7/lib/ruby/gems/3.3.0/gems/lookbook-2.3.14/app/views/layouts/lookbook/skeleton.html.erb (Duration: 16.8ms | GC: 0.0ms)
Completed 500 Internal Server Error in 20ms (Views: 17.3ms | ActiveRecord: 0.0ms (0 queries, 0 cached) | GC: 0.0ms)


Started GET "/lookbook-assets/css/lookbook.css?v=2.3.14" for 127.0.0.1 at 2026-04-24 12:24:10 -0400
Started GET "/lookbook-assets/css/themes/indigo.css?v=2.3.14" for 127.0.0.1 at 2026-04-24 12:24:10 -0400
Started GET "/lookbook-assets/js/index.js?v=2.3.14" for 127.0.0.1 at 2026-04-24 12:24:10 -0400
Started GET "/lookbook-assets/js/lookbook.js?v=2.3.14" for 127.0.0.1 at 2026-04-24 12:24:10 -0400
Started GET "/lookbook-assets/Inter-roman.var.b695afbe.woff2" for 127.0.0.1 at 2026-04-24 12:24:10 -0400
Started GET "/lookbook-assets/SourceCodeVariable-Roman.ttf.118e9f22.woff2" for 127.0.0.1 at 2026-04-24 12:24:10 -0400
Started GET "/lookbook/inspect/drawer/directions" for 127.0.0.1 at 2026-04-24 12:25:40 -0400
Processing by Lookbook::InspectorController#show as HTML
  Parameters: {"path"=>"drawer/directions"}
Processing by Lookbook::PreviewController#render_scenario_to_string as HTML
  Parameters: {"path"=>"drawer/directions"}
  Rendering /home/ivan/.local/share/mise/installs/ruby/3.3.7/lib/ruby/gems/3.3.0/gems/lookbook-2.3.14/app/views/lookbook/previews/preview.html.erb
  Rendered ui/_drawer.html.erb (Duration: 0.9ms | GC: 0.2ms)
  Rendered ui/_drawer.html.erb (Duration: 0.0ms | GC: 0.0ms)
  Rendered ui/_drawer.html.erb (Duration: 0.0ms | GC: 0.0ms)
  Rendered ui/_drawer.html.erb (Duration: 0.0ms | GC: 0.0ms)
  Rendered ui/_drawer_directions.html.erb (Duration: 2.0ms | GC: 0.2ms)
  Rendered /home/ivan/.local/share/mise/installs/ruby/3.3.7/lib/ruby/gems/3.3.0/gems/lookbook-2.3.14/app/views/lookbook/previews/preview.html.erb (Duration: 2.9ms | GC: 0.2ms)
  Rendering html template
  Rendered html template (Duration: 0.0ms | GC: 0.0ms)
Completed 200 OK in 5ms (Views: 0.4ms | ActiveRecord: 0.0ms (0 queries, 0 cached) | GC: 0.2ms)


  Rendering layout /home/ivan/.local/share/mise/installs/ruby/3.3.7/lib/ruby/gems/3.3.0/gems/lookbook-2.3.14/app/views/layouts/lookbook/application.html.erb
  Rendering /home/ivan/.local/share/mise/installs/ruby/3.3.7/lib/ruby/gems/3.3.0/gems/lookbook-2.3.14/app/views/lookbook/inspector/show.html.erb within layouts/lookbook/application
  Rendered /home/ivan/.local/share/mise/installs/ruby/3.3.7/lib/ruby/gems/3.3.0/gems/lookbook-2.3.14/app/views/lookbook/inspector/panels/_preview.html.erb (Duration: 5.2ms | GC: 0.0ms)
  Rendered /home/ivan/.local/share/mise/installs/ruby/3.3.7/lib/ruby/gems/3.3.0/gems/lookbook-2.3.14/app/views/lookbook/inspector/panels/_output.html.erb (Duration: 50.9ms | GC: 5.9ms)
  Rendered /home/ivan/.local/share/mise/installs/ruby/3.3.7/lib/ruby/gems/3.3.0/gems/lookbook-2.3.14/app/views/lookbook/inspector/panels/_source.html.erb (Duration: 1.5ms | GC: 0.0ms)
  Rendered /home/ivan/.local/share/mise/installs/ruby/3.3.7/lib/ruby/gems/3.3.0/gems/lookbook-2.3.14/app/views/lookbook/inspector/panels/_notes.html.erb (Duration: 7.8ms | GC: 4.7ms)
  Rendered /home/ivan/.local/share/mise/installs/ruby/3.3.7/lib/ruby/gems/3.3.0/gems/lookbook-2.3.14/app/views/lookbook/inspector/panels/_params.html.erb (Duration: 0.9ms | GC: 0.0ms)
  Rendered /home/ivan/.local/share/mise/installs/ruby/3.3.7/lib/ruby/gems/3.3.0/gems/lookbook-2.3.14/app/views/lookbook/inspector/show.html.erb within layouts/lookbook/application (Duration: 140.9ms | GC: 18.2ms)
  Rendered /home/ivan/.local/share/mise/installs/ruby/3.3.7/lib/ruby/gems/3.3.0/gems/lookbook-2.3.14/app/views/lookbook/partials/_user_styles.html.erb (Duration: 0.3ms | GC: 0.0ms)
Started GET "/lookbook/preview/drawer/directions?_display=%257B%257D&lookbook_timestamp=2026-04-24+12%3A24%3A09+-0400" for 127.0.0.1 at 2026-04-24 12:25:40 -0400
  Rendering /home/ivan/.local/share/mise/installs/ruby/3.3.7/lib/ruby/gems/3.3.0/gems/lookbook-2.3.14/app/views/layouts/lookbook/skeleton.html.erb
  Rendered /home/ivan/.local/share/mise/installs/ruby/3.3.7/lib/ruby/gems/3.3.0/gems/lookbook-2.3.14/app/views/layouts/lookbook/skeleton.html.erb (Duration: 1.5ms | GC: 0.0ms)
  Rendered layout /home/ivan/.local/share/mise/installs/ruby/3.3.7/lib/ruby/gems/3.3.0/gems/lookbook-2.3.14/app/views/layouts/lookbook/application.html.erb (Duration: 379.5ms | GC: 70.6ms)
Completed 200 OK in 393ms (Views: 380.5ms | ActiveRecord: 0.0ms (0 queries, 0 cached) | GC: 71.6ms)


Processing by Lookbook::PreviewsController#show as */*
  Parameters: {"_display"=>"%7B%7D", "lookbook_timestamp"=>"2026-04-24 12:24:09 -0400", "path"=>"drawer/directions"}
Processing by Lookbook::PreviewController#render_scenario_to_string as */*
  Parameters: {"_display"=>"%7B%7D", "lookbook_timestamp"=>"2026-04-24 12:24:09 -0400", "path"=>"drawer/directions"}
  Rendering /home/ivan/.local/share/mise/installs/ruby/3.3.7/lib/ruby/gems/3.3.0/gems/lookbook-2.3.14/app/views/lookbook/previews/preview.html.erb
  Rendered ui/_drawer.html.erb (Duration: 0.6ms | GC: 0.0ms)
  Rendered ui/_drawer.html.erb (Duration: 0.0ms | GC: 0.0ms)
  Rendered ui/_drawer.html.erb (Duration: 0.0ms | GC: 0.0ms)
  Rendered ui/_drawer.html.erb (Duration: 0.0ms | GC: 0.0ms)
  Rendered ui/_drawer_directions.html.erb (Duration: 2.2ms | GC: 0.0ms)
  Rendered /home/ivan/.local/share/mise/installs/ruby/3.3.7/lib/ruby/gems/3.3.0/gems/lookbook-2.3.14/app/views/lookbook/previews/preview.html.erb (Duration: 3.4ms | GC: 0.0ms)
  Rendering html template
  Rendered html template (Duration: 0.0ms | GC: 0.0ms)
Completed 200 OK in 7ms (Views: 0.5ms | ActiveRecord: 0.0ms (0 queries, 0 cached) | GC: 0.0ms)


Processing by Lookbook::PreviewController#render_in_layout_to_string as */*
  Parameters: {"_display"=>"%7B%7D", "lookbook_timestamp"=>"2026-04-24 12:24:09 -0400", "path"=>"drawer/directions"}
  Rendering layout layouts/lookbook.html.erb
  Rendering /home/ivan/.local/share/mise/installs/ruby/3.3.7/lib/ruby/gems/3.3.0/gems/lookbook-2.3.14/app/views/lookbook/previews/group.html.erb within layouts/lookbook
  Rendered /home/ivan/.local/share/mise/installs/ruby/3.3.7/lib/ruby/gems/3.3.0/gems/lookbook-2.3.14/app/views/lookbook/previews/group.html.erb within layouts/lookbook (Duration: 0.6ms | GC: 0.0ms)
  Rendered layout layouts/lookbook.html.erb (Duration: 5.9ms | GC: 0.0ms)
  Rendering html template
  Rendered html template (Duration: 0.0ms | GC: 0.0ms)
Completed 200 OK in 9ms (Views: 0.4ms | ActiveRecord: 0.0ms (0 queries, 0 cached) | GC: 0.0ms)


  Rendering /home/ivan/.local/share/mise/installs/ruby/3.3.7/lib/ruby/gems/3.3.0/gems/lookbook-2.3.14/app/views/lookbook/previews/show.html.erb
  Rendered /home/ivan/.local/share/mise/installs/ruby/3.3.7/lib/ruby/gems/3.3.0/gems/lookbook-2.3.14/app/views/lookbook/previews/show.html.erb (Duration: 0.3ms | GC: 0.0ms)
Completed 200 OK in 23ms (Views: 1.5ms | ActiveRecord: 0.0ms (0 queries, 0 cached) | GC: 0.0ms)


Started GET "/lookbook-assets/css/lookbook.css?v=2.3.14" for 127.0.0.1 at 2026-04-24 12:25:40 -0400
Started GET "/lookbook-assets/css/themes/indigo.css?v=2.3.14" for 127.0.0.1 at 2026-04-24 12:25:40 -0400
Started GET "/lookbook-assets/js/lookbook.js?v=2.3.14" for 127.0.0.1 at 2026-04-24 12:25:40 -0400
Started GET "/lookbook-assets/js/index.js?v=2.3.14" for 127.0.0.1 at 2026-04-24 12:25:40 -0400
Started GET "/lookbook-assets/img/lucide-sprite.svg" for 127.0.0.1 at 2026-04-24 12:25:41 -0400
Started GET "/lookbook-assets/Inter-roman.var.b695afbe.woff2" for 127.0.0.1 at 2026-04-24 12:25:41 -0400
Started GET "/lookbook-assets/SourceCodeVariable-Roman.ttf.118e9f22.woff2" for 127.0.0.1 at 2026-04-24 12:25:41 -0400
Started GET "/lookbook-assets/Inter-italic.var.69eb0fe1.woff2" for 127.0.0.1 at 2026-04-24 12:25:41 -0400
Started GET "/lookbook/preview/drawer/directions?_display=%257B%257D&lookbook_timestamp=2026-04-24+12%3A25%3A40+-0400" for 127.0.0.1 at 2026-04-24 12:25:41 -0400
Processing by Lookbook::PreviewsController#show as HTML
  Parameters: {"_display"=>"%7B%7D", "lookbook_timestamp"=>"2026-04-24 12:25:40 -0400", "path"=>"drawer/directions"}
Processing by Lookbook::PreviewController#render_scenario_to_string as HTML
  Parameters: {"_display"=>"%7B%7D", "lookbook_timestamp"=>"2026-04-24 12:25:40 -0400", "path"=>"drawer/directions"}
  Rendering /home/ivan/.local/share/mise/installs/ruby/3.3.7/lib/ruby/gems/3.3.0/gems/lookbook-2.3.14/app/views/lookbook/previews/preview.html.erb
  Rendered ui/_drawer.html.erb (Duration: 0.1ms | GC: 0.0ms)
  Rendered ui/_drawer.html.erb (Duration: 0.0ms | GC: 0.0ms)
  Rendered ui/_drawer.html.erb (Duration: 0.0ms | GC: 0.0ms)
  Rendered ui/_drawer.html.erb (Duration: 0.0ms | GC: 0.0ms)
  Rendered ui/_drawer_directions.html.erb (Duration: 0.6ms | GC: 0.0ms)
  Rendered /home/ivan/.local/share/mise/installs/ruby/3.3.7/lib/ruby/gems/3.3.0/gems/lookbook-2.3.14/app/views/lookbook/previews/preview.html.erb (Duration: 0.7ms | GC: 0.0ms)
  Rendering html template
  Rendered html template (Duration: 0.0ms | GC: 0.0ms)
Completed 200 OK in 2ms (Views: 0.3ms | ActiveRecord: 0.0ms (0 queries, 0 cached) | GC: 0.0ms)


Processing by Lookbook::PreviewController#render_in_layout_to_string as HTML
  Parameters: {"_display"=>"%7B%7D", "lookbook_timestamp"=>"2026-04-24 12:25:40 -0400", "path"=>"drawer/directions"}
  Rendering layout layouts/lookbook.html.erb
  Rendering /home/ivan/.local/share/mise/installs/ruby/3.3.7/lib/ruby/gems/3.3.0/gems/lookbook-2.3.14/app/views/lookbook/previews/group.html.erb within layouts/lookbook
  Rendered /home/ivan/.local/share/mise/installs/ruby/3.3.7/lib/ruby/gems/3.3.0/gems/lookbook-2.3.14/app/views/lookbook/previews/group.html.erb within layouts/lookbook (Duration: 0.0ms | GC: 0.0ms)
  Rendered layout layouts/lookbook.html.erb (Duration: 1.1ms | GC: 0.0ms)
  Rendering html template
  Rendered html template (Duration: 0.0ms | GC: 0.0ms)
Completed 200 OK in 2ms (Views: 0.3ms | ActiveRecord: 0.0ms (0 queries, 0 cached) | GC: 0.0ms)


  Rendering /home/ivan/.local/share/mise/installs/ruby/3.3.7/lib/ruby/gems/3.3.0/gems/lookbook-2.3.14/app/views/lookbook/previews/show.html.erb
  Rendered /home/ivan/.local/share/mise/installs/ruby/3.3.7/lib/ruby/gems/3.3.0/gems/lookbook-2.3.14/app/views/lookbook/previews/show.html.erb (Duration: 0.0ms | GC: 0.0ms)
Completed 200 OK in 6ms (Views: 0.3ms | ActiveRecord: 0.0ms (0 queries, 0 cached) | GC: 0.0ms)


Started GET "/lookbook/inspect/badge/success" for 127.0.0.1 at 2026-04-24 12:25:46 -0400
Processing by Lookbook::InspectorController#show as */*
  Parameters: {"path"=>"badge/success"}
Processing by Lookbook::PreviewController#render_scenario_to_string as */*
  Parameters: {"path"=>"badge/success"}
  Rendering /home/ivan/.local/share/mise/installs/ruby/3.3.7/lib/ruby/gems/3.3.0/gems/lookbook-2.3.14/app/views/lookbook/previews/preview.html.erb
  Rendered ui/_badge.html.erb (Duration: 0.4ms | GC: 0.0ms)
  Rendered /home/ivan/.local/share/mise/installs/ruby/3.3.7/lib/ruby/gems/3.3.0/gems/lookbook-2.3.14/app/views/lookbook/previews/preview.html.erb (Duration: 5.0ms | GC: 3.9ms)
  Rendering html template
  Rendered html template (Duration: 0.0ms | GC: 0.0ms)
Completed 200 OK in 6ms (Views: 0.3ms | ActiveRecord: 0.0ms (0 queries, 0 cached) | GC: 3.9ms)


  Rendering layout /home/ivan/.local/share/mise/installs/ruby/3.3.7/lib/ruby/gems/3.3.0/gems/lookbook-2.3.14/app/views/layouts/lookbook/application.html.erb
  Rendering /home/ivan/.local/share/mise/installs/ruby/3.3.7/lib/ruby/gems/3.3.0/gems/lookbook-2.3.14/app/views/lookbook/inspector/show.html.erb within layouts/lookbook/application
  Rendered /home/ivan/.local/share/mise/installs/ruby/3.3.7/lib/ruby/gems/3.3.0/gems/lookbook-2.3.14/app/views/lookbook/inspector/panels/_preview.html.erb (Duration: 15.1ms | GC: 10.1ms)
  Rendered /home/ivan/.local/share/mise/installs/ruby/3.3.7/lib/ruby/gems/3.3.0/gems/lookbook-2.3.14/app/views/lookbook/inspector/panels/_output.html.erb (Duration: 6.1ms | GC: 4.6ms)
  Rendered /home/ivan/.local/share/mise/installs/ruby/3.3.7/lib/ruby/gems/3.3.0/gems/lookbook-2.3.14/app/views/lookbook/inspector/panels/_source.html.erb (Duration: 4.0ms | GC: 0.4ms)
  Rendered /home/ivan/.local/share/mise/installs/ruby/3.3.7/lib/ruby/gems/3.3.0/gems/lookbook-2.3.14/app/views/lookbook/inspector/panels/_notes.html.erb (Duration: 3.7ms | GC: 1.7ms)
  Rendered /home/ivan/.local/share/mise/installs/ruby/3.3.7/lib/ruby/gems/3.3.0/gems/lookbook-2.3.14/app/views/lookbook/inspector/inputs/_select.html.erb (Duration: 0.3ms | GC: 0.0ms)
  Rendered /home/ivan/.local/share/mise/installs/ruby/3.3.7/lib/ruby/gems/3.3.0/gems/lookbook-2.3.14/app/views/lookbook/inspector/panels/_params.html.erb (Duration: 7.1ms | GC: 0.0ms)
  Rendered /home/ivan/.local/share/mise/installs/ruby/3.3.7/lib/ruby/gems/3.3.0/gems/lookbook-2.3.14/app/views/lookbook/inspector/show.html.erb within layouts/lookbook/application (Duration: 138.2ms | GC: 59.2ms)
  Rendered layout /home/ivan/.local/share/mise/installs/ruby/3.3.7/lib/ruby/gems/3.3.0/gems/lookbook-2.3.14/app/views/layouts/lookbook/application.html.erb (Duration: 139.6ms | GC: 59.2ms)
Completed 200 OK in 152ms (Views: 140.6ms | ActiveRecord: 0.0ms (0 queries, 0 cached) | GC: 63.1ms)


Started GET "/lookbook/preview/badge/success?_display=%257B%257D&lookbook_timestamp=2026-04-24+12%3A25%3A46+-0400" for 127.0.0.1 at 2026-04-24 12:25:46 -0400
Processing by Lookbook::PreviewsController#show as HTML
  Parameters: {"_display"=>"%7B%7D", "lookbook_timestamp"=>"2026-04-24 12:25:46 -0400", "path"=>"badge/success"}
Processing by Lookbook::PreviewController#render_scenario_to_string as HTML
  Parameters: {"_display"=>"%7B%7D", "lookbook_timestamp"=>"2026-04-24 12:25:46 -0400", "path"=>"badge/success"}
  Rendering /home/ivan/.local/share/mise/installs/ruby/3.3.7/lib/ruby/gems/3.3.0/gems/lookbook-2.3.14/app/views/lookbook/previews/preview.html.erb
  Rendered ui/_badge.html.erb (Duration: 0.1ms | GC: 0.0ms)
  Rendered /home/ivan/.local/share/mise/installs/ruby/3.3.7/lib/ruby/gems/3.3.0/gems/lookbook-2.3.14/app/views/lookbook/previews/preview.html.erb (Duration: 0.3ms | GC: 0.0ms)
  Rendering html template
  Rendered html template (Duration: 0.0ms | GC: 0.0ms)
Completed 200 OK in 2ms (Views: 0.4ms | ActiveRecord: 0.0ms (0 queries, 0 cached) | GC: 0.0ms)


Processing by Lookbook::PreviewController#render_in_layout_to_string as HTML
  Parameters: {"_display"=>"%7B%7D", "lookbook_timestamp"=>"2026-04-24 12:25:46 -0400", "path"=>"badge/success"}
  Rendering layout layouts/lookbook.html.erb
  Rendering /home/ivan/.local/share/mise/installs/ruby/3.3.7/lib/ruby/gems/3.3.0/gems/lookbook-2.3.14/app/views/lookbook/previews/group.html.erb within layouts/lookbook
  Rendered /home/ivan/.local/share/mise/installs/ruby/3.3.7/lib/ruby/gems/3.3.0/gems/lookbook-2.3.14/app/views/lookbook/previews/group.html.erb within layouts/lookbook (Duration: 0.0ms | GC: 0.0ms)
  Rendered layout layouts/lookbook.html.erb (Duration: 1.2ms | GC: 0.0ms)
  Rendering html template
  Rendered html template (Duration: 0.0ms | GC: 0.0ms)
Completed 200 OK in 2ms (Views: 0.3ms | ActiveRecord: 0.0ms (0 queries, 0 cached) | GC: 0.0ms)


  Rendering /home/ivan/.local/share/mise/installs/ruby/3.3.7/lib/ruby/gems/3.3.0/gems/lookbook-2.3.14/app/views/lookbook/previews/show.html.erb
  Rendered /home/ivan/.local/share/mise/installs/ruby/3.3.7/lib/ruby/gems/3.3.0/gems/lookbook-2.3.14/app/views/lookbook/previews/show.html.erb (Duration: 0.0ms | GC: 0.0ms)
Completed 200 OK in 7ms (Views: 0.3ms | ActiveRecord: 0.0ms (0 queries, 0 cached) | GC: 0.0ms)


Started GET "/lookbook/inspect/badge/outline" for 127.0.0.1 at 2026-04-24 12:25:46 -0400
Processing by Lookbook::InspectorController#show as */*
  Parameters: {"path"=>"badge/outline"}
Processing by Lookbook::PreviewController#render_scenario_to_string as */*
  Parameters: {"path"=>"badge/outline"}
  Rendering /home/ivan/.local/share/mise/installs/ruby/3.3.7/lib/ruby/gems/3.3.0/gems/lookbook-2.3.14/app/views/lookbook/previews/preview.html.erb
  Rendered ui/_badge.html.erb (Duration: 0.0ms | GC: 0.0ms)
  Rendered /home/ivan/.local/share/mise/installs/ruby/3.3.7/lib/ruby/gems/3.3.0/gems/lookbook-2.3.14/app/views/lookbook/previews/preview.html.erb (Duration: 0.3ms | GC: 0.0ms)
  Rendering html template
  Rendered html template (Duration: 0.0ms | GC: 0.0ms)
Completed 200 OK in 2ms (Views: 0.6ms | ActiveRecord: 0.0ms (0 queries, 0 cached) | GC: 0.0ms)


  Rendering layout /home/ivan/.local/share/mise/installs/ruby/3.3.7/lib/ruby/gems/3.3.0/gems/lookbook-2.3.14/app/views/layouts/lookbook/application.html.erb
  Rendering /home/ivan/.local/share/mise/installs/ruby/3.3.7/lib/ruby/gems/3.3.0/gems/lookbook-2.3.14/app/views/lookbook/inspector/show.html.erb within layouts/lookbook/application
  Rendered /home/ivan/.local/share/mise/installs/ruby/3.3.7/lib/ruby/gems/3.3.0/gems/lookbook-2.3.14/app/views/lookbook/inspector/panels/_preview.html.erb (Duration: 5.9ms | GC: 2.7ms)
  Rendered /home/ivan/.local/share/mise/installs/ruby/3.3.7/lib/ruby/gems/3.3.0/gems/lookbook-2.3.14/app/views/lookbook/inspector/panels/_output.html.erb (Duration: 1.5ms | GC: 0.0ms)
  Rendered /home/ivan/.local/share/mise/installs/ruby/3.3.7/lib/ruby/gems/3.3.0/gems/lookbook-2.3.14/app/views/lookbook/inspector/panels/_source.html.erb (Duration: 1.2ms | GC: 0.0ms)
  Rendered /home/ivan/.local/share/mise/installs/ruby/3.3.7/lib/ruby/gems/3.3.0/gems/lookbook-2.3.14/app/views/lookbook/inspector/panels/_notes.html.erb (Duration: 1.3ms | GC: 0.0ms)
  Rendered /home/ivan/.local/share/mise/installs/ruby/3.3.7/lib/ruby/gems/3.3.0/gems/lookbook-2.3.14/app/views/lookbook/inspector/inputs/_select.html.erb (Duration: 0.1ms | GC: 0.0ms)
  Rendered /home/ivan/.local/share/mise/installs/ruby/3.3.7/lib/ruby/gems/3.3.0/gems/lookbook-2.3.14/app/views/lookbook/inspector/panels/_params.html.erb (Duration: 3.1ms | GC: 0.0ms)
  Rendered /home/ivan/.local/share/mise/installs/ruby/3.3.7/lib/ruby/gems/3.3.0/gems/lookbook-2.3.14/app/views/lookbook/inspector/show.html.erb within layouts/lookbook/application (Duration: 102.4ms | GC: 25.6ms)
  Rendered layout /home/ivan/.local/share/mise/installs/ruby/3.3.7/lib/ruby/gems/3.3.0/gems/lookbook-2.3.14/app/views/layouts/lookbook/application.html.erb (Duration: 103.2ms | GC: 25.6ms)
Completed 200 OK in 110ms (Views: 104.3ms | ActiveRecord: 0.0ms (0 queries, 0 cached) | GC: 25.6ms)


Started GET "/lookbook/preview/badge/outline?_display=%257B%257D&lookbook_timestamp=2026-04-24+12%3A25%3A46+-0400" for 127.0.0.1 at 2026-04-24 12:25:46 -0400
Processing by Lookbook::PreviewsController#show as HTML
  Parameters: {"_display"=>"%7B%7D", "lookbook_timestamp"=>"2026-04-24 12:25:46 -0400", "path"=>"badge/outline"}
Processing by Lookbook::PreviewController#render_scenario_to_string as HTML
  Parameters: {"_display"=>"%7B%7D", "lookbook_timestamp"=>"2026-04-24 12:25:46 -0400", "path"=>"badge/outline"}
  Rendering /home/ivan/.local/share/mise/installs/ruby/3.3.7/lib/ruby/gems/3.3.0/gems/lookbook-2.3.14/app/views/lookbook/previews/preview.html.erb
  Rendered ui/_badge.html.erb (Duration: 0.0ms | GC: 0.0ms)
  Rendered /home/ivan/.local/share/mise/installs/ruby/3.3.7/lib/ruby/gems/3.3.0/gems/lookbook-2.3.14/app/views/lookbook/previews/preview.html.erb (Duration: 0.2ms | GC: 0.0ms)
  Rendering html template
  Rendered html template (Duration: 0.0ms | GC: 0.0ms)
Completed 200 OK in 2ms (Views: 0.7ms | ActiveRecord: 0.0ms (0 queries, 0 cached) | GC: 0.0ms)


Processing by Lookbook::PreviewController#render_in_layout_to_string as HTML
  Parameters: {"_display"=>"%7B%7D", "lookbook_timestamp"=>"2026-04-24 12:25:46 -0400", "path"=>"badge/outline"}
  Rendering layout layouts/lookbook.html.erb
  Rendering /home/ivan/.local/share/mise/installs/ruby/3.3.7/lib/ruby/gems/3.3.0/gems/lookbook-2.3.14/app/views/lookbook/previews/group.html.erb within layouts/lookbook
  Rendered /home/ivan/.local/share/mise/installs/ruby/3.3.7/lib/ruby/gems/3.3.0/gems/lookbook-2.3.14/app/views/lookbook/previews/group.html.erb within layouts/lookbook (Duration: 0.0ms | GC: 0.0ms)
  Rendered layout layouts/lookbook.html.erb (Duration: 1.0ms | GC: 0.0ms)
  Rendering html template
  Rendered html template (Duration: 0.0ms | GC: 0.0ms)
Completed 200 OK in 2ms (Views: 0.4ms | ActiveRecord: 0.0ms (0 queries, 0 cached) | GC: 0.0ms)


  Rendering /home/ivan/.local/share/mise/installs/ruby/3.3.7/lib/ruby/gems/3.3.0/gems/lookbook-2.3.14/app/views/lookbook/previews/show.html.erb
  Rendered /home/ivan/.local/share/mise/installs/ruby/3.3.7/lib/ruby/gems/3.3.0/gems/lookbook-2.3.14/app/views/lookbook/previews/show.html.erb (Duration: 0.1ms | GC: 0.0ms)
Completed 200 OK in 7ms (Views: 0.6ms | ActiveRecord: 0.0ms (0 queries, 0 cached) | GC: 0.0ms)


Started GET "/lookbook/inspect/badge/warning_low" for 127.0.0.1 at 2026-04-24 12:25:47 -0400
Processing by Lookbook::InspectorController#show as */*
  Parameters: {"path"=>"badge/warning_low"}
Processing by Lookbook::PreviewController#render_scenario_to_string as */*
  Parameters: {"path"=>"badge/warning_low"}
  Rendering /home/ivan/.local/share/mise/installs/ruby/3.3.7/lib/ruby/gems/3.3.0/gems/lookbook-2.3.14/app/views/lookbook/previews/preview.html.erb
  Rendered ui/_badge.html.erb (Duration: 0.0ms | GC: 0.0ms)
  Rendered /home/ivan/.local/share/mise/installs/ruby/3.3.7/lib/ruby/gems/3.3.0/gems/lookbook-2.3.14/app/views/lookbook/previews/preview.html.erb (Duration: 0.1ms | GC: 0.0ms)
  Rendering html template
  Rendered html template (Duration: 0.0ms | GC: 0.0ms)
Completed 200 OK in 2ms (Views: 0.2ms | ActiveRecord: 0.0ms (0 queries, 0 cached) | GC: 0.0ms)


  Rendering layout /home/ivan/.local/share/mise/installs/ruby/3.3.7/lib/ruby/gems/3.3.0/gems/lookbook-2.3.14/app/views/layouts/lookbook/application.html.erb
  Rendering /home/ivan/.local/share/mise/installs/ruby/3.3.7/lib/ruby/gems/3.3.0/gems/lookbook-2.3.14/app/views/lookbook/inspector/show.html.erb within layouts/lookbook/application
  Rendered /home/ivan/.local/share/mise/installs/ruby/3.3.7/lib/ruby/gems/3.3.0/gems/lookbook-2.3.14/app/views/lookbook/inspector/panels/_preview.html.erb (Duration: 2.4ms | GC: 0.2ms)
  Rendered /home/ivan/.local/share/mise/installs/ruby/3.3.7/lib/ruby/gems/3.3.0/gems/lookbook-2.3.14/app/views/lookbook/inspector/panels/_output.html.erb (Duration: 0.8ms | GC: 0.0ms)
  Rendered /home/ivan/.local/share/mise/installs/ruby/3.3.7/lib/ruby/gems/3.3.0/gems/lookbook-2.3.14/app/views/lookbook/inspector/panels/_source.html.erb (Duration: 1.1ms | GC: 0.0ms)
  Rendered /home/ivan/.local/share/mise/installs/ruby/3.3.7/lib/ruby/gems/3.3.0/gems/lookbook-2.3.14/app/views/lookbook/inspector/panels/_notes.html.erb (Duration: 1.4ms | GC: 0.0ms)
  Rendered /home/ivan/.local/share/mise/installs/ruby/3.3.7/lib/ruby/gems/3.3.0/gems/lookbook-2.3.14/app/views/lookbook/inspector/inputs/_select.html.erb (Duration: 0.1ms | GC: 0.0ms)
  Rendered /home/ivan/.local/share/mise/installs/ruby/3.3.7/lib/ruby/gems/3.3.0/gems/lookbook-2.3.14/app/views/lookbook/inspector/panels/_params.html.erb (Duration: 5.4ms | GC: 2.3ms)
  Rendered /home/ivan/.local/share/mise/installs/ruby/3.3.7/lib/ruby/gems/3.3.0/gems/lookbook-2.3.14/app/views/lookbook/inspector/show.html.erb within layouts/lookbook/application (Duration: 62.4ms | GC: 10.8ms)
  Rendered layout /home/ivan/.local/share/mise/installs/ruby/3.3.7/lib/ruby/gems/3.3.0/gems/lookbook-2.3.14/app/views/layouts/lookbook/application.html.erb (Duration: 62.7ms | GC: 10.8ms)
Completed 200 OK in 66ms (Views: 63.0ms | ActiveRecord: 0.0ms (0 queries, 0 cached) | GC: 11.0ms)


Started GET "/lookbook/preview/badge/warning_low?_display=%257B%257D&lookbook_timestamp=2026-04-24+12%3A25%3A48+-0400" for 127.0.0.1 at 2026-04-24 12:25:48 -0400
Processing by Lookbook::PreviewsController#show as HTML
  Parameters: {"_display"=>"%7B%7D", "lookbook_timestamp"=>"2026-04-24 12:25:48 -0400", "path"=>"badge/warning_low"}
Processing by Lookbook::PreviewController#render_scenario_to_string as HTML
  Parameters: {"_display"=>"%7B%7D", "lookbook_timestamp"=>"2026-04-24 12:25:48 -0400", "path"=>"badge/warning_low"}
  Rendering /home/ivan/.local/share/mise/installs/ruby/3.3.7/lib/ruby/gems/3.3.0/gems/lookbook-2.3.14/app/views/lookbook/previews/preview.html.erb
  Rendered ui/_badge.html.erb (Duration: 0.1ms | GC: 0.0ms)
  Rendered /home/ivan/.local/share/mise/installs/ruby/3.3.7/lib/ruby/gems/3.3.0/gems/lookbook-2.3.14/app/views/lookbook/previews/preview.html.erb (Duration: 0.3ms | GC: 0.0ms)
  Rendering html template
  Rendered html template (Duration: 0.0ms | GC: 0.0ms)
Completed 200 OK in 2ms (Views: 0.6ms | ActiveRecord: 0.0ms (0 queries, 0 cached) | GC: 0.0ms)


Processing by Lookbook::PreviewController#render_in_layout_to_string as HTML
  Parameters: {"_display"=>"%7B%7D", "lookbook_timestamp"=>"2026-04-24 12:25:48 -0400", "path"=>"badge/warning_low"}
  Rendering layout layouts/lookbook.html.erb
  Rendering /home/ivan/.local/share/mise/installs/ruby/3.3.7/lib/ruby/gems/3.3.0/gems/lookbook-2.3.14/app/views/lookbook/previews/group.html.erb within layouts/lookbook
  Rendered /home/ivan/.local/share/mise/installs/ruby/3.3.7/lib/ruby/gems/3.3.0/gems/lookbook-2.3.14/app/views/lookbook/previews/group.html.erb within layouts/lookbook (Duration: 0.1ms | GC: 0.0ms)
  Rendered layout layouts/lookbook.html.erb (Duration: 2.0ms | GC: 0.5ms)
  Rendering html template
  Rendered html template (Duration: 0.0ms | GC: 0.0ms)
Completed 200 OK in 4ms (Views: 0.4ms | ActiveRecord: 0.0ms (0 queries, 0 cached) | GC: 0.5ms)


  Rendering /home/ivan/.local/share/mise/installs/ruby/3.3.7/lib/ruby/gems/3.3.0/gems/lookbook-2.3.14/app/views/lookbook/previews/show.html.erb
  Rendered /home/ivan/.local/share/mise/installs/ruby/3.3.7/lib/ruby/gems/3.3.0/gems/lookbook-2.3.14/app/views/lookbook/previews/show.html.erb (Duration: 0.0ms | GC: 0.0ms)
Completed 200 OK in 8ms (Views: 0.4ms | ActiveRecord: 0.0ms (0 queries, 0 cached) | GC: 0.5ms)


Started GET "/lookbook/inspect/badge/warning_low" for 127.0.0.1 at 2026-04-24 12:28:21 -0400
Processing by Lookbook::InspectorController#show as HTML
  Parameters: {"path"=>"badge/warning_low"}
Processing by Lookbook::PreviewController#render_scenario_to_string as HTML
  Parameters: {"path"=>"badge/warning_low"}
  Rendering /home/ivan/.local/share/mise/installs/ruby/3.3.7/lib/ruby/gems/3.3.0/gems/lookbook-2.3.14/app/views/lookbook/previews/preview.html.erb
  Rendered ui/_badge.html.erb (Duration: 0.1ms | GC: 0.0ms)
  Rendered /home/ivan/.local/share/mise/installs/ruby/3.3.7/lib/ruby/gems/3.3.0/gems/lookbook-2.3.14/app/views/lookbook/previews/preview.html.erb (Duration: 0.8ms | GC: 0.0ms)
  Rendering html template
  Rendered html template (Duration: 0.0ms | GC: 0.0ms)
Completed 200 OK in 2ms (Views: 0.2ms | ActiveRecord: 0.0ms (0 queries, 0 cached) | GC: 0.0ms)


  Rendering layout /home/ivan/.local/share/mise/installs/ruby/3.3.7/lib/ruby/gems/3.3.0/gems/lookbook-2.3.14/app/views/layouts/lookbook/application.html.erb
  Rendering /home/ivan/.local/share/mise/installs/ruby/3.3.7/lib/ruby/gems/3.3.0/gems/lookbook-2.3.14/app/views/lookbook/inspector/show.html.erb within layouts/lookbook/application
  Rendered /home/ivan/.local/share/mise/installs/ruby/3.3.7/lib/ruby/gems/3.3.0/gems/lookbook-2.3.14/app/views/lookbook/inspector/panels/_preview.html.erb (Duration: 11.1ms | GC: 6.1ms)
  Rendered /home/ivan/.local/share/mise/installs/ruby/3.3.7/lib/ruby/gems/3.3.0/gems/lookbook-2.3.14/app/views/lookbook/inspector/panels/_output.html.erb (Duration: 1.3ms | GC: 0.0ms)
  Rendered /home/ivan/.local/share/mise/installs/ruby/3.3.7/lib/ruby/gems/3.3.0/gems/lookbook-2.3.14/app/views/lookbook/inspector/panels/_source.html.erb (Duration: 5.5ms | GC: 3.2ms)
  Rendered /home/ivan/.local/share/mise/installs/ruby/3.3.7/lib/ruby/gems/3.3.0/gems/lookbook-2.3.14/app/views/lookbook/inspector/panels/_notes.html.erb (Duration: 5.4ms | GC: 3.1ms)
  Rendered /home/ivan/.local/share/mise/installs/ruby/3.3.7/lib/ruby/gems/3.3.0/gems/lookbook-2.3.14/app/views/lookbook/inspector/inputs/_select.html.erb (Duration: 1.1ms | GC: 0.0ms)
  Rendered /home/ivan/.local/share/mise/installs/ruby/3.3.7/lib/ruby/gems/3.3.0/gems/lookbook-2.3.14/app/views/lookbook/inspector/panels/_params.html.erb (Duration: 22.1ms | GC: 11.4ms)
  Rendered /home/ivan/.local/share/mise/installs/ruby/3.3.7/lib/ruby/gems/3.3.0/gems/lookbook-2.3.14/app/views/lookbook/inspector/show.html.erb within layouts/lookbook/application (Duration: 122.5ms | GC: 44.3ms)
  Rendered /home/ivan/.local/share/mise/installs/ruby/3.3.7/lib/ruby/gems/3.3.0/gems/lookbook-2.3.14/app/views/lookbook/partials/_user_styles.html.erb (Duration: 0.2ms | GC: 0.0ms)
  Rendering /home/ivan/.local/share/mise/installs/ruby/3.3.7/lib/ruby/gems/3.3.0/gems/lookbook-2.3.14/app/views/layouts/lookbook/skeleton.html.erb
  Rendered /home/ivan/.local/share/mise/installs/ruby/3.3.7/lib/ruby/gems/3.3.0/gems/lookbook-2.3.14/app/views/layouts/lookbook/skeleton.html.erb (Duration: 1.1ms | GC: 0.0ms)
  Rendered layout /home/ivan/.local/share/mise/installs/ruby/3.3.7/lib/ruby/gems/3.3.0/gems/lookbook-2.3.14/app/views/layouts/lookbook/application.html.erb (Duration: 317.3ms | GC: 109.3ms)
Completed 200 OK in 327ms (Views: 318.3ms | ActiveRecord: 0.0ms (0 queries, 0 cached) | GC: 110.1ms)


Started GET "/lookbook-assets/css/lookbook.css?v=2.3.14" for 127.0.0.1 at 2026-04-24 12:28:21 -0400
Started GET "/lookbook-assets/css/themes/indigo.css?v=2.3.14" for 127.0.0.1 at 2026-04-24 12:28:21 -0400
Started GET "/lookbook-assets/js/index.js?v=2.3.14" for 127.0.0.1 at 2026-04-24 12:28:21 -0400
Started GET "/lookbook-assets/js/lookbook.js?v=2.3.14" for 127.0.0.1 at 2026-04-24 12:28:21 -0400
Started GET "/lookbook-assets/img/lucide-sprite.svg" for 127.0.0.1 at 2026-04-24 12:28:22 -0400
Started GET "/lookbook/preview/badge/warning_low?_display=%257B%257D&lookbook_timestamp=2026-04-24+12%3A28%3A21+-0400" for 127.0.0.1 at 2026-04-24 12:28:22 -0400
Processing by Lookbook::PreviewsController#show as HTML
  Parameters: {"_display"=>"%7B%7D", "lookbook_timestamp"=>"2026-04-24 12:28:21 -0400", "path"=>"badge/warning_low"}
Processing by Lookbook::PreviewController#render_scenario_to_string as HTML
  Parameters: {"_display"=>"%7B%7D", "lookbook_timestamp"=>"2026-04-24 12:28:21 -0400", "path"=>"badge/warning_low"}
  Rendering /home/ivan/.local/share/mise/installs/ruby/3.3.7/lib/ruby/gems/3.3.0/gems/lookbook-2.3.14/app/views/lookbook/previews/preview.html.erb
  Rendered ui/_badge.html.erb (Duration: 0.0ms | GC: 0.0ms)
  Rendered /home/ivan/.local/share/mise/installs/ruby/3.3.7/lib/ruby/gems/3.3.0/gems/lookbook-2.3.14/app/views/lookbook/previews/preview.html.erb (Duration: 0.1ms | GC: 0.0ms)
  Rendering html template
  Rendered html template (Duration: 0.0ms | GC: 0.0ms)
Completed 200 OK in 1ms (Views: 0.2ms | ActiveRecord: 0.0ms (0 queries, 0 cached) | GC: 0.0ms)


Processing by Lookbook::PreviewController#render_in_layout_to_string as HTML
  Parameters: {"_display"=>"%7B%7D", "lookbook_timestamp"=>"2026-04-24 12:28:21 -0400", "path"=>"badge/warning_low"}
  Rendering layout layouts/lookbook.html.erb
  Rendering /home/ivan/.local/share/mise/installs/ruby/3.3.7/lib/ruby/gems/3.3.0/gems/lookbook-2.3.14/app/views/lookbook/previews/group.html.erb within layouts/lookbook
  Rendered /home/ivan/.local/share/mise/installs/ruby/3.3.7/lib/ruby/gems/3.3.0/gems/lookbook-2.3.14/app/views/lookbook/previews/group.html.erb within layouts/lookbook (Duration: 0.6ms | GC: 0.0ms)
  Rendered layout layouts/lookbook.html.erb (Duration: 4.2ms | GC: 0.0ms)
Completed 500 Internal Server Error in 6ms (Views: 0.2ms | ActiveRecord: 0.0ms (0 queries, 0 cached) | GC: 0.0ms)


rescue_from handled ActionView::Template::Error (The asset 'tailwind/application.css' was not found in the load path.) - /home/ivan/.local/share/mise/installs/ruby/3.3.7/lib/ruby/gems/3.3.0/gems/propshaft-1.3.2/lib/propshaft/helper.rb:50:in `compute_asset_path'
  Rendering layout /home/ivan/.local/share/mise/installs/ruby/3.3.7/lib/ruby/gems/3.3.0/gems/lookbook-2.3.14/app/views/layouts/lookbook/skeleton.html.erb
  Rendering /home/ivan/.local/share/mise/installs/ruby/3.3.7/lib/ruby/gems/3.3.0/gems/lookbook-2.3.14/app/views/lookbook/errors/default.html.erb within layouts/lookbook/skeleton
  Rendered /home/ivan/.local/share/mise/installs/ruby/3.3.7/lib/ruby/gems/3.3.0/gems/lookbook-2.3.14/app/views/lookbook/errors/default.html.erb within layouts/lookbook/skeleton (Duration: 12.0ms | GC: 0.8ms)
  Rendered layout /home/ivan/.local/share/mise/installs/ruby/3.3.7/lib/ruby/gems/3.3.0/gems/lookbook-2.3.14/app/views/layouts/lookbook/skeleton.html.erb (Duration: 13.3ms | GC: 0.8ms)
Completed 500 Internal Server Error in 23ms (Views: 14.8ms | ActiveRecord: 0.0ms (0 queries, 0 cached) | GC: 0.8ms)


Started GET "/lookbook-assets/Inter-italic.var.69eb0fe1.woff2" for 127.0.0.1 at 2026-04-24 12:28:22 -0400
Started GET "/lookbook-assets/SourceCodeVariable-Roman.ttf.118e9f22.woff2" for 127.0.0.1 at 2026-04-24 12:28:22 -0400
Started GET "/lookbook-assets/Inter-roman.var.b695afbe.woff2" for 127.0.0.1 at 2026-04-24 12:28:22 -0400
Started GET "/lookbook-assets/css/lookbook.css?v=2.3.14" for 127.0.0.1 at 2026-04-24 12:28:22 -0400
Started GET "/lookbook-assets/js/index.js?v=2.3.14" for 127.0.0.1 at 2026-04-24 12:28:22 -0400
Started GET "/lookbook-assets/css/themes/indigo.css?v=2.3.14" for 127.0.0.1 at 2026-04-24 12:28:22 -0400
Started GET "/lookbook-assets/js/lookbook.js?v=2.3.14" for 127.0.0.1 at 2026-04-24 12:28:22 -0400
Started GET "/lookbook-assets/Inter-roman.var.b695afbe.woff2" for 127.0.0.1 at 2026-04-24 12:28:22 -0400
Started GET "/lookbook-assets/SourceCodeVariable-Roman.ttf.118e9f22.woff2" for 127.0.0.1 at 2026-04-24 12:28:22 -0400
Started GET "/lookbook-assets/SourceCodeVariable-Italic.ttf.09b4354a.woff2" for 127.0.0.1 at 2026-04-24 12:28:22 -0400
Started GET "/lookbook/inspect/badge/warning_high" for 127.0.0.1 at 2026-04-24 12:28:24 -0400
Processing by Lookbook::InspectorController#show as */*
  Parameters: {"path"=>"badge/warning_high"}
Processing by Lookbook::PreviewController#render_scenario_to_string as */*
  Parameters: {"path"=>"badge/warning_high"}
  Rendering /home/ivan/.local/share/mise/installs/ruby/3.3.7/lib/ruby/gems/3.3.0/gems/lookbook-2.3.14/app/views/lookbook/previews/preview.html.erb
  Rendered ui/_badge.html.erb (Duration: 0.1ms | GC: 0.0ms)
  Rendered /home/ivan/.local/share/mise/installs/ruby/3.3.7/lib/ruby/gems/3.3.0/gems/lookbook-2.3.14/app/views/lookbook/previews/preview.html.erb (Duration: 0.3ms | GC: 0.0ms)
  Rendering html template
  Rendered html template (Duration: 0.0ms | GC: 0.0ms)
Completed 200 OK in 2ms (Views: 0.4ms | ActiveRecord: 0.0ms (0 queries, 0 cached) | GC: 0.0ms)


  Rendering layout /home/ivan/.local/share/mise/installs/ruby/3.3.7/lib/ruby/gems/3.3.0/gems/lookbook-2.3.14/app/views/layouts/lookbook/application.html.erb
  Rendering /home/ivan/.local/share/mise/installs/ruby/3.3.7/lib/ruby/gems/3.3.0/gems/lookbook-2.3.14/app/views/lookbook/inspector/show.html.erb within layouts/lookbook/application
  Rendered /home/ivan/.local/share/mise/installs/ruby/3.3.7/lib/ruby/gems/3.3.0/gems/lookbook-2.3.14/app/views/lookbook/inspector/panels/_preview.html.erb (Duration: 2.0ms | GC: 0.0ms)
  Rendered /home/ivan/.local/share/mise/installs/ruby/3.3.7/lib/ruby/gems/3.3.0/gems/lookbook-2.3.14/app/views/lookbook/inspector/panels/_output.html.erb (Duration: 0.8ms | GC: 0.0ms)
  Rendered /home/ivan/.local/share/mise/installs/ruby/3.3.7/lib/ruby/gems/3.3.0/gems/lookbook-2.3.14/app/views/lookbook/inspector/panels/_source.html.erb (Duration: 1.2ms | GC: 0.0ms)
  Rendered /home/ivan/.local/share/mise/installs/ruby/3.3.7/lib/ruby/gems/3.3.0/gems/lookbook-2.3.14/app/views/lookbook/inspector/panels/_notes.html.erb (Duration: 0.8ms | GC: 0.0ms)
  Rendered /home/ivan/.local/share/mise/installs/ruby/3.3.7/lib/ruby/gems/3.3.0/gems/lookbook-2.3.14/app/views/lookbook/inspector/inputs/_select.html.erb (Duration: 0.1ms | GC: 0.0ms)
  Rendered /home/ivan/.local/share/mise/installs/ruby/3.3.7/lib/ruby/gems/3.3.0/gems/lookbook-2.3.14/app/views/lookbook/inspector/panels/_params.html.erb (Duration: 1.9ms | GC: 0.0ms)
  Rendered /home/ivan/.local/share/mise/installs/ruby/3.3.7/lib/ruby/gems/3.3.0/gems/lookbook-2.3.14/app/views/lookbook/inspector/show.html.erb within layouts/lookbook/application (Duration: 54.5ms | GC: 9.4ms)
  Rendered layout /home/ivan/.local/share/mise/installs/ruby/3.3.7/lib/ruby/gems/3.3.0/gems/lookbook-2.3.14/app/views/layouts/lookbook/application.html.erb (Duration: 54.7ms | GC: 9.4ms)
Completed 200 OK in 62ms (Views: 55.1ms | ActiveRecord: 0.0ms (0 queries, 0 cached) | GC: 12.0ms)


Started GET "/lookbook/preview/badge/warning_high?_display=%257B%257D&lookbook_timestamp=2026-04-24+12%3A28%3A24+-0400" for 127.0.0.1 at 2026-04-24 12:28:24 -0400
Processing by Lookbook::PreviewsController#show as HTML
  Parameters: {"_display"=>"%7B%7D", "lookbook_timestamp"=>"2026-04-24 12:28:24 -0400", "path"=>"badge/warning_high"}
Processing by Lookbook::PreviewController#render_scenario_to_string as HTML
  Parameters: {"_display"=>"%7B%7D", "lookbook_timestamp"=>"2026-04-24 12:28:24 -0400", "path"=>"badge/warning_high"}
  Rendering /home/ivan/.local/share/mise/installs/ruby/3.3.7/lib/ruby/gems/3.3.0/gems/lookbook-2.3.14/app/views/lookbook/previews/preview.html.erb
  Rendered ui/_badge.html.erb (Duration: 0.0ms | GC: 0.0ms)
  Rendered /home/ivan/.local/share/mise/installs/ruby/3.3.7/lib/ruby/gems/3.3.0/gems/lookbook-2.3.14/app/views/lookbook/previews/preview.html.erb (Duration: 0.1ms | GC: 0.0ms)
  Rendering html template
  Rendered html template (Duration: 0.0ms | GC: 0.0ms)
Completed 200 OK in 1ms (Views: 0.2ms | ActiveRecord: 0.0ms (0 queries, 0 cached) | GC: 0.0ms)


Processing by Lookbook::PreviewController#render_in_layout_to_string as HTML
  Parameters: {"_display"=>"%7B%7D", "lookbook_timestamp"=>"2026-04-24 12:28:24 -0400", "path"=>"badge/warning_high"}
  Rendering layout layouts/lookbook.html.erb
  Rendering /home/ivan/.local/share/mise/installs/ruby/3.3.7/lib/ruby/gems/3.3.0/gems/lookbook-2.3.14/app/views/lookbook/previews/group.html.erb within layouts/lookbook
  Rendered /home/ivan/.local/share/mise/installs/ruby/3.3.7/lib/ruby/gems/3.3.0/gems/lookbook-2.3.14/app/views/lookbook/previews/group.html.erb within layouts/lookbook (Duration: 0.0ms | GC: 0.0ms)
  Rendered layout layouts/lookbook.html.erb (Duration: 0.9ms | GC: 0.0ms)
Completed 500 Internal Server Error in 1ms (Views: 0.2ms | ActiveRecord: 0.0ms (0 queries, 0 cached) | GC: 0.0ms)


rescue_from handled ActionView::Template::Error (The asset 'tailwind/application.css' was not found in the load path.) - /home/ivan/.local/share/mise/installs/ruby/3.3.7/lib/ruby/gems/3.3.0/gems/propshaft-1.3.2/lib/propshaft/helper.rb:50:in `compute_asset_path'
  Rendering layout /home/ivan/.local/share/mise/installs/ruby/3.3.7/lib/ruby/gems/3.3.0/gems/lookbook-2.3.14/app/views/layouts/lookbook/skeleton.html.erb
  Rendering /home/ivan/.local/share/mise/installs/ruby/3.3.7/lib/ruby/gems/3.3.0/gems/lookbook-2.3.14/app/views/lookbook/errors/default.html.erb within layouts/lookbook/skeleton
  Rendered /home/ivan/.local/share/mise/installs/ruby/3.3.7/lib/ruby/gems/3.3.0/gems/lookbook-2.3.14/app/views/lookbook/errors/default.html.erb within layouts/lookbook/skeleton (Duration: 13.9ms | GC: 0.0ms)
  Rendered layout /home/ivan/.local/share/mise/installs/ruby/3.3.7/lib/ruby/gems/3.3.0/gems/lookbook-2.3.14/app/views/layouts/lookbook/skeleton.html.erb (Duration: 14.4ms | GC: 0.0ms)
Completed 500 Internal Server Error in 19ms (Views: 14.8ms | ActiveRecord: 0.0ms (0 queries, 0 cached) | GC: 0.0ms)


Started GET "/lookbook-assets/css/lookbook.css?v=2.3.14" for 127.0.0.1 at 2026-04-24 12:28:24 -0400
Started GET "/lookbook-assets/css/themes/indigo.css?v=2.3.14" for 127.0.0.1 at 2026-04-24 12:28:24 -0400
Started GET "/lookbook-assets/js/index.js?v=2.3.14" for 127.0.0.1 at 2026-04-24 12:28:24 -0400
Started GET "/lookbook-assets/js/lookbook.js?v=2.3.14" for 127.0.0.1 at 2026-04-24 12:28:24 -0400
Started GET "/lookbook-assets/Inter-roman.var.b695afbe.woff2" for 127.0.0.1 at 2026-04-24 12:28:24 -0400
Started GET "/lookbook-assets/SourceCodeVariable-Roman.ttf.118e9f22.woff2" for 127.0.0.1 at 2026-04-24 12:28:24 -0400
Started GET "/lookbook-assets/SourceCodeVariable-Italic.ttf.09b4354a.woff2" for 127.0.0.1 at 2026-04-24 12:28:24 -0400
Started GET "/lookbook/inspect/badge/success" for 127.0.0.1 at 2026-04-24 12:28:25 -0400
Processing by Lookbook::InspectorController#show as */*
  Parameters: {"path"=>"badge/success"}
Processing by Lookbook::PreviewController#render_scenario_to_string as */*
  Parameters: {"path"=>"badge/success"}
  Rendering /home/ivan/.local/share/mise/installs/ruby/3.3.7/lib/ruby/gems/3.3.0/gems/lookbook-2.3.14/app/views/lookbook/previews/preview.html.erb
  Rendered ui/_badge.html.erb (Duration: 0.0ms | GC: 0.0ms)
  Rendered /home/ivan/.local/share/mise/installs/ruby/3.3.7/lib/ruby/gems/3.3.0/gems/lookbook-2.3.14/app/views/lookbook/previews/preview.html.erb (Duration: 0.2ms | GC: 0.0ms)
  Rendering html template
  Rendered html template (Duration: 0.0ms | GC: 0.0ms)
Completed 200 OK in 1ms (Views: 0.2ms | ActiveRecord: 0.0ms (0 queries, 0 cached) | GC: 0.0ms)


  Rendering layout /home/ivan/.local/share/mise/installs/ruby/3.3.7/lib/ruby/gems/3.3.0/gems/lookbook-2.3.14/app/views/layouts/lookbook/application.html.erb
  Rendering /home/ivan/.local/share/mise/installs/ruby/3.3.7/lib/ruby/gems/3.3.0/gems/lookbook-2.3.14/app/views/lookbook/inspector/show.html.erb within layouts/lookbook/application
  Rendered /home/ivan/.local/share/mise/installs/ruby/3.3.7/lib/ruby/gems/3.3.0/gems/lookbook-2.3.14/app/views/lookbook/inspector/panels/_preview.html.erb (Duration: 1.9ms | GC: 0.0ms)
  Rendered /home/ivan/.local/share/mise/installs/ruby/3.3.7/lib/ruby/gems/3.3.0/gems/lookbook-2.3.14/app/views/lookbook/inspector/panels/_output.html.erb (Duration: 0.7ms | GC: 0.0ms)
  Rendered /home/ivan/.local/share/mise/installs/ruby/3.3.7/lib/ruby/gems/3.3.0/gems/lookbook-2.3.14/app/views/lookbook/inspector/panels/_source.html.erb (Duration: 1.3ms | GC: 0.0ms)
  Rendered /home/ivan/.local/share/mise/installs/ruby/3.3.7/lib/ruby/gems/3.3.0/gems/lookbook-2.3.14/app/views/lookbook/inspector/panels/_notes.html.erb (Duration: 1.6ms | GC: 0.3ms)
  Rendered /home/ivan/.local/share/mise/installs/ruby/3.3.7/lib/ruby/gems/3.3.0/gems/lookbook-2.3.14/app/views/lookbook/inspector/inputs/_select.html.erb (Duration: 0.1ms | GC: 0.0ms)
  Rendered /home/ivan/.local/share/mise/installs/ruby/3.3.7/lib/ruby/gems/3.3.0/gems/lookbook-2.3.14/app/views/lookbook/inspector/panels/_params.html.erb (Duration: 2.7ms | GC: 0.3ms)
  Rendered /home/ivan/.local/share/mise/installs/ruby/3.3.7/lib/ruby/gems/3.3.0/gems/lookbook-2.3.14/app/views/lookbook/inspector/show.html.erb within layouts/lookbook/application (Duration: 65.4ms | GC: 12.5ms)
  Rendered layout /home/ivan/.local/share/mise/installs/ruby/3.3.7/lib/ruby/gems/3.3.0/gems/lookbook-2.3.14/app/views/layouts/lookbook/application.html.erb (Duration: 66.0ms | GC: 12.5ms)
Completed 200 OK in 70ms (Views: 66.5ms | ActiveRecord: 0.0ms (0 queries, 0 cached) | GC: 12.5ms)


Started GET "/lookbook/preview/badge/success?_display=%257B%257D&lookbook_timestamp=2026-04-24+12%3A28%3A25+-0400" for 127.0.0.1 at 2026-04-24 12:28:25 -0400
Processing by Lookbook::PreviewsController#show as HTML
  Parameters: {"_display"=>"%7B%7D", "lookbook_timestamp"=>"2026-04-24 12:28:25 -0400", "path"=>"badge/success"}
Processing by Lookbook::PreviewController#render_scenario_to_string as HTML
  Parameters: {"_display"=>"%7B%7D", "lookbook_timestamp"=>"2026-04-24 12:28:25 -0400", "path"=>"badge/success"}
  Rendering /home/ivan/.local/share/mise/installs/ruby/3.3.7/lib/ruby/gems/3.3.0/gems/lookbook-2.3.14/app/views/lookbook/previews/preview.html.erb
  Rendered ui/_badge.html.erb (Duration: 0.0ms | GC: 0.0ms)
  Rendered /home/ivan/.local/share/mise/installs/ruby/3.3.7/lib/ruby/gems/3.3.0/gems/lookbook-2.3.14/app/views/lookbook/previews/preview.html.erb (Duration: 0.1ms | GC: 0.0ms)
  Rendering html template
  Rendered html template (Duration: 0.0ms | GC: 0.0ms)
Completed 200 OK in 1ms (Views: 0.2ms | ActiveRecord: 0.0ms (0 queries, 0 cached) | GC: 0.0ms)


Processing by Lookbook::PreviewController#render_in_layout_to_string as HTML
  Parameters: {"_display"=>"%7B%7D", "lookbook_timestamp"=>"2026-04-24 12:28:25 -0400", "path"=>"badge/success"}
  Rendering layout layouts/lookbook.html.erb
  Rendering /home/ivan/.local/share/mise/installs/ruby/3.3.7/lib/ruby/gems/3.3.0/gems/lookbook-2.3.14/app/views/lookbook/previews/group.html.erb within layouts/lookbook
  Rendered /home/ivan/.local/share/mise/installs/ruby/3.3.7/lib/ruby/gems/3.3.0/gems/lookbook-2.3.14/app/views/lookbook/previews/group.html.erb within layouts/lookbook (Duration: 0.0ms | GC: 0.0ms)
  Rendered layout layouts/lookbook.html.erb (Duration: 1.0ms | GC: 0.0ms)
Completed 500 Internal Server Error in 2ms (Views: 0.2ms | ActiveRecord: 0.0ms (0 queries, 0 cached) | GC: 0.0ms)


rescue_from handled ActionView::Template::Error (The asset 'tailwind/application.css' was not found in the load path.) - /home/ivan/.local/share/mise/installs/ruby/3.3.7/lib/ruby/gems/3.3.0/gems/propshaft-1.3.2/lib/propshaft/helper.rb:50:in `compute_asset_path'
  Rendering layout /home/ivan/.local/share/mise/installs/ruby/3.3.7/lib/ruby/gems/3.3.0/gems/lookbook-2.3.14/app/views/layouts/lookbook/skeleton.html.erb
  Rendering /home/ivan/.local/share/mise/installs/ruby/3.3.7/lib/ruby/gems/3.3.0/gems/lookbook-2.3.14/app/views/lookbook/errors/default.html.erb within layouts/lookbook/skeleton
  Rendered /home/ivan/.local/share/mise/installs/ruby/3.3.7/lib/ruby/gems/3.3.0/gems/lookbook-2.3.14/app/views/lookbook/errors/default.html.erb within layouts/lookbook/skeleton (Duration: 13.2ms | GC: 1.6ms)
  Rendered layout /home/ivan/.local/share/mise/installs/ruby/3.3.7/lib/ruby/gems/3.3.0/gems/lookbook-2.3.14/app/views/layouts/lookbook/skeleton.html.erb (Duration: 13.8ms | GC: 1.6ms)
Completed 500 Internal Server Error in 18ms (Views: 14.1ms | ActiveRecord: 0.0ms (0 queries, 0 cached) | GC: 1.6ms)


Started GET "/lookbook-assets/css/lookbook.css?v=2.3.14" for 127.0.0.1 at 2026-04-24 12:28:25 -0400
Started GET "/lookbook-assets/js/index.js?v=2.3.14" for 127.0.0.1 at 2026-04-24 12:28:25 -0400
Started GET "/lookbook-assets/css/themes/indigo.css?v=2.3.14" for 127.0.0.1 at 2026-04-24 12:28:25 -0400
Started GET "/lookbook-assets/js/lookbook.js?v=2.3.14" for 127.0.0.1 at 2026-04-24 12:28:25 -0400
Started GET "/lookbook-assets/Inter-roman.var.b695afbe.woff2" for 127.0.0.1 at 2026-04-24 12:28:25 -0400
Started GET "/lookbook-assets/SourceCodeVariable-Roman.ttf.118e9f22.woff2" for 127.0.0.1 at 2026-04-24 12:28:25 -0400
Started GET "/lookbook-assets/SourceCodeVariable-Italic.ttf.09b4354a.woff2" for 127.0.0.1 at 2026-04-24 12:28:25 -0400
Started GET "/lookbook/inspect/badge/success" for 127.0.0.1 at 2026-04-24 12:28:32 -0400
Processing by Lookbook::InspectorController#show as HTML
  Parameters: {"path"=>"badge/success"}
Processing by Lookbook::PreviewController#render_scenario_to_string as HTML
  Parameters: {"path"=>"badge/success"}
  Rendering /home/ivan/.local/share/mise/installs/ruby/3.3.7/lib/ruby/gems/3.3.0/gems/lookbook-2.3.14/app/views/lookbook/previews/preview.html.erb
  Rendered ui/_badge.html.erb (Duration: 0.0ms | GC: 0.0ms)
  Rendered /home/ivan/.local/share/mise/installs/ruby/3.3.7/lib/ruby/gems/3.3.0/gems/lookbook-2.3.14/app/views/lookbook/previews/preview.html.erb (Duration: 0.1ms | GC: 0.0ms)
  Rendering html template
  Rendered html template (Duration: 0.0ms | GC: 0.0ms)
Completed 200 OK in 1ms (Views: 0.2ms | ActiveRecord: 0.0ms (0 queries, 0 cached) | GC: 0.0ms)


  Rendering layout /home/ivan/.local/share/mise/installs/ruby/3.3.7/lib/ruby/gems/3.3.0/gems/lookbook-2.3.14/app/views/layouts/lookbook/application.html.erb
  Rendering /home/ivan/.local/share/mise/installs/ruby/3.3.7/lib/ruby/gems/3.3.0/gems/lookbook-2.3.14/app/views/lookbook/inspector/show.html.erb within layouts/lookbook/application
  Rendered /home/ivan/.local/share/mise/installs/ruby/3.3.7/lib/ruby/gems/3.3.0/gems/lookbook-2.3.14/app/views/lookbook/inspector/panels/_preview.html.erb (Duration: 2.4ms | GC: 0.3ms)
  Rendered /home/ivan/.local/share/mise/installs/ruby/3.3.7/lib/ruby/gems/3.3.0/gems/lookbook-2.3.14/app/views/lookbook/inspector/panels/_output.html.erb (Duration: 0.7ms | GC: 0.0ms)
  Rendered /home/ivan/.local/share/mise/installs/ruby/3.3.7/lib/ruby/gems/3.3.0/gems/lookbook-2.3.14/app/views/lookbook/inspector/panels/_source.html.erb (Duration: 1.1ms | GC: 0.0ms)
  Rendered /home/ivan/.local/share/mise/installs/ruby/3.3.7/lib/ruby/gems/3.3.0/gems/lookbook-2.3.14/app/views/lookbook/inspector/panels/_notes.html.erb (Duration: 1.5ms | GC: 0.5ms)
  Rendered /home/ivan/.local/share/mise/installs/ruby/3.3.7/lib/ruby/gems/3.3.0/gems/lookbook-2.3.14/app/views/lookbook/inspector/inputs/_select.html.erb (Duration: 0.3ms | GC: 0.0ms)
  Rendered /home/ivan/.local/share/mise/installs/ruby/3.3.7/lib/ruby/gems/3.3.0/gems/lookbook-2.3.14/app/views/lookbook/inspector/panels/_params.html.erb (Duration: 5.6ms | GC: 0.5ms)
  Rendered /home/ivan/.local/share/mise/installs/ruby/3.3.7/lib/ruby/gems/3.3.0/gems/lookbook-2.3.14/app/views/lookbook/inspector/show.html.erb within layouts/lookbook/application (Duration: 59.4ms | GC: 10.4ms)
  Rendered /home/ivan/.local/share/mise/installs/ruby/3.3.7/lib/ruby/gems/3.3.0/gems/lookbook-2.3.14/app/views/lookbook/partials/_user_styles.html.erb (Duration: 0.0ms | GC: 0.0ms)
  Rendering /home/ivan/.local/share/mise/installs/ruby/3.3.7/lib/ruby/gems/3.3.0/gems/lookbook-2.3.14/app/views/layouts/lookbook/skeleton.html.erb
  Rendered /home/ivan/.local/share/mise/installs/ruby/3.3.7/lib/ruby/gems/3.3.0/gems/lookbook-2.3.14/app/views/layouts/lookbook/skeleton.html.erb (Duration: 0.6ms | GC: 0.0ms)
  Rendered layout /home/ivan/.local/share/mise/installs/ruby/3.3.7/lib/ruby/gems/3.3.0/gems/lookbook-2.3.14/app/views/layouts/lookbook/application.html.erb (Duration: 213.5ms | GC: 46.4ms)
Completed 200 OK in 216ms (Views: 213.8ms | ActiveRecord: 0.0ms (0 queries, 0 cached) | GC: 46.4ms)


Started GET "/lookbook-assets/css/lookbook.css?v=2.3.14" for 127.0.0.1 at 2026-04-24 12:28:32 -0400
Started GET "/lookbook-assets/css/themes/indigo.css?v=2.3.14" for 127.0.0.1 at 2026-04-24 12:28:32 -0400
Started GET "/lookbook-assets/js/index.js?v=2.3.14" for 127.0.0.1 at 2026-04-24 12:28:32 -0400
Started GET "/lookbook-assets/js/lookbook.js?v=2.3.14" for 127.0.0.1 at 2026-04-24 12:28:32 -0400
Started GET "/lookbook-assets/img/lucide-sprite.svg" for 127.0.0.1 at 2026-04-24 12:28:32 -0400
Started GET "/lookbook/preview/badge/success?_display=%257B%257D&lookbook_timestamp=2026-04-24+12%3A28%3A32+-0400" for 127.0.0.1 at 2026-04-24 12:28:32 -0400
Processing by Lookbook::PreviewsController#show as HTML
  Parameters: {"_display"=>"%7B%7D", "lookbook_timestamp"=>"2026-04-24 12:28:32 -0400", "path"=>"badge/success"}
Processing by Lookbook::PreviewController#render_scenario_to_string as HTML
  Parameters: {"_display"=>"%7B%7D", "lookbook_timestamp"=>"2026-04-24 12:28:32 -0400", "path"=>"badge/success"}
  Rendering /home/ivan/.local/share/mise/installs/ruby/3.3.7/lib/ruby/gems/3.3.0/gems/lookbook-2.3.14/app/views/lookbook/previews/preview.html.erb
  Rendered ui/_badge.html.erb (Duration: 0.0ms | GC: 0.0ms)
  Rendered /home/ivan/.local/share/mise/installs/ruby/3.3.7/lib/ruby/gems/3.3.0/gems/lookbook-2.3.14/app/views/lookbook/previews/preview.html.erb (Duration: 0.2ms | GC: 0.0ms)
  Rendering html template
  Rendered html template (Duration: 0.0ms | GC: 0.0ms)
Completed 200 OK in 2ms (Views: 0.3ms | ActiveRecord: 0.0ms (0 queries, 0 cached) | GC: 0.0ms)


Processing by Lookbook::PreviewController#render_in_layout_to_string as HTML
  Parameters: {"_display"=>"%7B%7D", "lookbook_timestamp"=>"2026-04-24 12:28:32 -0400", "path"=>"badge/success"}
  Rendering layout layouts/lookbook.html.erb
  Rendering /home/ivan/.local/share/mise/installs/ruby/3.3.7/lib/ruby/gems/3.3.0/gems/lookbook-2.3.14/app/views/lookbook/previews/group.html.erb within layouts/lookbook
  Rendered /home/ivan/.local/share/mise/installs/ruby/3.3.7/lib/ruby/gems/3.3.0/gems/lookbook-2.3.14/app/views/lookbook/previews/group.html.erb within layouts/lookbook (Duration: 0.0ms | GC: 0.0ms)
  Rendered layout layouts/lookbook.html.erb (Duration: 1.5ms | GC: 0.0ms)
Completed 500 Internal Server Error in 3ms (Views: 0.3ms | ActiveRecord: 0.0ms (0 queries, 0 cached) | GC: 0.0ms)


rescue_from handled ActionView::Template::Error (The asset 'tailwind/application.css' was not found in the load path.) - /home/ivan/.local/share/mise/installs/ruby/3.3.7/lib/ruby/gems/3.3.0/gems/propshaft-1.3.2/lib/propshaft/helper.rb:50:in `compute_asset_path'
  Rendering layout /home/ivan/.local/share/mise/installs/ruby/3.3.7/lib/ruby/gems/3.3.0/gems/lookbook-2.3.14/app/views/layouts/lookbook/skeleton.html.erb
  Rendering /home/ivan/.local/share/mise/installs/ruby/3.3.7/lib/ruby/gems/3.3.0/gems/lookbook-2.3.14/app/views/lookbook/errors/default.html.erb within layouts/lookbook/skeleton
  Rendered /home/ivan/.local/share/mise/installs/ruby/3.3.7/lib/ruby/gems/3.3.0/gems/lookbook-2.3.14/app/views/lookbook/errors/default.html.erb within layouts/lookbook/skeleton (Duration: 13.4ms | GC: 2.5ms)
  Rendered layout /home/ivan/.local/share/mise/installs/ruby/3.3.7/lib/ruby/gems/3.3.0/gems/lookbook-2.3.14/app/views/layouts/lookbook/skeleton.html.erb (Duration: 14.1ms | GC: 2.5ms)
Completed 500 Internal Server Error in 23ms (Views: 14.7ms | ActiveRecord: 0.0ms (0 queries, 0 cached) | GC: 2.5ms)


Started GET "/lookbook-assets/Inter-roman.var.b695afbe.woff2" for 127.0.0.1 at 2026-04-24 12:28:32 -0400
Started GET "/lookbook-assets/Inter-italic.var.69eb0fe1.woff2" for 127.0.0.1 at 2026-04-24 12:28:32 -0400
Started GET "/lookbook-assets/SourceCodeVariable-Roman.ttf.118e9f22.woff2" for 127.0.0.1 at 2026-04-24 12:28:32 -0400
Started GET "/lookbook-assets/css/lookbook.css?v=2.3.14" for 127.0.0.1 at 2026-04-24 12:28:33 -0400
Started GET "/lookbook-assets/js/index.js?v=2.3.14" for 127.0.0.1 at 2026-04-24 12:28:33 -0400
Started GET "/lookbook-assets/css/themes/indigo.css?v=2.3.14" for 127.0.0.1 at 2026-04-24 12:28:33 -0400
Started GET "/lookbook-assets/js/lookbook.js?v=2.3.14" for 127.0.0.1 at 2026-04-24 12:28:33 -0400
Started GET "/lookbook-assets/Inter-roman.var.b695afbe.woff2" for 127.0.0.1 at 2026-04-24 12:28:33 -0400
Started GET "/lookbook-assets/SourceCodeVariable-Roman.ttf.118e9f22.woff2" for 127.0.0.1 at 2026-04-24 12:28:33 -0400
Started GET "/lookbook-assets/SourceCodeVariable-Italic.ttf.09b4354a.woff2" for 127.0.0.1 at 2026-04-24 12:28:33 -0400
Started GET "/lookbook/inspect/app_views/dashboard/default" for 127.0.0.1 at 2026-04-24 12:28:36 -0400
Processing by Lookbook::InspectorController#show as */*
  Parameters: {"path"=>"app_views/dashboard/default"}
Processing by Lookbook::PreviewController#render_scenario_to_string as */*
  Parameters: {"path"=>"app_views/dashboard/default"}
  Rendering ui/previews/app_views/dashboard.html.erb
  Rendered ui/_sidebar_menu_item.html.erb (Duration: 0.2ms | GC: 0.0ms)
  Rendered ui/_sidebar_menu_item.html.erb (Duration: 0.1ms | GC: 0.0ms)
  Rendered ui/_sidebar_menu_item.html.erb (Duration: 0.5ms | GC: 0.0ms)
  Rendered ui/_sidebar_menu_item.html.erb (Duration: 0.1ms | GC: 0.0ms)
  Rendered ui/_sidebar_menu_item.html.erb (Duration: 0.1ms | GC: 0.0ms)
  Rendered ui/_sidebar_menu_item.html.erb (Duration: 0.1ms | GC: 0.0ms)
  Rendered ui/_sidebar_menu_item.html.erb (Duration: 0.1ms | GC: 0.0ms)
  Rendered ui/_sidebar_menu_item.html.erb (Duration: 0.1ms | GC: 0.0ms)
  Rendered ui/_sidebar_menu_item.html.erb (Duration: 0.1ms | GC: 0.0ms)
  Rendered ui/_sidebar_menu_item.html.erb (Duration: 0.1ms | GC: 0.0ms)
  Rendered ui/_sidebar_menu_item.html.erb (Duration: 0.1ms | GC: 0.0ms)
  Rendered ui/_sidebar_menu_item.html.erb (Duration: 0.1ms | GC: 0.0ms)
  Rendered ui/_sidebar_menu_item.html.erb (Duration: 0.1ms | GC: 0.0ms)
  Rendered ui/_sidebar.html.erb (Duration: 4.6ms | GC: 0.6ms)
  Rendered ui/_heading.html.erb (Duration: 0.4ms | GC: 0.0ms)
  Rendered ui/_field.html.erb (Duration: 0.2ms | GC: 0.0ms)
  Rendered ui/_icon_button.html.erb (Duration: 0.2ms | GC: 0.0ms)
  Rendered ui/_badge.html.erb (Duration: 0.0ms | GC: 0.0ms)
  Rendered ui/_dropdown_menu.html.erb (Duration: 0.4ms | GC: 0.0ms)
  Rendered ui/_field.html.erb (Duration: 0.0ms | GC: 0.0ms)
  Rendered ui/_field.html.erb (Duration: 0.0ms | GC: 0.0ms)
  Rendered ui/_field.html.erb (Duration: 0.0ms | GC: 0.0ms)
  Rendered ui/_badge.html.erb (Duration: 0.0ms | GC: 0.0ms)
  Rendered ui/_field.html.erb (Duration: 0.1ms | GC: 0.0ms)
  Rendered ui/_field.html.erb (Duration: 0.0ms | GC: 0.0ms)
  Rendered ui/_field.html.erb (Duration: 0.0ms | GC: 0.0ms)
  Rendered ui/_button.html.erb (Duration: 0.2ms | GC: 0.0ms)
  Rendered ui/_badge.html.erb (Duration: 0.0ms | GC: 0.0ms)
  Rendered ui/_button.html.erb (Duration: 0.0ms | GC: 0.0ms)
  Rendered ui/_data_table.html.erb (Duration: 0.4ms | GC: 0.0ms)
  Rendered ui/_card.html.erb (Duration: 4.3ms | GC: 0.3ms)
  Rendered ui/_location_card_lookbook.html.erb (Duration: 5.9ms | GC: 0.3ms)
  Rendered ui/_field.html.erb (Duration: 0.0ms | GC: 0.0ms)
  Rendered ui/_icon_button.html.erb (Duration: 0.0ms | GC: 0.0ms)
  Rendered ui/_badge.html.erb (Duration: 0.0ms | GC: 0.0ms)
  Rendered ui/_dropdown_menu.html.erb (Duration: 0.1ms | GC: 0.0ms)
  Rendered ui/_field.html.erb (Duration: 0.0ms | GC: 0.0ms)
  Rendered ui/_field.html.erb (Duration: 0.0ms | GC: 0.0ms)
  Rendered ui/_field.html.erb (Duration: 0.0ms | GC: 0.0ms)
  Rendered ui/_badge.html.erb (Duration: 0.0ms | GC: 0.0ms)
  Rendered ui/_field.html.erb (Duration: 0.1ms | GC: 0.0ms)
  Rendered ui/_field.html.erb (Duration: 0.0ms | GC: 0.0ms)
  Rendered ui/_field.html.erb (Duration: 0.0ms | GC: 0.0ms)
  Rendered ui/_button.html.erb (Duration: 0.0ms | GC: 0.0ms)
  Rendered ui/_badge.html.erb (Duration: 0.0ms | GC: 0.0ms)
  Rendered ui/_button.html.erb (Duration: 0.0ms | GC: 0.0ms)
  Rendered ui/_data_table.html.erb (Duration: 0.0ms | GC: 0.0ms)
  Rendered ui/_card.html.erb (Duration: 1.3ms | GC: 0.0ms)
  Rendered ui/_location_card_lookbook.html.erb (Duration: 1.3ms | GC: 0.0ms)
  Rendered ui/_field.html.erb (Duration: 0.0ms | GC: 0.0ms)
  Rendered ui/_icon_button.html.erb (Duration: 0.0ms | GC: 0.0ms)
  Rendered ui/_badge.html.erb (Duration: 0.0ms | GC: 0.0ms)
  Rendered ui/_dropdown_menu.html.erb (Duration: 0.1ms | GC: 0.0ms)
  Rendered ui/_field.html.erb (Duration: 0.0ms | GC: 0.0ms)
  Rendered ui/_field.html.erb (Duration: 0.0ms | GC: 0.0ms)
  Rendered ui/_field.html.erb (Duration: 0.0ms | GC: 0.0ms)
  Rendered ui/_badge.html.erb (Duration: 0.0ms | GC: 0.0ms)
  Rendered ui/_field.html.erb (Duration: 0.1ms | GC: 0.0ms)
  Rendered ui/_field.html.erb (Duration: 0.0ms | GC: 0.0ms)
  Rendered ui/_field.html.erb (Duration: 0.0ms | GC: 0.0ms)
  Rendered ui/_button.html.erb (Duration: 0.0ms | GC: 0.0ms)
  Rendered ui/_badge.html.erb (Duration: 0.0ms | GC: 0.0ms)
  Rendered ui/_button.html.erb (Duration: 0.0ms | GC: 0.0ms)
  Rendered ui/_data_table.html.erb (Duration: 0.0ms | GC: 0.0ms)
  Rendered ui/_card.html.erb (Duration: 1.2ms | GC: 0.0ms)
  Rendered ui/_location_card_lookbook.html.erb (Duration: 1.3ms | GC: 0.0ms)
  Rendered ui/_field.html.erb (Duration: 0.0ms | GC: 0.0ms)
  Rendered ui/_icon_button.html.erb (Duration: 0.0ms | GC: 0.0ms)
  Rendered ui/_badge.html.erb (Duration: 0.0ms | GC: 0.0ms)
  Rendered ui/_dropdown_menu.html.erb (Duration: 0.2ms | GC: 0.0ms)
  Rendered ui/_field.html.erb (Duration: 0.0ms | GC: 0.0ms)
  Rendered ui/_field.html.erb (Duration: 0.0ms | GC: 0.0ms)
  Rendered ui/_field.html.erb (Duration: 0.0ms | GC: 0.0ms)
  Rendered ui/_badge.html.erb (Duration: 0.0ms | GC: 0.0ms)
  Rendered ui/_field.html.erb (Duration: 0.2ms | GC: 0.0ms)
  Rendered ui/_field.html.erb (Duration: 0.0ms | GC: 0.0ms)
  Rendered ui/_field.html.erb (Duration: 0.0ms | GC: 0.0ms)
  Rendered ui/_button.html.erb (Duration: 0.1ms | GC: 0.0ms)
  Rendered ui/_badge.html.erb (Duration: 0.1ms | GC: 0.0ms)
  Rendered ui/_button.html.erb (Duration: 0.1ms | GC: 0.0ms)
  Rendered ui/_data_table.html.erb (Duration: 0.0ms | GC: 0.0ms)
  Rendered ui/_card.html.erb (Duration: 3.0ms | GC: 0.0ms)
  Rendered ui/_location_card_lookbook.html.erb (Duration: 3.1ms | GC: 0.0ms)
  Rendered ui/_field.html.erb (Duration: 0.0ms | GC: 0.0ms)
  Rendered ui/_icon_button.html.erb (Duration: 0.0ms | GC: 0.0ms)
  Rendered ui/_badge.html.erb (Duration: 0.0ms | GC: 0.0ms)
  Rendered ui/_dropdown_menu.html.erb (Duration: 0.2ms | GC: 0.0ms)
  Rendered ui/_field.html.erb (Duration: 0.0ms | GC: 0.0ms)
  Rendered ui/_field.html.erb (Duration: 0.0ms | GC: 0.0ms)
  Rendered ui/_field.html.erb (Duration: 0.0ms | GC: 0.0ms)
  Rendered ui/_badge.html.erb (Duration: 0.0ms | GC: 0.0ms)
  Rendered ui/_field.html.erb (Duration: 0.1ms | GC: 0.0ms)
  Rendered ui/_field.html.erb (Duration: 0.0ms | GC: 0.0ms)
  Rendered ui/_field.html.erb (Duration: 0.0ms | GC: 0.0ms)
  Rendered ui/_button.html.erb (Duration: 0.0ms | GC: 0.0ms)
  Rendered ui/_badge.html.erb (Duration: 0.0ms | GC: 0.0ms)
  Rendered ui/_button.html.erb (Duration: 0.0ms | GC: 0.0ms)
  Rendered ui/_data_table.html.erb (Duration: 0.0ms | GC: 0.0ms)
  Rendered ui/_card.html.erb (Duration: 2.1ms | GC: 0.0ms)
  Rendered ui/_location_card_lookbook.html.erb (Duration: 2.2ms | GC: 0.0ms)
  Rendered ui/_heading.html.erb (Duration: 0.0ms | GC: 0.0ms)
  Rendered ui/_field.html.erb (Duration: 0.0ms | GC: 0.0ms)
  Rendered ui/_icon_button.html.erb (Duration: 0.0ms | GC: 0.0ms)
  Rendered ui/_badge.html.erb (Duration: 0.0ms | GC: 0.0ms)
  Rendered ui/_dropdown_menu.html.erb (Duration: 0.1ms | GC: 0.0ms)
  Rendered ui/_field.html.erb (Duration: 0.0ms | GC: 0.0ms)
  Rendered ui/_field.html.erb (Duration: 0.0ms | GC: 0.0ms)
  Rendered ui/_field.html.erb (Duration: 0.0ms | GC: 0.0ms)
  Rendered ui/_badge.html.erb (Duration: 0.0ms | GC: 0.0ms)
  Rendered ui/_field.html.erb (Duration: 0.1ms | GC: 0.0ms)
  Rendered ui/_field.html.erb (Duration: 0.0ms | GC: 0.0ms)
  Rendered ui/_field.html.erb (Duration: 0.0ms | GC: 0.0ms)
  Rendered ui/_button.html.erb (Duration: 0.0ms | GC: 0.0ms)
  Rendered ui/_badge.html.erb (Duration: 0.0ms | GC: 0.0ms)
  Rendered ui/_button.html.erb (Duration: 0.0ms | GC: 0.0ms)
  Rendered ui/_data_table.html.erb (Duration: 0.0ms | GC: 0.0ms)
  Rendered ui/_card.html.erb (Duration: 1.3ms | GC: 0.0ms)
  Rendered ui/_location_card_lookbook.html.erb (Duration: 1.4ms | GC: 0.0ms)
  Rendered ui/_field.html.erb (Duration: 0.0ms | GC: 0.0ms)
  Rendered ui/_icon_button.html.erb (Duration: 0.0ms | GC: 0.0ms)
  Rendered ui/_badge.html.erb (Duration: 0.0ms | GC: 0.0ms)
  Rendered ui/_dropdown_menu.html.erb (Duration: 0.1ms | GC: 0.0ms)
  Rendered ui/_field.html.erb (Duration: 0.0ms | GC: 0.0ms)
  Rendered ui/_field.html.erb (Duration: 0.0ms | GC: 0.0ms)
  Rendered ui/_field.html.erb (Duration: 0.0ms | GC: 0.0ms)
  Rendered ui/_badge.html.erb (Duration: 0.0ms | GC: 0.0ms)
  Rendered ui/_field.html.erb (Duration: 0.1ms | GC: 0.0ms)
  Rendered ui/_field.html.erb (Duration: 0.0ms | GC: 0.0ms)
  Rendered ui/_field.html.erb (Duration: 0.0ms | GC: 0.0ms)
  Rendered ui/_button.html.erb (Duration: 0.0ms | GC: 0.0ms)
  Rendered ui/_badge.html.erb (Duration: 0.0ms | GC: 0.0ms)
  Rendered ui/_button.html.erb (Duration: 0.0ms | GC: 0.0ms)
  Rendered ui/_data_table.html.erb (Duration: 0.0ms | GC: 0.0ms)
  Rendered ui/_card.html.erb (Duration: 1.4ms | GC: 0.0ms)
  Rendered ui/_location_card_lookbook.html.erb (Duration: 1.5ms | GC: 0.0ms)
  Rendered ui/_field.html.erb (Duration: 0.0ms | GC: 0.0ms)
  Rendered ui/_icon_button.html.erb (Duration: 0.0ms | GC: 0.0ms)
  Rendered ui/_badge.html.erb (Duration: 0.0ms | GC: 0.0ms)
  Rendered ui/_dropdown_menu.html.erb (Duration: 0.2ms | GC: 0.0ms)
  Rendered ui/_field.html.erb (Duration: 0.0ms | GC: 0.0ms)
  Rendered ui/_field.html.erb (Duration: 0.0ms | GC: 0.0ms)
  Rendered ui/_field.html.erb (Duration: 0.0ms | GC: 0.0ms)
  Rendered ui/_badge.html.erb (Duration: 0.0ms | GC: 0.0ms)
  Rendered ui/_field.html.erb (Duration: 0.1ms | GC: 0.0ms)
  Rendered ui/_field.html.erb (Duration: 0.0ms | GC: 0.0ms)
  Rendered ui/_field.html.erb (Duration: 0.0ms | GC: 0.0ms)
  Rendered ui/_button.html.erb (Duration: 0.0ms | GC: 0.0ms)
  Rendered ui/_badge.html.erb (Duration: 0.0ms | GC: 0.0ms)
  Rendered ui/_button.html.erb (Duration: 0.0ms | GC: 0.0ms)
  Rendered ui/_data_table.html.erb (Duration: 0.0ms | GC: 0.0ms)
  Rendered ui/_card.html.erb (Duration: 1.9ms | GC: 0.0ms)
  Rendered ui/_location_card_lookbook.html.erb (Duration: 2.0ms | GC: 0.0ms)
  Rendered ui/_heading.html.erb (Duration: 0.0ms | GC: 0.0ms)
  Rendered ui/_field.html.erb (Duration: 0.0ms | GC: 0.0ms)
  Rendered ui/_icon_button.html.erb (Duration: 0.0ms | GC: 0.0ms)
  Rendered ui/_badge.html.erb (Duration: 0.0ms | GC: 0.0ms)
  Rendered ui/_dropdown_menu.html.erb (Duration: 0.2ms | GC: 0.0ms)
  Rendered ui/_field.html.erb (Duration: 0.0ms | GC: 0.0ms)
  Rendered ui/_field.html.erb (Duration: 0.0ms | GC: 0.0ms)
  Rendered ui/_field.html.erb (Duration: 0.0ms | GC: 0.0ms)
  Rendered ui/_badge.html.erb (Duration: 0.0ms | GC: 0.0ms)
  Rendered ui/_field.html.erb (Duration: 0.1ms | GC: 0.0ms)
  Rendered ui/_field.html.erb (Duration: 0.0ms | GC: 0.0ms)
  Rendered ui/_field.html.erb (Duration: 0.0ms | GC: 0.0ms)
  Rendered ui/_button.html.erb (Duration: 0.0ms | GC: 0.0ms)
  Rendered ui/_badge.html.erb (Duration: 0.0ms | GC: 0.0ms)
  Rendered ui/_button.html.erb (Duration: 0.0ms | GC: 0.0ms)
  Rendered ui/_data_table.html.erb (Duration: 0.0ms | GC: 0.0ms)
  Rendered ui/_card.html.erb (Duration: 1.7ms | GC: 0.0ms)
  Rendered ui/_location_card_lookbook.html.erb (Duration: 1.8ms | GC: 0.0ms)
  Rendered ui/_field.html.erb (Duration: 0.0ms | GC: 0.0ms)
  Rendered ui/_icon_button.html.erb (Duration: 0.0ms | GC: 0.0ms)
  Rendered ui/_badge.html.erb (Duration: 0.0ms | GC: 0.0ms)
  Rendered ui/_dropdown_menu.html.erb (Duration: 0.1ms | GC: 0.0ms)
  Rendered ui/_field.html.erb (Duration: 0.0ms | GC: 0.0ms)
  Rendered ui/_field.html.erb (Duration: 0.0ms | GC: 0.0ms)
  Rendered ui/_field.html.erb (Duration: 0.0ms | GC: 0.0ms)
  Rendered ui/_badge.html.erb (Duration: 0.0ms | GC: 0.0ms)
  Rendered ui/_field.html.erb (Duration: 0.1ms | GC: 0.0ms)
  Rendered ui/_field.html.erb (Duration: 0.0ms | GC: 0.0ms)
  Rendered ui/_field.html.erb (Duration: 0.0ms | GC: 0.0ms)
  Rendered ui/_button.html.erb (Duration: 0.0ms | GC: 0.0ms)
  Rendered ui/_badge.html.erb (Duration: 0.0ms | GC: 0.0ms)
  Rendered ui/_button.html.erb (Duration: 0.0ms | GC: 0.0ms)
  Rendered ui/_data_table.html.erb (Duration: 0.0ms | GC: 0.0ms)
  Rendered ui/_card.html.erb (Duration: 1.2ms | GC: 0.0ms)
  Rendered ui/_location_card_lookbook.html.erb (Duration: 1.3ms | GC: 0.0ms)
  Rendered ui/_field.html.erb (Duration: 0.0ms | GC: 0.0ms)
  Rendered ui/_icon_button.html.erb (Duration: 0.0ms | GC: 0.0ms)
  Rendered ui/_badge.html.erb (Duration: 0.0ms | GC: 0.0ms)
  Rendered ui/_dropdown_menu.html.erb (Duration: 0.1ms | GC: 0.0ms)
  Rendered ui/_field.html.erb (Duration: 0.0ms | GC: 0.0ms)
  Rendered ui/_field.html.erb (Duration: 0.0ms | GC: 0.0ms)
  Rendered ui/_field.html.erb (Duration: 0.0ms | GC: 0.0ms)
  Rendered ui/_badge.html.erb (Duration: 0.0ms | GC: 0.0ms)
  Rendered ui/_field.html.erb (Duration: 0.1ms | GC: 0.0ms)
  Rendered ui/_field.html.erb (Duration: 0.0ms | GC: 0.0ms)
  Rendered ui/_field.html.erb (Duration: 0.0ms | GC: 0.0ms)
  Rendered ui/_button.html.erb (Duration: 0.0ms | GC: 0.0ms)
  Rendered ui/_badge.html.erb (Duration: 0.0ms | GC: 0.0ms)
  Rendered ui/_button.html.erb (Duration: 0.0ms | GC: 0.0ms)
  Rendered ui/_data_table.html.erb (Duration: 0.0ms | GC: 0.0ms)
  Rendered ui/_card.html.erb (Duration: 1.3ms | GC: 0.0ms)
  Rendered ui/_location_card_lookbook.html.erb (Duration: 1.4ms | GC: 0.0ms)
  Rendered ui/_field.html.erb (Duration: 0.0ms | GC: 0.0ms)
  Rendered ui/_icon_button.html.erb (Duration: 0.0ms | GC: 0.0ms)
  Rendered ui/_badge.html.erb (Duration: 0.0ms | GC: 0.0ms)
  Rendered ui/_dropdown_menu.html.erb (Duration: 0.1ms | GC: 0.0ms)
  Rendered ui/_field.html.erb (Duration: 0.0ms | GC: 0.0ms)
  Rendered ui/_field.html.erb (Duration: 0.0ms | GC: 0.0ms)
  Rendered ui/_field.html.erb (Duration: 0.0ms | GC: 0.0ms)
  Rendered ui/_badge.html.erb (Duration: 0.0ms | GC: 0.0ms)
  Rendered ui/_field.html.erb (Duration: 0.1ms | GC: 0.0ms)
  Rendered ui/_field.html.erb (Duration: 0.0ms | GC: 0.0ms)
  Rendered ui/_field.html.erb (Duration: 0.0ms | GC: 0.0ms)
  Rendered ui/_button.html.erb (Duration: 0.0ms | GC: 0.0ms)
  Rendered ui/_badge.html.erb (Duration: 0.0ms | GC: 0.0ms)
  Rendered ui/_button.html.erb (Duration: 0.0ms | GC: 0.0ms)
  Rendered ui/_data_table.html.erb (Duration: 0.0ms | GC: 0.0ms)
  Rendered ui/_card.html.erb (Duration: 1.3ms | GC: 0.0ms)
  Rendered ui/_location_card_lookbook.html.erb (Duration: 1.3ms | GC: 0.0ms)
  Rendered ui/_base_layout.html.erb (Duration: 34.2ms | GC: 2.9ms)
  Rendered ui/previews/app_views/dashboard.html.erb (Duration: 34.9ms | GC: 2.9ms)
  Rendering html template
  Rendered html template (Duration: 0.0ms | GC: 0.0ms)
Completed 200 OK in 36ms (Views: 0.3ms | ActiveRecord: 0.0ms (0 queries, 0 cached) | GC: 2.9ms)


  Rendering layout /home/ivan/.local/share/mise/installs/ruby/3.3.7/lib/ruby/gems/3.3.0/gems/lookbook-2.3.14/app/views/layouts/lookbook/application.html.erb
  Rendering /home/ivan/.local/share/mise/installs/ruby/3.3.7/lib/ruby/gems/3.3.0/gems/lookbook-2.3.14/app/views/lookbook/inspector/show.html.erb within layouts/lookbook/application
  Rendered /home/ivan/.local/share/mise/installs/ruby/3.3.7/lib/ruby/gems/3.3.0/gems/lookbook-2.3.14/app/views/lookbook/inspector/panels/_preview.html.erb (Duration: 2.9ms | GC: 1.1ms)
  Rendered /home/ivan/.local/share/mise/installs/ruby/3.3.7/lib/ruby/gems/3.3.0/gems/lookbook-2.3.14/app/views/lookbook/inspector/panels/_output.html.erb (Duration: 339.7ms | GC: 33.3ms)
  Rendered /home/ivan/.local/share/mise/installs/ruby/3.3.7/lib/ruby/gems/3.3.0/gems/lookbook-2.3.14/app/views/lookbook/inspector/panels/_source.html.erb (Duration: 1.2ms | GC: 0.3ms)
  Rendered /home/ivan/.local/share/mise/installs/ruby/3.3.7/lib/ruby/gems/3.3.0/gems/lookbook-2.3.14/app/views/lookbook/inspector/panels/_notes.html.erb (Duration: 0.8ms | GC: 0.0ms)
  Rendered /home/ivan/.local/share/mise/installs/ruby/3.3.7/lib/ruby/gems/3.3.0/gems/lookbook-2.3.14/app/views/lookbook/inspector/panels/_params.html.erb (Duration: 0.5ms | GC: 0.0ms)
  Rendered /home/ivan/.local/share/mise/installs/ruby/3.3.7/lib/ruby/gems/3.3.0/gems/lookbook-2.3.14/app/views/lookbook/inspector/show.html.erb within layouts/lookbook/application (Duration: 393.7ms | GC: 42.8ms)
  Rendered layout /home/ivan/.local/share/mise/installs/ruby/3.3.7/lib/ruby/gems/3.3.0/gems/lookbook-2.3.14/app/views/layouts/lookbook/application.html.erb (Duration: 394.5ms | GC: 42.8ms)
Completed 200 OK in 433ms (Views: 395.2ms | ActiveRecord: 0.0ms (0 queries, 0 cached) | GC: 45.7ms)


Started GET "/lookbook/preview/app_views/dashboard/default?_display=%257B%257D&lookbook_timestamp=2026-04-24+12%3A28%3A36+-0400" for 127.0.0.1 at 2026-04-24 12:28:36 -0400
Processing by Lookbook::PreviewsController#show as HTML
  Parameters: {"_display"=>"%7B%7D", "lookbook_timestamp"=>"2026-04-24 12:28:36 -0400", "path"=>"app_views/dashboard/default"}
Processing by Lookbook::PreviewController#render_scenario_to_string as HTML
  Parameters: {"_display"=>"%7B%7D", "lookbook_timestamp"=>"2026-04-24 12:28:36 -0400", "path"=>"app_views/dashboard/default"}
  Rendering ui/previews/app_views/dashboard.html.erb
  Rendered ui/_sidebar_menu_item.html.erb (Duration: 0.1ms | GC: 0.0ms)
  Rendered ui/_sidebar_menu_item.html.erb (Duration: 0.1ms | GC: 0.0ms)
  Rendered ui/_sidebar_menu_item.html.erb (Duration: 0.0ms | GC: 0.0ms)
  Rendered ui/_sidebar_menu_item.html.erb (Duration: 0.0ms | GC: 0.0ms)
  Rendered ui/_sidebar_menu_item.html.erb (Duration: 0.0ms | GC: 0.0ms)
  Rendered ui/_sidebar_menu_item.html.erb (Duration: 0.1ms | GC: 0.0ms)
  Rendered ui/_sidebar_menu_item.html.erb (Duration: 0.0ms | GC: 0.0ms)
  Rendered ui/_sidebar_menu_item.html.erb (Duration: 0.1ms | GC: 0.0ms)
  Rendered ui/_sidebar_menu_item.html.erb (Duration: 0.1ms | GC: 0.0ms)
  Rendered ui/_sidebar_menu_item.html.erb (Duration: 0.0ms | GC: 0.0ms)
  Rendered ui/_sidebar_menu_item.html.erb (Duration: 0.0ms | GC: 0.0ms)
  Rendered ui/_sidebar_menu_item.html.erb (Duration: 0.0ms | GC: 0.0ms)
  Rendered ui/_sidebar_menu_item.html.erb (Duration: 0.0ms | GC: 0.0ms)
  Rendered ui/_sidebar.html.erb (Duration: 1.8ms | GC: 0.0ms)
  Rendered ui/_heading.html.erb (Duration: 0.0ms | GC: 0.0ms)
  Rendered ui/_field.html.erb (Duration: 0.0ms | GC: 0.0ms)
  Rendered ui/_icon_button.html.erb (Duration: 0.0ms | GC: 0.0ms)
  Rendered ui/_badge.html.erb (Duration: 0.0ms | GC: 0.0ms)
  Rendered ui/_dropdown_menu.html.erb (Duration: 0.1ms | GC: 0.0ms)
  Rendered ui/_field.html.erb (Duration: 0.0ms | GC: 0.0ms)
  Rendered ui/_field.html.erb (Duration: 0.0ms | GC: 0.0ms)
  Rendered ui/_field.html.erb (Duration: 0.0ms | GC: 0.0ms)
  Rendered ui/_badge.html.erb (Duration: 0.0ms | GC: 0.0ms)
  Rendered ui/_field.html.erb (Duration: 0.1ms | GC: 0.0ms)
  Rendered ui/_field.html.erb (Duration: 0.0ms | GC: 0.0ms)
  Rendered ui/_field.html.erb (Duration: 0.0ms | GC: 0.0ms)
  Rendered ui/_button.html.erb (Duration: 0.0ms | GC: 0.0ms)
  Rendered ui/_badge.html.erb (Duration: 0.0ms | GC: 0.0ms)
  Rendered ui/_button.html.erb (Duration: 0.0ms | GC: 0.0ms)
  Rendered ui/_data_table.html.erb (Duration: 0.0ms | GC: 0.0ms)
  Rendered ui/_card.html.erb (Duration: 1.3ms | GC: 0.0ms)
  Rendered ui/_location_card_lookbook.html.erb (Duration: 1.3ms | GC: 0.0ms)
  Rendered ui/_field.html.erb (Duration: 0.0ms | GC: 0.0ms)
  Rendered ui/_icon_button.html.erb (Duration: 0.0ms | GC: 0.0ms)
  Rendered ui/_badge.html.erb (Duration: 0.0ms | GC: 0.0ms)
  Rendered ui/_dropdown_menu.html.erb (Duration: 0.1ms | GC: 0.0ms)
  Rendered ui/_field.html.erb (Duration: 0.0ms | GC: 0.0ms)
  Rendered ui/_field.html.erb (Duration: 0.0ms | GC: 0.0ms)
  Rendered ui/_field.html.erb (Duration: 0.0ms | GC: 0.0ms)
  Rendered ui/_badge.html.erb (Duration: 0.0ms | GC: 0.0ms)
  Rendered ui/_field.html.erb (Duration: 0.1ms | GC: 0.0ms)
  Rendered ui/_field.html.erb (Duration: 0.0ms | GC: 0.0ms)
  Rendered ui/_field.html.erb (Duration: 0.0ms | GC: 0.0ms)
  Rendered ui/_button.html.erb (Duration: 0.0ms | GC: 0.0ms)
  Rendered ui/_badge.html.erb (Duration: 0.0ms | GC: 0.0ms)
  Rendered ui/_button.html.erb (Duration: 0.0ms | GC: 0.0ms)
  Rendered ui/_data_table.html.erb (Duration: 0.0ms | GC: 0.0ms)
  Rendered ui/_card.html.erb (Duration: 2.0ms | GC: 0.0ms)
  Rendered ui/_location_card_lookbook.html.erb (Duration: 2.2ms | GC: 0.0ms)
  Rendered ui/_field.html.erb (Duration: 0.0ms | GC: 0.0ms)
  Rendered ui/_icon_button.html.erb (Duration: 0.0ms | GC: 0.0ms)
  Rendered ui/_badge.html.erb (Duration: 0.0ms | GC: 0.0ms)
  Rendered ui/_dropdown_menu.html.erb (Duration: 0.2ms | GC: 0.0ms)
  Rendered ui/_field.html.erb (Duration: 0.0ms | GC: 0.0ms)
  Rendered ui/_field.html.erb (Duration: 0.0ms | GC: 0.0ms)
  Rendered ui/_field.html.erb (Duration: 0.0ms | GC: 0.0ms)
  Rendered ui/_badge.html.erb (Duration: 0.0ms | GC: 0.0ms)
  Rendered ui/_field.html.erb (Duration: 0.1ms | GC: 0.0ms)
  Rendered ui/_field.html.erb (Duration: 0.0ms | GC: 0.0ms)
  Rendered ui/_field.html.erb (Duration: 0.0ms | GC: 0.0ms)
  Rendered ui/_button.html.erb (Duration: 0.0ms | GC: 0.0ms)
  Rendered ui/_badge.html.erb (Duration: 0.0ms | GC: 0.0ms)
  Rendered ui/_button.html.erb (Duration: 0.0ms | GC: 0.0ms)
  Rendered ui/_data_table.html.erb (Duration: 0.0ms | GC: 0.0ms)
  Rendered ui/_card.html.erb (Duration: 2.1ms | GC: 0.0ms)
  Rendered ui/_location_card_lookbook.html.erb (Duration: 2.2ms | GC: 0.0ms)
  Rendered ui/_field.html.erb (Duration: 0.0ms | GC: 0.0ms)
  Rendered ui/_icon_button.html.erb (Duration: 0.0ms | GC: 0.0ms)
  Rendered ui/_badge.html.erb (Duration: 0.0ms | GC: 0.0ms)
  Rendered ui/_dropdown_menu.html.erb (Duration: 0.2ms | GC: 0.0ms)
  Rendered ui/_field.html.erb (Duration: 0.0ms | GC: 0.0ms)
  Rendered ui/_field.html.erb (Duration: 0.0ms | GC: 0.0ms)
  Rendered ui/_field.html.erb (Duration: 0.0ms | GC: 0.0ms)
  Rendered ui/_badge.html.erb (Duration: 0.0ms | GC: 0.0ms)
  Rendered ui/_field.html.erb (Duration: 0.1ms | GC: 0.0ms)
  Rendered ui/_field.html.erb (Duration: 0.0ms | GC: 0.0ms)
  Rendered ui/_field.html.erb (Duration: 0.0ms | GC: 0.0ms)
  Rendered ui/_button.html.erb (Duration: 0.0ms | GC: 0.0ms)
  Rendered ui/_badge.html.erb (Duration: 0.0ms | GC: 0.0ms)
  Rendered ui/_button.html.erb (Duration: 0.0ms | GC: 0.0ms)
  Rendered ui/_data_table.html.erb (Duration: 0.0ms | GC: 0.0ms)
  Rendered ui/_card.html.erb (Duration: 1.4ms | GC: 0.0ms)
  Rendered ui/_location_card_lookbook.html.erb (Duration: 1.5ms | GC: 0.0ms)
  Rendered ui/_field.html.erb (Duration: 0.0ms | GC: 0.0ms)
  Rendered ui/_icon_button.html.erb (Duration: 0.0ms | GC: 0.0ms)
  Rendered ui/_badge.html.erb (Duration: 0.0ms | GC: 0.0ms)
  Rendered ui/_dropdown_menu.html.erb (Duration: 0.1ms | GC: 0.0ms)
  Rendered ui/_field.html.erb (Duration: 0.0ms | GC: 0.0ms)
  Rendered ui/_field.html.erb (Duration: 0.0ms | GC: 0.0ms)
  Rendered ui/_field.html.erb (Duration: 0.0ms | GC: 0.0ms)
  Rendered ui/_badge.html.erb (Duration: 0.0ms | GC: 0.0ms)
  Rendered ui/_field.html.erb (Duration: 0.1ms | GC: 0.0ms)
  Rendered ui/_field.html.erb (Duration: 0.0ms | GC: 0.0ms)
  Rendered ui/_field.html.erb (Duration: 0.0ms | GC: 0.0ms)
  Rendered ui/_button.html.erb (Duration: 0.0ms | GC: 0.0ms)
  Rendered ui/_badge.html.erb (Duration: 0.0ms | GC: 0.0ms)
  Rendered ui/_button.html.erb (Duration: 0.0ms | GC: 0.0ms)
  Rendered ui/_data_table.html.erb (Duration: 0.0ms | GC: 0.0ms)
  Rendered ui/_card.html.erb (Duration: 1.2ms | GC: 0.0ms)
  Rendered ui/_location_card_lookbook.html.erb (Duration: 1.2ms | GC: 0.0ms)
  Rendered ui/_heading.html.erb (Duration: 0.0ms | GC: 0.0ms)
  Rendered ui/_field.html.erb (Duration: 0.0ms | GC: 0.0ms)
  Rendered ui/_icon_button.html.erb (Duration: 0.0ms | GC: 0.0ms)
  Rendered ui/_badge.html.erb (Duration: 0.0ms | GC: 0.0ms)
  Rendered ui/_dropdown_menu.html.erb (Duration: 0.1ms | GC: 0.0ms)
  Rendered ui/_field.html.erb (Duration: 0.0ms | GC: 0.0ms)
  Rendered ui/_field.html.erb (Duration: 0.0ms | GC: 0.0ms)
  Rendered ui/_field.html.erb (Duration: 0.0ms | GC: 0.0ms)
  Rendered ui/_badge.html.erb (Duration: 0.0ms | GC: 0.0ms)
  Rendered ui/_field.html.erb (Duration: 0.1ms | GC: 0.0ms)
  Rendered ui/_field.html.erb (Duration: 0.0ms | GC: 0.0ms)
  Rendered ui/_field.html.erb (Duration: 0.0ms | GC: 0.0ms)
  Rendered ui/_button.html.erb (Duration: 0.0ms | GC: 0.0ms)
  Rendered ui/_badge.html.erb (Duration: 0.0ms | GC: 0.0ms)
  Rendered ui/_button.html.erb (Duration: 0.0ms | GC: 0.0ms)
  Rendered ui/_data_table.html.erb (Duration: 0.0ms | GC: 0.0ms)
  Rendered ui/_card.html.erb (Duration: 1.3ms | GC: 0.0ms)
  Rendered ui/_location_card_lookbook.html.erb (Duration: 1.3ms | GC: 0.0ms)
  Rendered ui/_field.html.erb (Duration: 0.0ms | GC: 0.0ms)
  Rendered ui/_icon_button.html.erb (Duration: 0.0ms | GC: 0.0ms)
  Rendered ui/_badge.html.erb (Duration: 0.0ms | GC: 0.0ms)
  Rendered ui/_dropdown_menu.html.erb (Duration: 0.1ms | GC: 0.0ms)
  Rendered ui/_field.html.erb (Duration: 0.0ms | GC: 0.0ms)
  Rendered ui/_field.html.erb (Duration: 0.0ms | GC: 0.0ms)
  Rendered ui/_field.html.erb (Duration: 0.0ms | GC: 0.0ms)
  Rendered ui/_badge.html.erb (Duration: 0.0ms | GC: 0.0ms)
  Rendered ui/_field.html.erb (Duration: 0.1ms | GC: 0.0ms)
  Rendered ui/_field.html.erb (Duration: 0.0ms | GC: 0.0ms)
  Rendered ui/_field.html.erb (Duration: 0.0ms | GC: 0.0ms)
  Rendered ui/_button.html.erb (Duration: 0.0ms | GC: 0.0ms)
  Rendered ui/_badge.html.erb (Duration: 0.0ms | GC: 0.0ms)
  Rendered ui/_button.html.erb (Duration: 0.0ms | GC: 0.0ms)
  Rendered ui/_data_table.html.erb (Duration: 0.0ms | GC: 0.0ms)
  Rendered ui/_card.html.erb (Duration: 1.2ms | GC: 0.0ms)
  Rendered ui/_location_card_lookbook.html.erb (Duration: 1.3ms | GC: 0.0ms)
  Rendered ui/_field.html.erb (Duration: 0.0ms | GC: 0.0ms)
  Rendered ui/_icon_button.html.erb (Duration: 0.0ms | GC: 0.0ms)
  Rendered ui/_badge.html.erb (Duration: 0.0ms | GC: 0.0ms)
  Rendered ui/_dropdown_menu.html.erb (Duration: 0.1ms | GC: 0.0ms)
  Rendered ui/_field.html.erb (Duration: 0.0ms | GC: 0.0ms)
  Rendered ui/_field.html.erb (Duration: 0.0ms | GC: 0.0ms)
  Rendered ui/_field.html.erb (Duration: 0.0ms | GC: 0.0ms)
  Rendered ui/_badge.html.erb (Duration: 0.0ms | GC: 0.0ms)
  Rendered ui/_field.html.erb (Duration: 0.1ms | GC: 0.0ms)
  Rendered ui/_field.html.erb (Duration: 0.0ms | GC: 0.0ms)
  Rendered ui/_field.html.erb (Duration: 0.0ms | GC: 0.0ms)
  Rendered ui/_button.html.erb (Duration: 0.0ms | GC: 0.0ms)
  Rendered ui/_badge.html.erb (Duration: 0.0ms | GC: 0.0ms)
  Rendered ui/_button.html.erb (Duration: 0.0ms | GC: 0.0ms)
  Rendered ui/_data_table.html.erb (Duration: 0.0ms | GC: 0.0ms)
  Rendered ui/_card.html.erb (Duration: 1.3ms | GC: 0.0ms)
  Rendered ui/_location_card_lookbook.html.erb (Duration: 1.4ms | GC: 0.0ms)
  Rendered ui/_heading.html.erb (Duration: 0.0ms | GC: 0.0ms)
  Rendered ui/_field.html.erb (Duration: 0.0ms | GC: 0.0ms)
  Rendered ui/_icon_button.html.erb (Duration: 0.0ms | GC: 0.0ms)
  Rendered ui/_badge.html.erb (Duration: 0.0ms | GC: 0.0ms)
  Rendered ui/_dropdown_menu.html.erb (Duration: 0.1ms | GC: 0.0ms)
  Rendered ui/_field.html.erb (Duration: 0.0ms | GC: 0.0ms)
  Rendered ui/_field.html.erb (Duration: 0.0ms | GC: 0.0ms)
  Rendered ui/_field.html.erb (Duration: 0.0ms | GC: 0.0ms)
  Rendered ui/_badge.html.erb (Duration: 0.0ms | GC: 0.0ms)
  Rendered ui/_field.html.erb (Duration: 0.1ms | GC: 0.0ms)
  Rendered ui/_field.html.erb (Duration: 0.0ms | GC: 0.0ms)
  Rendered ui/_field.html.erb (Duration: 0.0ms | GC: 0.0ms)
  Rendered ui/_button.html.erb (Duration: 0.0ms | GC: 0.0ms)
  Rendered ui/_badge.html.erb (Duration: 0.0ms | GC: 0.0ms)
  Rendered ui/_button.html.erb (Duration: 0.0ms | GC: 0.0ms)
  Rendered ui/_data_table.html.erb (Duration: 0.0ms | GC: 0.0ms)
  Rendered ui/_card.html.erb (Duration: 1.5ms | GC: 0.0ms)
  Rendered ui/_location_card_lookbook.html.erb (Duration: 1.5ms | GC: 0.0ms)
  Rendered ui/_field.html.erb (Duration: 0.0ms | GC: 0.0ms)
  Rendered ui/_icon_button.html.erb (Duration: 0.0ms | GC: 0.0ms)
  Rendered ui/_badge.html.erb (Duration: 0.0ms | GC: 0.0ms)
  Rendered ui/_dropdown_menu.html.erb (Duration: 0.1ms | GC: 0.0ms)
  Rendered ui/_field.html.erb (Duration: 0.0ms | GC: 0.0ms)
  Rendered ui/_field.html.erb (Duration: 0.0ms | GC: 0.0ms)
  Rendered ui/_field.html.erb (Duration: 0.0ms | GC: 0.0ms)
  Rendered ui/_badge.html.erb (Duration: 0.0ms | GC: 0.0ms)
  Rendered ui/_field.html.erb (Duration: 0.1ms | GC: 0.0ms)
  Rendered ui/_field.html.erb (Duration: 0.0ms | GC: 0.0ms)
  Rendered ui/_field.html.erb (Duration: 0.0ms | GC: 0.0ms)
  Rendered ui/_button.html.erb (Duration: 0.0ms | GC: 0.0ms)
  Rendered ui/_badge.html.erb (Duration: 0.0ms | GC: 0.0ms)
  Rendered ui/_button.html.erb (Duration: 0.0ms | GC: 0.0ms)
  Rendered ui/_data_table.html.erb (Duration: 0.0ms | GC: 0.0ms)
  Rendered ui/_card.html.erb (Duration: 1.5ms | GC: 0.0ms)
  Rendered ui/_location_card_lookbook.html.erb (Duration: 1.6ms | GC: 0.0ms)
  Rendered ui/_field.html.erb (Duration: 0.0ms | GC: 0.0ms)
  Rendered ui/_icon_button.html.erb (Duration: 0.0ms | GC: 0.0ms)
  Rendered ui/_badge.html.erb (Duration: 0.0ms | GC: 0.0ms)
  Rendered ui/_dropdown_menu.html.erb (Duration: 0.1ms | GC: 0.0ms)
  Rendered ui/_field.html.erb (Duration: 0.0ms | GC: 0.0ms)
  Rendered ui/_field.html.erb (Duration: 0.0ms | GC: 0.0ms)
  Rendered ui/_field.html.erb (Duration: 0.0ms | GC: 0.0ms)
  Rendered ui/_badge.html.erb (Duration: 0.0ms | GC: 0.0ms)
  Rendered ui/_field.html.erb (Duration: 0.1ms | GC: 0.0ms)
  Rendered ui/_field.html.erb (Duration: 0.0ms | GC: 0.0ms)
  Rendered ui/_field.html.erb (Duration: 0.0ms | GC: 0.0ms)
  Rendered ui/_button.html.erb (Duration: 0.0ms | GC: 0.0ms)
  Rendered ui/_badge.html.erb (Duration: 0.0ms | GC: 0.0ms)
  Rendered ui/_button.html.erb (Duration: 0.0ms | GC: 0.0ms)
  Rendered ui/_data_table.html.erb (Duration: 0.0ms | GC: 0.0ms)
  Rendered ui/_card.html.erb (Duration: 1.5ms | GC: 0.0ms)
  Rendered ui/_location_card_lookbook.html.erb (Duration: 1.6ms | GC: 0.0ms)
  Rendered ui/_field.html.erb (Duration: 0.0ms | GC: 0.0ms)
  Rendered ui/_icon_button.html.erb (Duration: 0.0ms | GC: 0.0ms)
  Rendered ui/_badge.html.erb (Duration: 0.0ms | GC: 0.0ms)
  Rendered ui/_dropdown_menu.html.erb (Duration: 0.2ms | GC: 0.0ms)
  Rendered ui/_field.html.erb (Duration: 0.0ms | GC: 0.0ms)
  Rendered ui/_field.html.erb (Duration: 0.0ms | GC: 0.0ms)
  Rendered ui/_field.html.erb (Duration: 0.0ms | GC: 0.0ms)
  Rendered ui/_badge.html.erb (Duration: 0.0ms | GC: 0.0ms)
  Rendered ui/_field.html.erb (Duration: 0.2ms | GC: 0.0ms)
  Rendered ui/_field.html.erb (Duration: 0.0ms | GC: 0.0ms)
  Rendered ui/_field.html.erb (Duration: 0.0ms | GC: 0.0ms)
  Rendered ui/_button.html.erb (Duration: 0.0ms | GC: 0.0ms)
  Rendered ui/_badge.html.erb (Duration: 0.0ms | GC: 0.0ms)
  Rendered ui/_button.html.erb (Duration: 0.0ms | GC: 0.0ms)
  Rendered ui/_data_table.html.erb (Duration: 0.0ms | GC: 0.0ms)
  Rendered ui/_card.html.erb (Duration: 2.1ms | GC: 0.0ms)
  Rendered ui/_location_card_lookbook.html.erb (Duration: 2.1ms | GC: 0.0ms)
  Rendered ui/_base_layout.html.erb (Duration: 22.5ms | GC: 0.0ms)
  Rendered ui/previews/app_views/dashboard.html.erb (Duration: 22.6ms | GC: 0.0ms)
  Rendering html template
  Rendered html template (Duration: 0.0ms | GC: 0.0ms)
Completed 200 OK in 24ms (Views: 0.4ms | ActiveRecord: 0.0ms (0 queries, 0 cached) | GC: 0.0ms)


Processing by Lookbook::PreviewController#render_in_layout_to_string as HTML
  Parameters: {"_display"=>"%7B%7D", "lookbook_timestamp"=>"2026-04-24 12:28:36 -0400", "path"=>"app_views/dashboard/default"}
  Rendering layout layouts/lookbook.html.erb
  Rendering /home/ivan/.local/share/mise/installs/ruby/3.3.7/lib/ruby/gems/3.3.0/gems/lookbook-2.3.14/app/views/lookbook/previews/group.html.erb within layouts/lookbook
  Rendered /home/ivan/.local/share/mise/installs/ruby/3.3.7/lib/ruby/gems/3.3.0/gems/lookbook-2.3.14/app/views/lookbook/previews/group.html.erb within layouts/lookbook (Duration: 0.1ms | GC: 0.0ms)
  Rendered layout layouts/lookbook.html.erb (Duration: 1.0ms | GC: 0.0ms)
Completed 500 Internal Server Error in 2ms (Views: 0.4ms | ActiveRecord: 0.0ms (0 queries, 0 cached) | GC: 0.0ms)


rescue_from handled ActionView::Template::Error (The asset 'tailwind/application.css' was not found in the load path.) - /home/ivan/.local/share/mise/installs/ruby/3.3.7/lib/ruby/gems/3.3.0/gems/propshaft-1.3.2/lib/propshaft/helper.rb:50:in `compute_asset_path'
  Rendering layout /home/ivan/.local/share/mise/installs/ruby/3.3.7/lib/ruby/gems/3.3.0/gems/lookbook-2.3.14/app/views/layouts/lookbook/skeleton.html.erb
  Rendering /home/ivan/.local/share/mise/installs/ruby/3.3.7/lib/ruby/gems/3.3.0/gems/lookbook-2.3.14/app/views/lookbook/errors/default.html.erb within layouts/lookbook/skeleton
  Rendered /home/ivan/.local/share/mise/installs/ruby/3.3.7/lib/ruby/gems/3.3.0/gems/lookbook-2.3.14/app/views/lookbook/errors/default.html.erb within layouts/lookbook/skeleton (Duration: 7.6ms | GC: 0.0ms)
  Rendered layout /home/ivan/.local/share/mise/installs/ruby/3.3.7/lib/ruby/gems/3.3.0/gems/lookbook-2.3.14/app/views/layouts/lookbook/skeleton.html.erb (Duration: 8.1ms | GC: 0.0ms)
Completed 500 Internal Server Error in 36ms (Views: 8.5ms | ActiveRecord: 0.0ms (0 queries, 0 cached) | GC: 0.0ms)


Started GET "/lookbook-assets/css/lookbook.css?v=2.3.14" for 127.0.0.1 at 2026-04-24 12:28:37 -0400
Started GET "/lookbook-assets/css/themes/indigo.css?v=2.3.14" for 127.0.0.1 at 2026-04-24 12:28:37 -0400
Started GET "/lookbook-assets/js/index.js?v=2.3.14" for 127.0.0.1 at 2026-04-24 12:28:37 -0400
Started GET "/lookbook-assets/js/lookbook.js?v=2.3.14" for 127.0.0.1 at 2026-04-24 12:28:37 -0400
Started GET "/lookbook-assets/Inter-roman.var.b695afbe.woff2" for 127.0.0.1 at 2026-04-24 12:28:37 -0400
Started GET "/lookbook-assets/SourceCodeVariable-Roman.ttf.118e9f22.woff2" for 127.0.0.1 at 2026-04-24 12:28:37 -0400
Started GET "/lookbook-assets/SourceCodeVariable-Italic.ttf.09b4354a.woff2" for 127.0.0.1 at 2026-04-24 12:28:37 -0400
Started GET "/lookbook/inspect/card/default" for 127.0.0.1 at 2026-04-24 12:28:39 -0400
Processing by Lookbook::InspectorController#show as */*
  Parameters: {"path"=>"card/default"}
Processing by Lookbook::PreviewController#render_scenario_to_string as */*
  Parameters: {"path"=>"card/default"}
  Rendering /home/ivan/.local/share/mise/installs/ruby/3.3.7/lib/ruby/gems/3.3.0/gems/lookbook-2.3.14/app/views/lookbook/previews/preview.html.erb
  Rendered ui/_card.html.erb (Duration: 0.1ms | GC: 0.0ms)
  Rendered ui/_card_default.html.erb (Duration: 0.4ms | GC: 0.0ms)
  Rendered /home/ivan/.local/share/mise/installs/ruby/3.3.7/lib/ruby/gems/3.3.0/gems/lookbook-2.3.14/app/views/lookbook/previews/preview.html.erb (Duration: 0.8ms | GC: 0.0ms)
  Rendering html template
  Rendered html template (Duration: 0.0ms | GC: 0.0ms)
Completed 200 OK in 2ms (Views: 0.4ms | ActiveRecord: 0.0ms (0 queries, 0 cached) | GC: 0.0ms)


  Rendering layout /home/ivan/.local/share/mise/installs/ruby/3.3.7/lib/ruby/gems/3.3.0/gems/lookbook-2.3.14/app/views/layouts/lookbook/application.html.erb
  Rendering /home/ivan/.local/share/mise/installs/ruby/3.3.7/lib/ruby/gems/3.3.0/gems/lookbook-2.3.14/app/views/lookbook/inspector/show.html.erb within layouts/lookbook/application
  Rendered /home/ivan/.local/share/mise/installs/ruby/3.3.7/lib/ruby/gems/3.3.0/gems/lookbook-2.3.14/app/views/lookbook/inspector/panels/_preview.html.erb (Duration: 14.8ms | GC: 11.4ms)
  Rendered /home/ivan/.local/share/mise/installs/ruby/3.3.7/lib/ruby/gems/3.3.0/gems/lookbook-2.3.14/app/views/lookbook/inspector/panels/_output.html.erb (Duration: 7.9ms | GC: 6.3ms)
  Rendered /home/ivan/.local/share/mise/installs/ruby/3.3.7/lib/ruby/gems/3.3.0/gems/lookbook-2.3.14/app/views/lookbook/inspector/panels/_source.html.erb (Duration: 1.3ms | GC: 0.0ms)
  Rendered /home/ivan/.local/share/mise/installs/ruby/3.3.7/lib/ruby/gems/3.3.0/gems/lookbook-2.3.14/app/views/lookbook/inspector/panels/_notes.html.erb (Duration: 0.8ms | GC: 0.0ms)
  Rendered /home/ivan/.local/share/mise/installs/ruby/3.3.7/lib/ruby/gems/3.3.0/gems/lookbook-2.3.14/app/views/lookbook/inspector/panels/_params.html.erb (Duration: 0.6ms | GC: 0.0ms)
  Rendered /home/ivan/.local/share/mise/installs/ruby/3.3.7/lib/ruby/gems/3.3.0/gems/lookbook-2.3.14/app/views/lookbook/inspector/show.html.erb within layouts/lookbook/application (Duration: 138.1ms | GC: 74.5ms)
  Rendered layout /home/ivan/.local/share/mise/installs/ruby/3.3.7/lib/ruby/gems/3.3.0/gems/lookbook-2.3.14/app/views/layouts/lookbook/application.html.erb (Duration: 138.4ms | GC: 74.5ms)
Completed 200 OK in 144ms (Views: 139.0ms | ActiveRecord: 0.0ms (0 queries, 0 cached) | GC: 74.5ms)


Started GET "/lookbook/preview/card/default?_display=%257B%257D&lookbook_timestamp=2026-04-24+12%3A28%3A39+-0400" for 127.0.0.1 at 2026-04-24 12:28:39 -0400
Processing by Lookbook::PreviewsController#show as HTML
  Parameters: {"_display"=>"%7B%7D", "lookbook_timestamp"=>"2026-04-24 12:28:39 -0400", "path"=>"card/default"}
Processing by Lookbook::PreviewController#render_scenario_to_string as HTML
  Parameters: {"_display"=>"%7B%7D", "lookbook_timestamp"=>"2026-04-24 12:28:39 -0400", "path"=>"card/default"}
  Rendering /home/ivan/.local/share/mise/installs/ruby/3.3.7/lib/ruby/gems/3.3.0/gems/lookbook-2.3.14/app/views/lookbook/previews/preview.html.erb
  Rendered ui/_card.html.erb (Duration: 0.0ms | GC: 0.0ms)
  Rendered ui/_card_default.html.erb (Duration: 0.1ms | GC: 0.0ms)
  Rendered /home/ivan/.local/share/mise/installs/ruby/3.3.7/lib/ruby/gems/3.3.0/gems/lookbook-2.3.14/app/views/lookbook/previews/preview.html.erb (Duration: 0.3ms | GC: 0.0ms)
  Rendering html template
  Rendered html template (Duration: 0.0ms | GC: 0.0ms)
Completed 200 OK in 2ms (Views: 0.3ms | ActiveRecord: 0.0ms (0 queries, 0 cached) | GC: 0.0ms)


Processing by Lookbook::PreviewController#render_in_layout_to_string as HTML
  Parameters: {"_display"=>"%7B%7D", "lookbook_timestamp"=>"2026-04-24 12:28:39 -0400", "path"=>"card/default"}
  Rendering layout layouts/lookbook.html.erb
  Rendering /home/ivan/.local/share/mise/installs/ruby/3.3.7/lib/ruby/gems/3.3.0/gems/lookbook-2.3.14/app/views/lookbook/previews/group.html.erb within layouts/lookbook
  Rendered /home/ivan/.local/share/mise/installs/ruby/3.3.7/lib/ruby/gems/3.3.0/gems/lookbook-2.3.14/app/views/lookbook/previews/group.html.erb within layouts/lookbook (Duration: 0.1ms | GC: 0.0ms)
  Rendered layout layouts/lookbook.html.erb (Duration: 2.2ms | GC: 0.0ms)
Completed 500 Internal Server Error in 3ms (Views: 0.3ms | ActiveRecord: 0.0ms (0 queries, 0 cached) | GC: 0.0ms)


rescue_from handled ActionView::Template::Error (The asset 'tailwind/application.css' was not found in the load path.) - /home/ivan/.local/share/mise/installs/ruby/3.3.7/lib/ruby/gems/3.3.0/gems/propshaft-1.3.2/lib/propshaft/helper.rb:50:in `compute_asset_path'
  Rendering layout /home/ivan/.local/share/mise/installs/ruby/3.3.7/lib/ruby/gems/3.3.0/gems/lookbook-2.3.14/app/views/layouts/lookbook/skeleton.html.erb
  Rendering /home/ivan/.local/share/mise/installs/ruby/3.3.7/lib/ruby/gems/3.3.0/gems/lookbook-2.3.14/app/views/lookbook/errors/default.html.erb within layouts/lookbook/skeleton
  Rendered /home/ivan/.local/share/mise/installs/ruby/3.3.7/lib/ruby/gems/3.3.0/gems/lookbook-2.3.14/app/views/lookbook/errors/default.html.erb within layouts/lookbook/skeleton (Duration: 14.8ms | GC: 0.0ms)
  Rendered layout /home/ivan/.local/share/mise/installs/ruby/3.3.7/lib/ruby/gems/3.3.0/gems/lookbook-2.3.14/app/views/layouts/lookbook/skeleton.html.erb (Duration: 15.6ms | GC: 0.0ms)
Completed 500 Internal Server Error in 23ms (Views: 16.2ms | ActiveRecord: 0.0ms (0 queries, 0 cached) | GC: 0.0ms)


Started GET "/lookbook-assets/css/lookbook.css?v=2.3.14" for 127.0.0.1 at 2026-04-24 12:28:39 -0400
Started GET "/lookbook-assets/css/themes/indigo.css?v=2.3.14" for 127.0.0.1 at 2026-04-24 12:28:39 -0400
Started GET "/lookbook-assets/js/lookbook.js?v=2.3.14" for 127.0.0.1 at 2026-04-24 12:28:39 -0400
Started GET "/lookbook-assets/js/index.js?v=2.3.14" for 127.0.0.1 at 2026-04-24 12:28:39 -0400
Started GET "/lookbook-assets/Inter-roman.var.b695afbe.woff2" for 127.0.0.1 at 2026-04-24 12:28:40 -0400
Started GET "/lookbook-assets/SourceCodeVariable-Roman.ttf.118e9f22.woff2" for 127.0.0.1 at 2026-04-24 12:28:40 -0400
Started GET "/lookbook-assets/SourceCodeVariable-Italic.ttf.09b4354a.woff2" for 127.0.0.1 at 2026-04-24 12:28:40 -0400
Started GET "/lookbook/inspect/base_layout/default" for 127.0.0.1 at 2026-04-24 12:28:40 -0400
Processing by Lookbook::InspectorController#show as */*
  Parameters: {"path"=>"base_layout/default"}
Processing by Lookbook::PreviewController#render_scenario_to_string as */*
  Parameters: {"path"=>"base_layout/default"}
  Rendering /home/ivan/.local/share/mise/installs/ruby/3.3.7/lib/ruby/gems/3.3.0/gems/lookbook-2.3.14/app/views/lookbook/previews/preview.html.erb
  Rendered ui/_sidebar_menu_item.html.erb (Duration: 0.1ms | GC: 0.0ms)
  Rendered ui/_sidebar_menu_item.html.erb (Duration: 0.1ms | GC: 0.0ms)
  Rendered ui/_sidebar_menu_item.html.erb (Duration: 0.1ms | GC: 0.0ms)
  Rendered ui/_sidebar_menu_item.html.erb (Duration: 0.1ms | GC: 0.0ms)
  Rendered ui/_sidebar_menu_item.html.erb (Duration: 0.1ms | GC: 0.0ms)
  Rendered ui/_sidebar_menu_item.html.erb (Duration: 0.1ms | GC: 0.0ms)
  Rendered ui/_sidebar_menu_item.html.erb (Duration: 0.1ms | GC: 0.0ms)
  Rendered ui/_sidebar_menu_item.html.erb (Duration: 0.1ms | GC: 0.0ms)
  Rendered ui/_sidebar_menu_item.html.erb (Duration: 0.1ms | GC: 0.0ms)
  Rendered ui/_sidebar_menu_item.html.erb (Duration: 0.1ms | GC: 0.0ms)
  Rendered ui/_sidebar_menu_item.html.erb (Duration: 0.1ms | GC: 0.0ms)
  Rendered ui/_sidebar_menu_item.html.erb (Duration: 0.1ms | GC: 0.0ms)
  Rendered ui/_sidebar_menu_item.html.erb (Duration: 0.1ms | GC: 0.0ms)
  Rendered ui/_sidebar.html.erb (Duration: 2.8ms | GC: 0.0ms)
  Rendered ui/_base_layout.html.erb (Duration: 3.0ms | GC: 0.0ms)
  Rendered /home/ivan/.local/share/mise/installs/ruby/3.3.7/lib/ruby/gems/3.3.0/gems/lookbook-2.3.14/app/views/lookbook/previews/preview.html.erb (Duration: 3.2ms | GC: 0.0ms)
  Rendering html template
  Rendered html template (Duration: 0.0ms | GC: 0.0ms)
Completed 200 OK in 5ms (Views: 0.4ms | ActiveRecord: 0.0ms (0 queries, 0 cached) | GC: 0.0ms)


  Rendering layout /home/ivan/.local/share/mise/installs/ruby/3.3.7/lib/ruby/gems/3.3.0/gems/lookbook-2.3.14/app/views/layouts/lookbook/application.html.erb
  Rendering /home/ivan/.local/share/mise/installs/ruby/3.3.7/lib/ruby/gems/3.3.0/gems/lookbook-2.3.14/app/views/lookbook/inspector/show.html.erb within layouts/lookbook/application
  Rendered /home/ivan/.local/share/mise/installs/ruby/3.3.7/lib/ruby/gems/3.3.0/gems/lookbook-2.3.14/app/views/lookbook/inspector/panels/_preview.html.erb (Duration: 5.1ms | GC: 0.0ms)
  Rendered /home/ivan/.local/share/mise/installs/ruby/3.3.7/lib/ruby/gems/3.3.0/gems/lookbook-2.3.14/app/views/lookbook/inspector/panels/_output.html.erb (Duration: 40.6ms | GC: 6.8ms)
  Rendered /home/ivan/.local/share/mise/installs/ruby/3.3.7/lib/ruby/gems/3.3.0/gems/lookbook-2.3.14/app/views/lookbook/inspector/panels/_source.html.erb (Duration: 15.0ms | GC: 0.0ms)
  Rendered /home/ivan/.local/share/mise/installs/ruby/3.3.7/lib/ruby/gems/3.3.0/gems/lookbook-2.3.14/app/views/lookbook/inspector/panels/_notes.html.erb (Duration: 1.2ms | GC: 0.0ms)
  Rendered /home/ivan/.local/share/mise/installs/ruby/3.3.7/lib/ruby/gems/3.3.0/gems/lookbook-2.3.14/app/views/lookbook/inspector/inputs/_text.html.erb (Duration: 0.5ms | GC: 0.0ms)
  Rendered /home/ivan/.local/share/mise/installs/ruby/3.3.7/lib/ruby/gems/3.3.0/gems/lookbook-2.3.14/app/views/lookbook/inspector/inputs/_text.html.erb (Duration: 0.1ms | GC: 0.0ms)
  Rendered /home/ivan/.local/share/mise/installs/ruby/3.3.7/lib/ruby/gems/3.3.0/gems/lookbook-2.3.14/app/views/lookbook/inspector/panels/_params.html.erb (Duration: 5.5ms | GC: 0.0ms)
  Rendered /home/ivan/.local/share/mise/installs/ruby/3.3.7/lib/ruby/gems/3.3.0/gems/lookbook-2.3.14/app/views/lookbook/inspector/show.html.erb within layouts/lookbook/application (Duration: 146.2ms | GC: 20.8ms)
  Rendered layout /home/ivan/.local/share/mise/installs/ruby/3.3.7/lib/ruby/gems/3.3.0/gems/lookbook-2.3.14/app/views/layouts/lookbook/application.html.erb (Duration: 146.4ms | GC: 20.8ms)
Completed 200 OK in 156ms (Views: 147.1ms | ActiveRecord: 0.0ms (0 queries, 0 cached) | GC: 20.8ms)


Started GET "/lookbook/preview/base_layout/default?_display=%257B%257D&lookbook_timestamp=2026-04-24+12%3A28%3A40+-0400" for 127.0.0.1 at 2026-04-24 12:28:40 -0400
Processing by Lookbook::PreviewsController#show as HTML
  Parameters: {"_display"=>"%7B%7D", "lookbook_timestamp"=>"2026-04-24 12:28:40 -0400", "path"=>"base_layout/default"}
Processing by Lookbook::PreviewController#render_scenario_to_string as HTML
  Parameters: {"_display"=>"%7B%7D", "lookbook_timestamp"=>"2026-04-24 12:28:40 -0400", "path"=>"base_layout/default"}
  Rendering /home/ivan/.local/share/mise/installs/ruby/3.3.7/lib/ruby/gems/3.3.0/gems/lookbook-2.3.14/app/views/lookbook/previews/preview.html.erb
  Rendered ui/_sidebar_menu_item.html.erb (Duration: 0.0ms | GC: 0.0ms)
  Rendered ui/_sidebar_menu_item.html.erb (Duration: 0.0ms | GC: 0.0ms)
  Rendered ui/_sidebar_menu_item.html.erb (Duration: 0.1ms | GC: 0.0ms)
  Rendered ui/_sidebar_menu_item.html.erb (Duration: 0.0ms | GC: 0.0ms)
  Rendered ui/_sidebar_menu_item.html.erb (Duration: 0.0ms | GC: 0.0ms)
  Rendered ui/_sidebar_menu_item.html.erb (Duration: 0.0ms | GC: 0.0ms)
  Rendered ui/_sidebar_menu_item.html.erb (Duration: 0.0ms | GC: 0.0ms)
  Rendered ui/_sidebar_menu_item.html.erb (Duration: 0.1ms | GC: 0.0ms)
  Rendered ui/_sidebar_menu_item.html.erb (Duration: 0.2ms | GC: 0.0ms)
  Rendered ui/_sidebar_menu_item.html.erb (Duration: 0.1ms | GC: 0.0ms)
  Rendered ui/_sidebar_menu_item.html.erb (Duration: 0.1ms | GC: 0.0ms)
  Rendered ui/_sidebar_menu_item.html.erb (Duration: 0.1ms | GC: 0.0ms)
  Rendered ui/_sidebar_menu_item.html.erb (Duration: 0.1ms | GC: 0.0ms)
  Rendered ui/_sidebar.html.erb (Duration: 2.2ms | GC: 0.0ms)
  Rendered ui/_base_layout.html.erb (Duration: 2.4ms | GC: 0.0ms)
  Rendered /home/ivan/.local/share/mise/installs/ruby/3.3.7/lib/ruby/gems/3.3.0/gems/lookbook-2.3.14/app/views/lookbook/previews/preview.html.erb (Duration: 2.5ms | GC: 0.0ms)
  Rendering html template
  Rendered html template (Duration: 0.0ms | GC: 0.0ms)
Completed 200 OK in 4ms (Views: 0.4ms | ActiveRecord: 0.0ms (0 queries, 0 cached) | GC: 0.0ms)


Processing by Lookbook::PreviewController#render_in_layout_to_string as HTML
  Parameters: {"_display"=>"%7B%7D", "lookbook_timestamp"=>"2026-04-24 12:28:40 -0400", "path"=>"base_layout/default"}
  Rendering layout layouts/lookbook.html.erb
  Rendering /home/ivan/.local/share/mise/installs/ruby/3.3.7/lib/ruby/gems/3.3.0/gems/lookbook-2.3.14/app/views/lookbook/previews/group.html.erb within layouts/lookbook
  Rendered /home/ivan/.local/share/mise/installs/ruby/3.3.7/lib/ruby/gems/3.3.0/gems/lookbook-2.3.14/app/views/lookbook/previews/group.html.erb within layouts/lookbook (Duration: 0.0ms | GC: 0.0ms)
  Rendered layout layouts/lookbook.html.erb (Duration: 2.2ms | GC: 0.0ms)
Completed 500 Internal Server Error in 4ms (Views: 0.4ms | ActiveRecord: 0.0ms (0 queries, 0 cached) | GC: 0.0ms)


rescue_from handled ActionView::Template::Error (The asset 'tailwind/application.css' was not found in the load path.) - /home/ivan/.local/share/mise/installs/ruby/3.3.7/lib/ruby/gems/3.3.0/gems/propshaft-1.3.2/lib/propshaft/helper.rb:50:in `compute_asset_path'
  Rendering layout /home/ivan/.local/share/mise/installs/ruby/3.3.7/lib/ruby/gems/3.3.0/gems/lookbook-2.3.14/app/views/layouts/lookbook/skeleton.html.erb
  Rendering /home/ivan/.local/share/mise/installs/ruby/3.3.7/lib/ruby/gems/3.3.0/gems/lookbook-2.3.14/app/views/lookbook/errors/default.html.erb within layouts/lookbook/skeleton
  Rendered /home/ivan/.local/share/mise/installs/ruby/3.3.7/lib/ruby/gems/3.3.0/gems/lookbook-2.3.14/app/views/lookbook/errors/default.html.erb within layouts/lookbook/skeleton (Duration: 15.8ms | GC: 3.6ms)
  Rendered layout /home/ivan/.local/share/mise/installs/ruby/3.3.7/lib/ruby/gems/3.3.0/gems/lookbook-2.3.14/app/views/layouts/lookbook/skeleton.html.erb (Duration: 16.5ms | GC: 3.6ms)
Completed 500 Internal Server Error in 27ms (Views: 17.5ms | ActiveRecord: 0.0ms (0 queries, 0 cached) | GC: 3.6ms)


Started GET "/lookbook-assets/css/lookbook.css?v=2.3.14" for 127.0.0.1 at 2026-04-24 12:28:40 -0400
Started GET "/lookbook-assets/js/lookbook.js?v=2.3.14" for 127.0.0.1 at 2026-04-24 12:28:40 -0400
Started GET "/lookbook-assets/js/index.js?v=2.3.14" for 127.0.0.1 at 2026-04-24 12:28:40 -0400
Started GET "/lookbook-assets/css/themes/indigo.css?v=2.3.14" for 127.0.0.1 at 2026-04-24 12:28:40 -0400
Started GET "/lookbook-assets/Inter-roman.var.b695afbe.woff2" for 127.0.0.1 at 2026-04-24 12:28:40 -0400
Started GET "/lookbook-assets/SourceCodeVariable-Roman.ttf.118e9f22.woff2" for 127.0.0.1 at 2026-04-24 12:28:40 -0400
Started GET "/lookbook-assets/SourceCodeVariable-Italic.ttf.09b4354a.woff2" for 127.0.0.1 at 2026-04-24 12:28:40 -0400
Started GET "/lookbook/inspect/button/secondary" for 127.0.0.1 at 2026-04-24 12:28:41 -0400
Processing by Lookbook::InspectorController#show as */*
  Parameters: {"path"=>"button/secondary"}
Processing by Lookbook::PreviewController#render_scenario_to_string as */*
  Parameters: {"path"=>"button/secondary"}
  Rendering /home/ivan/.local/share/mise/installs/ruby/3.3.7/lib/ruby/gems/3.3.0/gems/lookbook-2.3.14/app/views/lookbook/previews/preview.html.erb
  Rendered ui/_button.html.erb (Duration: 0.0ms | GC: 0.0ms)
  Rendered /home/ivan/.local/share/mise/installs/ruby/3.3.7/lib/ruby/gems/3.3.0/gems/lookbook-2.3.14/app/views/lookbook/previews/preview.html.erb (Duration: 0.2ms | GC: 0.0ms)
  Rendering html template
  Rendered html template (Duration: 0.0ms | GC: 0.0ms)
Completed 200 OK in 2ms (Views: 0.3ms | ActiveRecord: 0.0ms (0 queries, 0 cached) | GC: 0.0ms)


  Rendering layout /home/ivan/.local/share/mise/installs/ruby/3.3.7/lib/ruby/gems/3.3.0/gems/lookbook-2.3.14/app/views/layouts/lookbook/application.html.erb
  Rendering /home/ivan/.local/share/mise/installs/ruby/3.3.7/lib/ruby/gems/3.3.0/gems/lookbook-2.3.14/app/views/lookbook/inspector/show.html.erb within layouts/lookbook/application
  Rendered /home/ivan/.local/share/mise/installs/ruby/3.3.7/lib/ruby/gems/3.3.0/gems/lookbook-2.3.14/app/views/lookbook/inspector/panels/_preview.html.erb (Duration: 3.7ms | GC: 0.0ms)
  Rendered /home/ivan/.local/share/mise/installs/ruby/3.3.7/lib/ruby/gems/3.3.0/gems/lookbook-2.3.14/app/views/lookbook/inspector/panels/_output.html.erb (Duration: 1.1ms | GC: 0.0ms)
  Rendered /home/ivan/.local/share/mise/installs/ruby/3.3.7/lib/ruby/gems/3.3.0/gems/lookbook-2.3.14/app/views/lookbook/inspector/panels/_source.html.erb (Duration: 1.5ms | GC: 0.0ms)
  Rendered /home/ivan/.local/share/mise/installs/ruby/3.3.7/lib/ruby/gems/3.3.0/gems/lookbook-2.3.14/app/views/lookbook/inspector/panels/_notes.html.erb (Duration: 7.3ms | GC: 3.1ms)
  Rendered /home/ivan/.local/share/mise/installs/ruby/3.3.7/lib/ruby/gems/3.3.0/gems/lookbook-2.3.14/app/views/lookbook/inspector/inputs/_select.html.erb (Duration: 0.2ms | GC: 0.0ms)
  Rendered /home/ivan/.local/share/mise/installs/ruby/3.3.7/lib/ruby/gems/3.3.0/gems/lookbook-2.3.14/app/views/lookbook/inspector/panels/_params.html.erb (Duration: 4.8ms | GC: 0.0ms)
  Rendered /home/ivan/.local/share/mise/installs/ruby/3.3.7/lib/ruby/gems/3.3.0/gems/lookbook-2.3.14/app/views/lookbook/inspector/show.html.erb within layouts/lookbook/application (Duration: 72.5ms | GC: 12.4ms)
  Rendered layout /home/ivan/.local/share/mise/installs/ruby/3.3.7/lib/ruby/gems/3.3.0/gems/lookbook-2.3.14/app/views/layouts/lookbook/application.html.erb (Duration: 72.7ms | GC: 12.4ms)
Completed 200 OK in 78ms (Views: 73.1ms | ActiveRecord: 0.0ms (0 queries, 0 cached) | GC: 12.8ms)


Started GET "/lookbook/preview/button/secondary?_display=%257B%257D&lookbook_timestamp=2026-04-24+12%3A28%3A41+-0400" for 127.0.0.1 at 2026-04-24 12:28:41 -0400
Processing by Lookbook::PreviewsController#show as HTML
  Parameters: {"_display"=>"%7B%7D", "lookbook_timestamp"=>"2026-04-24 12:28:41 -0400", "path"=>"button/secondary"}
Processing by Lookbook::PreviewController#render_scenario_to_string as HTML
  Parameters: {"_display"=>"%7B%7D", "lookbook_timestamp"=>"2026-04-24 12:28:41 -0400", "path"=>"button/secondary"}
  Rendering /home/ivan/.local/share/mise/installs/ruby/3.3.7/lib/ruby/gems/3.3.0/gems/lookbook-2.3.14/app/views/lookbook/previews/preview.html.erb
  Rendered ui/_button.html.erb (Duration: 0.0ms | GC: 0.0ms)
  Rendered /home/ivan/.local/share/mise/installs/ruby/3.3.7/lib/ruby/gems/3.3.0/gems/lookbook-2.3.14/app/views/lookbook/previews/preview.html.erb (Duration: 0.2ms | GC: 0.0ms)
  Rendering html template
  Rendered html template (Duration: 0.0ms | GC: 0.0ms)
Completed 200 OK in 1ms (Views: 0.2ms | ActiveRecord: 0.0ms (0 queries, 0 cached) | GC: 0.0ms)


Processing by Lookbook::PreviewController#render_in_layout_to_string as HTML
  Parameters: {"_display"=>"%7B%7D", "lookbook_timestamp"=>"2026-04-24 12:28:41 -0400", "path"=>"button/secondary"}
  Rendering layout layouts/lookbook.html.erb
  Rendering /home/ivan/.local/share/mise/installs/ruby/3.3.7/lib/ruby/gems/3.3.0/gems/lookbook-2.3.14/app/views/lookbook/previews/group.html.erb within layouts/lookbook
  Rendered /home/ivan/.local/share/mise/installs/ruby/3.3.7/lib/ruby/gems/3.3.0/gems/lookbook-2.3.14/app/views/lookbook/previews/group.html.erb within layouts/lookbook (Duration: 0.0ms | GC: 0.0ms)
  Rendered layout layouts/lookbook.html.erb (Duration: 1.3ms | GC: 0.0ms)
Completed 500 Internal Server Error in 2ms (Views: 0.2ms | ActiveRecord: 0.0ms (0 queries, 0 cached) | GC: 0.0ms)


rescue_from handled ActionView::Template::Error (The asset 'tailwind/application.css' was not found in the load path.) - /home/ivan/.local/share/mise/installs/ruby/3.3.7/lib/ruby/gems/3.3.0/gems/propshaft-1.3.2/lib/propshaft/helper.rb:50:in `compute_asset_path'
  Rendering layout /home/ivan/.local/share/mise/installs/ruby/3.3.7/lib/ruby/gems/3.3.0/gems/lookbook-2.3.14/app/views/layouts/lookbook/skeleton.html.erb
  Rendering /home/ivan/.local/share/mise/installs/ruby/3.3.7/lib/ruby/gems/3.3.0/gems/lookbook-2.3.14/app/views/lookbook/errors/default.html.erb within layouts/lookbook/skeleton
  Rendered /home/ivan/.local/share/mise/installs/ruby/3.3.7/lib/ruby/gems/3.3.0/gems/lookbook-2.3.14/app/views/lookbook/errors/default.html.erb within layouts/lookbook/skeleton (Duration: 11.3ms | GC: 0.0ms)
  Rendered layout /home/ivan/.local/share/mise/installs/ruby/3.3.7/lib/ruby/gems/3.3.0/gems/lookbook-2.3.14/app/views/layouts/lookbook/skeleton.html.erb (Duration: 12.2ms | GC: 0.0ms)
Completed 500 Internal Server Error in 19ms (Views: 13.0ms | ActiveRecord: 0.0ms (0 queries, 0 cached) | GC: 0.0ms)


Started GET "/lookbook-assets/css/lookbook.css?v=2.3.14" for 127.0.0.1 at 2026-04-24 12:28:41 -0400
Started GET "/lookbook-assets/css/themes/indigo.css?v=2.3.14" for 127.0.0.1 at 2026-04-24 12:28:41 -0400
Started GET "/lookbook-assets/js/index.js?v=2.3.14" for 127.0.0.1 at 2026-04-24 12:28:41 -0400
Started GET "/lookbook-assets/js/lookbook.js?v=2.3.14" for 127.0.0.1 at 2026-04-24 12:28:41 -0400
Started GET "/lookbook-assets/Inter-roman.var.b695afbe.woff2" for 127.0.0.1 at 2026-04-24 12:28:42 -0400
Started GET "/lookbook-assets/SourceCodeVariable-Roman.ttf.118e9f22.woff2" for 127.0.0.1 at 2026-04-24 12:28:42 -0400
Started GET "/lookbook-assets/SourceCodeVariable-Italic.ttf.09b4354a.woff2" for 127.0.0.1 at 2026-04-24 12:28:42 -0400
Started GET "/lookbook-assets/Inter-roman.var.b695afbe.woff2" for 127.0.0.1 at 2026-04-24 12:28:46 -0400
Started GET "/lookbook-assets/SourceCodeVariable-Roman.ttf.118e9f22.woff2" for 127.0.0.1 at 2026-04-24 12:28:46 -0400
Started GET "/lookbook-assets/SourceCodeVariable-Italic.ttf.09b4354a.woff2" for 127.0.0.1 at 2026-04-24 12:28:46 -0400
Started GET "/lookbook/inspect/button/secondary" for 127.0.0.1 at 2026-04-24 12:34:47 -0400
Processing by Lookbook::InspectorController#show as HTML
  Parameters: {"path"=>"button/secondary"}
Processing by Lookbook::PreviewController#render_scenario_to_string as HTML
  Parameters: {"path"=>"button/secondary"}
  Rendering /home/ivan/.local/share/mise/installs/ruby/3.3.7/lib/ruby/gems/3.3.0/gems/lookbook-2.3.14/app/views/lookbook/previews/preview.html.erb
  Rendered ui/_button.html.erb (Duration: 0.2ms | GC: 0.0ms)
  Rendered /home/ivan/.local/share/mise/installs/ruby/3.3.7/lib/ruby/gems/3.3.0/gems/lookbook-2.3.14/app/views/lookbook/previews/preview.html.erb (Duration: 0.8ms | GC: 0.0ms)
  Rendering html template
  Rendered html template (Duration: 0.0ms | GC: 0.0ms)
Completed 200 OK in 2ms (Views: 0.2ms | ActiveRecord: 0.0ms (0 queries, 0 cached) | GC: 0.0ms)


  Rendering layout /home/ivan/.local/share/mise/installs/ruby/3.3.7/lib/ruby/gems/3.3.0/gems/lookbook-2.3.14/app/views/layouts/lookbook/application.html.erb
  Rendering /home/ivan/.local/share/mise/installs/ruby/3.3.7/lib/ruby/gems/3.3.0/gems/lookbook-2.3.14/app/views/lookbook/inspector/show.html.erb within layouts/lookbook/application
  Rendered /home/ivan/.local/share/mise/installs/ruby/3.3.7/lib/ruby/gems/3.3.0/gems/lookbook-2.3.14/app/views/lookbook/inspector/panels/_preview.html.erb (Duration: 7.5ms | GC: 3.8ms)
  Rendered /home/ivan/.local/share/mise/installs/ruby/3.3.7/lib/ruby/gems/3.3.0/gems/lookbook-2.3.14/app/views/lookbook/inspector/panels/_output.html.erb (Duration: 1.8ms | GC: 0.4ms)
  Rendered /home/ivan/.local/share/mise/installs/ruby/3.3.7/lib/ruby/gems/3.3.0/gems/lookbook-2.3.14/app/views/lookbook/inspector/panels/_source.html.erb (Duration: 6.1ms | GC: 3.6ms)
  Rendered /home/ivan/.local/share/mise/installs/ruby/3.3.7/lib/ruby/gems/3.3.0/gems/lookbook-2.3.14/app/views/lookbook/inspector/panels/_notes.html.erb (Duration: 5.3ms | GC: 3.4ms)
  Rendered /home/ivan/.local/share/mise/installs/ruby/3.3.7/lib/ruby/gems/3.3.0/gems/lookbook-2.3.14/app/views/lookbook/inspector/inputs/_select.html.erb (Duration: 1.4ms | GC: 1.1ms)
  Rendered /home/ivan/.local/share/mise/installs/ruby/3.3.7/lib/ruby/gems/3.3.0/gems/lookbook-2.3.14/app/views/lookbook/inspector/panels/_params.html.erb (Duration: 11.0ms | GC: 6.4ms)
  Rendered /home/ivan/.local/share/mise/installs/ruby/3.3.7/lib/ruby/gems/3.3.0/gems/lookbook-2.3.14/app/views/lookbook/inspector/show.html.erb within layouts/lookbook/application (Duration: 103.0ms | GC: 35.6ms)
  Rendered /home/ivan/.local/share/mise/installs/ruby/3.3.7/lib/ruby/gems/3.3.0/gems/lookbook-2.3.14/app/views/lookbook/partials/_user_styles.html.erb (Duration: 0.3ms | GC: 0.0ms)
  Rendering /home/ivan/.local/share/mise/installs/ruby/3.3.7/lib/ruby/gems/3.3.0/gems/lookbook-2.3.14/app/views/layouts/lookbook/skeleton.html.erb
  Rendered /home/ivan/.local/share/mise/installs/ruby/3.3.7/lib/ruby/gems/3.3.0/gems/lookbook-2.3.14/app/views/layouts/lookbook/skeleton.html.erb (Duration: 1.1ms | GC: 0.2ms)
  Rendered layout /home/ivan/.local/share/mise/installs/ruby/3.3.7/lib/ruby/gems/3.3.0/gems/lookbook-2.3.14/app/views/layouts/lookbook/application.html.erb (Duration: 259.5ms | GC: 87.5ms)
Completed 200 OK in 268ms (Views: 260.1ms | ActiveRecord: 0.0ms (0 queries, 0 cached) | GC: 88.2ms)


Started GET "/lookbook-assets/css/lookbook.css?v=2.3.14" for 127.0.0.1 at 2026-04-24 12:34:47 -0400
Started GET "/lookbook-assets/css/themes/indigo.css?v=2.3.14" for 127.0.0.1 at 2026-04-24 12:34:47 -0400
Started GET "/lookbook-assets/js/index.js?v=2.3.14" for 127.0.0.1 at 2026-04-24 12:34:47 -0400
Started GET "/lookbook-assets/js/lookbook.js?v=2.3.14" for 127.0.0.1 at 2026-04-24 12:34:47 -0400
Started GET "/lookbook-assets/img/lucide-sprite.svg" for 127.0.0.1 at 2026-04-24 12:34:47 -0400
Started GET "/lookbook/preview/button/secondary?_display=%257B%257D&lookbook_timestamp=2026-04-24+12%3A34%3A47+-0400" for 127.0.0.1 at 2026-04-24 12:34:47 -0400
Processing by Lookbook::PreviewsController#show as HTML
  Parameters: {"_display"=>"%7B%7D", "lookbook_timestamp"=>"2026-04-24 12:34:47 -0400", "path"=>"button/secondary"}
Processing by Lookbook::PreviewController#render_scenario_to_string as HTML
  Parameters: {"_display"=>"%7B%7D", "lookbook_timestamp"=>"2026-04-24 12:34:47 -0400", "path"=>"button/secondary"}
  Rendering /home/ivan/.local/share/mise/installs/ruby/3.3.7/lib/ruby/gems/3.3.0/gems/lookbook-2.3.14/app/views/lookbook/previews/preview.html.erb
  Rendered ui/_button.html.erb (Duration: 0.0ms | GC: 0.0ms)
  Rendered /home/ivan/.local/share/mise/installs/ruby/3.3.7/lib/ruby/gems/3.3.0/gems/lookbook-2.3.14/app/views/lookbook/previews/preview.html.erb (Duration: 0.2ms | GC: 0.0ms)
  Rendering html template
  Rendered html template (Duration: 0.0ms | GC: 0.0ms)
Completed 200 OK in 3ms (Views: 0.6ms | ActiveRecord: 0.0ms (0 queries, 0 cached) | GC: 0.3ms)


Processing by Lookbook::PreviewController#render_in_layout_to_string as HTML
  Parameters: {"_display"=>"%7B%7D", "lookbook_timestamp"=>"2026-04-24 12:34:47 -0400", "path"=>"button/secondary"}
  Rendering layout layouts/lookbook.html.erb
  Rendering /home/ivan/.local/share/mise/installs/ruby/3.3.7/lib/ruby/gems/3.3.0/gems/lookbook-2.3.14/app/views/lookbook/previews/group.html.erb within layouts/lookbook
  Rendered /home/ivan/.local/share/mise/installs/ruby/3.3.7/lib/ruby/gems/3.3.0/gems/lookbook-2.3.14/app/views/lookbook/previews/group.html.erb within layouts/lookbook (Duration: 0.5ms | GC: 0.0ms)
  Rendered layout layouts/lookbook.html.erb (Duration: 3.8ms | GC: 0.0ms)
  Rendering html template
  Rendered html template (Duration: 0.0ms | GC: 0.0ms)
Completed 200 OK in 6ms (Views: 0.4ms | ActiveRecord: 0.0ms (0 queries, 0 cached) | GC: 0.0ms)


  Rendering /home/ivan/.local/share/mise/installs/ruby/3.3.7/lib/ruby/gems/3.3.0/gems/lookbook-2.3.14/app/views/lookbook/previews/show.html.erb
  Rendered /home/ivan/.local/share/mise/installs/ruby/3.3.7/lib/ruby/gems/3.3.0/gems/lookbook-2.3.14/app/views/lookbook/previews/show.html.erb (Duration: 0.3ms | GC: 0.0ms)
Completed 200 OK in 12ms (Views: 0.8ms | ActiveRecord: 0.0ms (0 queries, 0 cached) | GC: 0.3ms)


Started GET "/lookbook-assets/Inter-roman.var.b695afbe.woff2" for 127.0.0.1 at 2026-04-24 12:34:48 -0400
Started GET "/lookbook-assets/SourceCodeVariable-Roman.ttf.118e9f22.woff2" for 127.0.0.1 at 2026-04-24 12:34:48 -0400
Started GET "/lookbook-assets/Inter-italic.var.69eb0fe1.woff2" for 127.0.0.1 at 2026-04-24 12:34:48 -0400
Started GET "/lookbook/inspect/badge/warning_low" for 127.0.0.1 at 2026-04-24 12:34:50 -0400
Processing by Lookbook::InspectorController#show as */*
  Parameters: {"path"=>"badge/warning_low"}
Processing by Lookbook::PreviewController#render_scenario_to_string as */*
  Parameters: {"path"=>"badge/warning_low"}
  Rendering /home/ivan/.local/share/mise/installs/ruby/3.3.7/lib/ruby/gems/3.3.0/gems/lookbook-2.3.14/app/views/lookbook/previews/preview.html.erb
  Rendered ui/_badge.html.erb (Duration: 0.2ms | GC: 0.0ms)
  Rendered /home/ivan/.local/share/mise/installs/ruby/3.3.7/lib/ruby/gems/3.3.0/gems/lookbook-2.3.14/app/views/lookbook/previews/preview.html.erb (Duration: 0.4ms | GC: 0.0ms)
  Rendering html template
  Rendered html template (Duration: 0.0ms | GC: 0.0ms)
Completed 200 OK in 1ms (Views: 0.2ms | ActiveRecord: 0.0ms (0 queries, 0 cached) | GC: 0.0ms)


  Rendering layout /home/ivan/.local/share/mise/installs/ruby/3.3.7/lib/ruby/gems/3.3.0/gems/lookbook-2.3.14/app/views/layouts/lookbook/application.html.erb
  Rendering /home/ivan/.local/share/mise/installs/ruby/3.3.7/lib/ruby/gems/3.3.0/gems/lookbook-2.3.14/app/views/lookbook/inspector/show.html.erb within layouts/lookbook/application
  Rendered /home/ivan/.local/share/mise/installs/ruby/3.3.7/lib/ruby/gems/3.3.0/gems/lookbook-2.3.14/app/views/lookbook/inspector/panels/_preview.html.erb (Duration: 1.7ms | GC: 0.0ms)
  Rendered /home/ivan/.local/share/mise/installs/ruby/3.3.7/lib/ruby/gems/3.3.0/gems/lookbook-2.3.14/app/views/lookbook/inspector/panels/_output.html.erb (Duration: 0.6ms | GC: 0.0ms)
  Rendered /home/ivan/.local/share/mise/installs/ruby/3.3.7/lib/ruby/gems/3.3.0/gems/lookbook-2.3.14/app/views/lookbook/inspector/panels/_source.html.erb (Duration: 1.1ms | GC: 0.0ms)
  Rendered /home/ivan/.local/share/mise/installs/ruby/3.3.7/lib/ruby/gems/3.3.0/gems/lookbook-2.3.14/app/views/lookbook/inspector/panels/_notes.html.erb (Duration: 0.6ms | GC: 0.0ms)
  Rendered /home/ivan/.local/share/mise/installs/ruby/3.3.7/lib/ruby/gems/3.3.0/gems/lookbook-2.3.14/app/views/lookbook/inspector/inputs/_select.html.erb (Duration: 0.1ms | GC: 0.0ms)
  Rendered /home/ivan/.local/share/mise/installs/ruby/3.3.7/lib/ruby/gems/3.3.0/gems/lookbook-2.3.14/app/views/lookbook/inspector/panels/_params.html.erb (Duration: 1.9ms | GC: 0.2ms)
  Rendered /home/ivan/.local/share/mise/installs/ruby/3.3.7/lib/ruby/gems/3.3.0/gems/lookbook-2.3.14/app/views/lookbook/inspector/show.html.erb within layouts/lookbook/application (Duration: 50.2ms | GC: 10.4ms)
  Rendered layout /home/ivan/.local/share/mise/installs/ruby/3.3.7/lib/ruby/gems/3.3.0/gems/lookbook-2.3.14/app/views/layouts/lookbook/application.html.erb (Duration: 50.4ms | GC: 10.4ms)
Completed 200 OK in 54ms (Views: 50.6ms | ActiveRecord: 0.0ms (0 queries, 0 cached) | GC: 10.4ms)


Started GET "/lookbook/preview/badge/warning_low?_display=%257B%257D&lookbook_timestamp=2026-04-24+12%3A34%3A50+-0400" for 127.0.0.1 at 2026-04-24 12:34:50 -0400
Processing by Lookbook::PreviewsController#show as HTML
  Parameters: {"_display"=>"%7B%7D", "lookbook_timestamp"=>"2026-04-24 12:34:50 -0400", "path"=>"badge/warning_low"}
Processing by Lookbook::PreviewController#render_scenario_to_string as HTML
  Parameters: {"_display"=>"%7B%7D", "lookbook_timestamp"=>"2026-04-24 12:34:50 -0400", "path"=>"badge/warning_low"}
  Rendering /home/ivan/.local/share/mise/installs/ruby/3.3.7/lib/ruby/gems/3.3.0/gems/lookbook-2.3.14/app/views/lookbook/previews/preview.html.erb
  Rendered ui/_badge.html.erb (Duration: 0.0ms | GC: 0.0ms)
  Rendered /home/ivan/.local/share/mise/installs/ruby/3.3.7/lib/ruby/gems/3.3.0/gems/lookbook-2.3.14/app/views/lookbook/previews/preview.html.erb (Duration: 0.1ms | GC: 0.0ms)
  Rendering html template
  Rendered html template (Duration: 0.0ms | GC: 0.0ms)
Completed 200 OK in 1ms (Views: 0.2ms | ActiveRecord: 0.0ms (0 queries, 0 cached) | GC: 0.0ms)


Processing by Lookbook::PreviewController#render_in_layout_to_string as HTML
  Parameters: {"_display"=>"%7B%7D", "lookbook_timestamp"=>"2026-04-24 12:34:50 -0400", "path"=>"badge/warning_low"}
  Rendering layout layouts/lookbook.html.erb
  Rendering /home/ivan/.local/share/mise/installs/ruby/3.3.7/lib/ruby/gems/3.3.0/gems/lookbook-2.3.14/app/views/lookbook/previews/group.html.erb within layouts/lookbook
  Rendered /home/ivan/.local/share/mise/installs/ruby/3.3.7/lib/ruby/gems/3.3.0/gems/lookbook-2.3.14/app/views/lookbook/previews/group.html.erb within layouts/lookbook (Duration: 0.0ms | GC: 0.0ms)
  Rendered layout layouts/lookbook.html.erb (Duration: 0.9ms | GC: 0.0ms)
  Rendering html template
  Rendered html template (Duration: 0.0ms | GC: 0.0ms)
Completed 200 OK in 2ms (Views: 0.3ms | ActiveRecord: 0.0ms (0 queries, 0 cached) | GC: 0.0ms)


  Rendering /home/ivan/.local/share/mise/installs/ruby/3.3.7/lib/ruby/gems/3.3.0/gems/lookbook-2.3.14/app/views/lookbook/previews/show.html.erb
  Rendered /home/ivan/.local/share/mise/installs/ruby/3.3.7/lib/ruby/gems/3.3.0/gems/lookbook-2.3.14/app/views/lookbook/previews/show.html.erb (Duration: 0.0ms | GC: 0.0ms)
Completed 200 OK in 5ms (Views: 0.3ms | ActiveRecord: 0.0ms (0 queries, 0 cached) | GC: 0.0ms)


Started GET "/lookbook/inspect/badge/outline" for 127.0.0.1 at 2026-04-24 12:34:51 -0400
Processing by Lookbook::InspectorController#show as */*
  Parameters: {"path"=>"badge/outline"}
Processing by Lookbook::PreviewController#render_scenario_to_string as */*
  Parameters: {"path"=>"badge/outline"}
  Rendering /home/ivan/.local/share/mise/installs/ruby/3.3.7/lib/ruby/gems/3.3.0/gems/lookbook-2.3.14/app/views/lookbook/previews/preview.html.erb
  Rendered ui/_badge.html.erb (Duration: 0.0ms | GC: 0.0ms)
  Rendered /home/ivan/.local/share/mise/installs/ruby/3.3.7/lib/ruby/gems/3.3.0/gems/lookbook-2.3.14/app/views/lookbook/previews/preview.html.erb (Duration: 0.2ms | GC: 0.0ms)
  Rendering html template
  Rendered html template (Duration: 0.0ms | GC: 0.0ms)
Completed 200 OK in 1ms (Views: 0.2ms | ActiveRecord: 0.0ms (0 queries, 0 cached) | GC: 0.0ms)


  Rendering layout /home/ivan/.local/share/mise/installs/ruby/3.3.7/lib/ruby/gems/3.3.0/gems/lookbook-2.3.14/app/views/layouts/lookbook/application.html.erb
  Rendering /home/ivan/.local/share/mise/installs/ruby/3.3.7/lib/ruby/gems/3.3.0/gems/lookbook-2.3.14/app/views/lookbook/inspector/show.html.erb within layouts/lookbook/application
  Rendered /home/ivan/.local/share/mise/installs/ruby/3.3.7/lib/ruby/gems/3.3.0/gems/lookbook-2.3.14/app/views/lookbook/inspector/panels/_preview.html.erb (Duration: 2.0ms | GC: 0.3ms)
  Rendered /home/ivan/.local/share/mise/installs/ruby/3.3.7/lib/ruby/gems/3.3.0/gems/lookbook-2.3.14/app/views/lookbook/inspector/panels/_output.html.erb (Duration: 1.8ms | GC: 0.6ms)
  Rendered /home/ivan/.local/share/mise/installs/ruby/3.3.7/lib/ruby/gems/3.3.0/gems/lookbook-2.3.14/app/views/lookbook/inspector/panels/_source.html.erb (Duration: 0.9ms | GC: 0.0ms)
  Rendered /home/ivan/.local/share/mise/installs/ruby/3.3.7/lib/ruby/gems/3.3.0/gems/lookbook-2.3.14/app/views/lookbook/inspector/panels/_notes.html.erb (Duration: 0.7ms | GC: 0.0ms)
  Rendered /home/ivan/.local/share/mise/installs/ruby/3.3.7/lib/ruby/gems/3.3.0/gems/lookbook-2.3.14/app/views/lookbook/inspector/inputs/_select.html.erb (Duration: 0.1ms | GC: 0.0ms)
  Rendered /home/ivan/.local/share/mise/installs/ruby/3.3.7/lib/ruby/gems/3.3.0/gems/lookbook-2.3.14/app/views/lookbook/inspector/panels/_params.html.erb (Duration: 2.5ms | GC: 0.0ms)
  Rendered /home/ivan/.local/share/mise/installs/ruby/3.3.7/lib/ruby/gems/3.3.0/gems/lookbook-2.3.14/app/views/lookbook/inspector/show.html.erb within layouts/lookbook/application (Duration: 45.7ms | GC: 7.0ms)
  Rendered layout /home/ivan/.local/share/mise/installs/ruby/3.3.7/lib/ruby/gems/3.3.0/gems/lookbook-2.3.14/app/views/layouts/lookbook/application.html.erb (Duration: 45.9ms | GC: 7.0ms)
Completed 200 OK in 50ms (Views: 46.8ms | ActiveRecord: 0.0ms (0 queries, 0 cached) | GC: 7.4ms)


Started GET "/lookbook/preview/badge/outline?_display=%257B%257D&lookbook_timestamp=2026-04-24+12%3A34%3A51+-0400" for 127.0.0.1 at 2026-04-24 12:34:51 -0400
Processing by Lookbook::PreviewsController#show as HTML
  Parameters: {"_display"=>"%7B%7D", "lookbook_timestamp"=>"2026-04-24 12:34:51 -0400", "path"=>"badge/outline"}
Processing by Lookbook::PreviewController#render_scenario_to_string as HTML
  Parameters: {"_display"=>"%7B%7D", "lookbook_timestamp"=>"2026-04-24 12:34:51 -0400", "path"=>"badge/outline"}
  Rendering /home/ivan/.local/share/mise/installs/ruby/3.3.7/lib/ruby/gems/3.3.0/gems/lookbook-2.3.14/app/views/lookbook/previews/preview.html.erb
  Rendered ui/_badge.html.erb (Duration: 0.0ms | GC: 0.0ms)
  Rendered /home/ivan/.local/share/mise/installs/ruby/3.3.7/lib/ruby/gems/3.3.0/gems/lookbook-2.3.14/app/views/lookbook/previews/preview.html.erb (Duration: 0.2ms | GC: 0.0ms)
  Rendering html template
  Rendered html template (Duration: 0.0ms | GC: 0.0ms)
Completed 200 OK in 2ms (Views: 0.3ms | ActiveRecord: 0.0ms (0 queries, 0 cached) | GC: 0.0ms)


Processing by Lookbook::PreviewController#render_in_layout_to_string as HTML
  Parameters: {"_display"=>"%7B%7D", "lookbook_timestamp"=>"2026-04-24 12:34:51 -0400", "path"=>"badge/outline"}
  Rendering layout layouts/lookbook.html.erb
  Rendering /home/ivan/.local/share/mise/installs/ruby/3.3.7/lib/ruby/gems/3.3.0/gems/lookbook-2.3.14/app/views/lookbook/previews/group.html.erb within layouts/lookbook
  Rendered /home/ivan/.local/share/mise/installs/ruby/3.3.7/lib/ruby/gems/3.3.0/gems/lookbook-2.3.14/app/views/lookbook/previews/group.html.erb within layouts/lookbook (Duration: 0.0ms | GC: 0.0ms)
  Rendered layout layouts/lookbook.html.erb (Duration: 0.9ms | GC: 0.0ms)
  Rendering html template
  Rendered html template (Duration: 0.0ms | GC: 0.0ms)
Completed 200 OK in 2ms (Views: 0.2ms | ActiveRecord: 0.0ms (0 queries, 0 cached) | GC: 0.0ms)


  Rendering /home/ivan/.local/share/mise/installs/ruby/3.3.7/lib/ruby/gems/3.3.0/gems/lookbook-2.3.14/app/views/lookbook/previews/show.html.erb
  Rendered /home/ivan/.local/share/mise/installs/ruby/3.3.7/lib/ruby/gems/3.3.0/gems/lookbook-2.3.14/app/views/lookbook/previews/show.html.erb (Duration: 0.0ms | GC: 0.0ms)
Completed 200 OK in 6ms (Views: 0.3ms | ActiveRecord: 0.0ms (0 queries, 0 cached) | GC: 0.0ms)


Started GET "/lookbook/inspect/button/destructive" for 127.0.0.1 at 2026-04-24 12:34:52 -0400
Processing by Lookbook::InspectorController#show as */*
  Parameters: {"path"=>"button/destructive"}
Processing by Lookbook::PreviewController#render_scenario_to_string as */*
  Parameters: {"path"=>"button/destructive"}
  Rendering /home/ivan/.local/share/mise/installs/ruby/3.3.7/lib/ruby/gems/3.3.0/gems/lookbook-2.3.14/app/views/lookbook/previews/preview.html.erb
  Rendered ui/_button.html.erb (Duration: 0.0ms | GC: 0.0ms)
  Rendered /home/ivan/.local/share/mise/installs/ruby/3.3.7/lib/ruby/gems/3.3.0/gems/lookbook-2.3.14/app/views/lookbook/previews/preview.html.erb (Duration: 0.2ms | GC: 0.0ms)
  Rendering html template
  Rendered html template (Duration: 0.0ms | GC: 0.0ms)
Completed 200 OK in 2ms (Views: 0.3ms | ActiveRecord: 0.0ms (0 queries, 0 cached) | GC: 0.0ms)


  Rendering layout /home/ivan/.local/share/mise/installs/ruby/3.3.7/lib/ruby/gems/3.3.0/gems/lookbook-2.3.14/app/views/layouts/lookbook/application.html.erb
  Rendering /home/ivan/.local/share/mise/installs/ruby/3.3.7/lib/ruby/gems/3.3.0/gems/lookbook-2.3.14/app/views/lookbook/inspector/show.html.erb within layouts/lookbook/application
  Rendered /home/ivan/.local/share/mise/installs/ruby/3.3.7/lib/ruby/gems/3.3.0/gems/lookbook-2.3.14/app/views/lookbook/inspector/panels/_preview.html.erb (Duration: 3.4ms | GC: 0.0ms)
  Rendered /home/ivan/.local/share/mise/installs/ruby/3.3.7/lib/ruby/gems/3.3.0/gems/lookbook-2.3.14/app/views/lookbook/inspector/panels/_output.html.erb (Duration: 0.8ms | GC: 0.0ms)
  Rendered /home/ivan/.local/share/mise/installs/ruby/3.3.7/lib/ruby/gems/3.3.0/gems/lookbook-2.3.14/app/views/lookbook/inspector/panels/_source.html.erb (Duration: 1.4ms | GC: 0.0ms)
  Rendered /home/ivan/.local/share/mise/installs/ruby/3.3.7/lib/ruby/gems/3.3.0/gems/lookbook-2.3.14/app/views/lookbook/inspector/panels/_notes.html.erb (Duration: 0.9ms | GC: 0.1ms)
  Rendered /home/ivan/.local/share/mise/installs/ruby/3.3.7/lib/ruby/gems/3.3.0/gems/lookbook-2.3.14/app/views/lookbook/inspector/inputs/_select.html.erb (Duration: 0.1ms | GC: 0.0ms)
  Rendered /home/ivan/.local/share/mise/installs/ruby/3.3.7/lib/ruby/gems/3.3.0/gems/lookbook-2.3.14/app/views/lookbook/inspector/panels/_params.html.erb (Duration: 3.7ms | GC: 1.1ms)
  Rendered /home/ivan/.local/share/mise/installs/ruby/3.3.7/lib/ruby/gems/3.3.0/gems/lookbook-2.3.14/app/views/lookbook/inspector/show.html.erb within layouts/lookbook/application (Duration: 54.8ms | GC: 9.2ms)
  Rendered layout /home/ivan/.local/share/mise/installs/ruby/3.3.7/lib/ruby/gems/3.3.0/gems/lookbook-2.3.14/app/views/layouts/lookbook/application.html.erb (Duration: 55.0ms | GC: 9.2ms)
Completed 200 OK in 60ms (Views: 55.3ms | ActiveRecord: 0.0ms (0 queries, 0 cached) | GC: 9.2ms)


Started GET "/lookbook/preview/button/destructive?_display=%257B%257D&lookbook_timestamp=2026-04-24+12%3A34%3A52+-0400" for 127.0.0.1 at 2026-04-24 12:34:52 -0400
Processing by Lookbook::PreviewsController#show as HTML
  Parameters: {"_display"=>"%7B%7D", "lookbook_timestamp"=>"2026-04-24 12:34:52 -0400", "path"=>"button/destructive"}
Processing by Lookbook::PreviewController#render_scenario_to_string as HTML
  Parameters: {"_display"=>"%7B%7D", "lookbook_timestamp"=>"2026-04-24 12:34:52 -0400", "path"=>"button/destructive"}
  Rendering /home/ivan/.local/share/mise/installs/ruby/3.3.7/lib/ruby/gems/3.3.0/gems/lookbook-2.3.14/app/views/lookbook/previews/preview.html.erb
  Rendered ui/_button.html.erb (Duration: 0.0ms | GC: 0.0ms)
  Rendered /home/ivan/.local/share/mise/installs/ruby/3.3.7/lib/ruby/gems/3.3.0/gems/lookbook-2.3.14/app/views/lookbook/previews/preview.html.erb (Duration: 0.2ms | GC: 0.0ms)
  Rendering html template
  Rendered html template (Duration: 0.0ms | GC: 0.0ms)
Completed 200 OK in 1ms (Views: 0.2ms | ActiveRecord: 0.0ms (0 queries, 0 cached) | GC: 0.0ms)


Processing by Lookbook::PreviewController#render_in_layout_to_string as HTML
  Parameters: {"_display"=>"%7B%7D", "lookbook_timestamp"=>"2026-04-24 12:34:52 -0400", "path"=>"button/destructive"}
  Rendering layout layouts/lookbook.html.erb
  Rendering /home/ivan/.local/share/mise/installs/ruby/3.3.7/lib/ruby/gems/3.3.0/gems/lookbook-2.3.14/app/views/lookbook/previews/group.html.erb within layouts/lookbook
  Rendered /home/ivan/.local/share/mise/installs/ruby/3.3.7/lib/ruby/gems/3.3.0/gems/lookbook-2.3.14/app/views/lookbook/previews/group.html.erb within layouts/lookbook (Duration: 0.0ms | GC: 0.0ms)
  Rendered layout layouts/lookbook.html.erb (Duration: 1.3ms | GC: 0.0ms)
  Rendering html template
  Rendered html template (Duration: 0.0ms | GC: 0.0ms)
Completed 200 OK in 3ms (Views: 0.5ms | ActiveRecord: 0.0ms (0 queries, 0 cached) | GC: 0.0ms)


  Rendering /home/ivan/.local/share/mise/installs/ruby/3.3.7/lib/ruby/gems/3.3.0/gems/lookbook-2.3.14/app/views/lookbook/previews/show.html.erb
  Rendered /home/ivan/.local/share/mise/installs/ruby/3.3.7/lib/ruby/gems/3.3.0/gems/lookbook-2.3.14/app/views/lookbook/previews/show.html.erb (Duration: 0.0ms | GC: 0.0ms)
Completed 200 OK in 6ms (Views: 0.7ms | ActiveRecord: 0.0ms (0 queries, 0 cached) | GC: 0.0ms)


Started GET "/lookbook/inspect/landing_page_views/home/default" for 127.0.0.1 at 2026-04-24 12:34:56 -0400
Processing by Lookbook::InspectorController#show as */*
  Parameters: {"path"=>"landing_page_views/home/default"}
Processing by Lookbook::PreviewController#render_scenario_to_string as */*
  Parameters: {"path"=>"landing_page_views/home/default"}
  Rendering ui/previews/landing_page_views/home.html.erb
  Rendered ui/previews/landing_page_views/home.html.erb (Duration: 0.5ms | GC: 0.0ms)
  Rendering html template
  Rendered html template (Duration: 0.0ms | GC: 0.0ms)
Completed 200 OK in 2ms (Views: 0.2ms | ActiveRecord: 0.0ms (0 queries, 0 cached) | GC: 0.0ms)


  Rendering layout /home/ivan/.local/share/mise/installs/ruby/3.3.7/lib/ruby/gems/3.3.0/gems/lookbook-2.3.14/app/views/layouts/lookbook/application.html.erb
  Rendering /home/ivan/.local/share/mise/installs/ruby/3.3.7/lib/ruby/gems/3.3.0/gems/lookbook-2.3.14/app/views/lookbook/inspector/show.html.erb within layouts/lookbook/application
  Rendered /home/ivan/.local/share/mise/installs/ruby/3.3.7/lib/ruby/gems/3.3.0/gems/lookbook-2.3.14/app/views/lookbook/inspector/panels/_preview.html.erb (Duration: 3.7ms | GC: 0.5ms)
  Rendered /home/ivan/.local/share/mise/installs/ruby/3.3.7/lib/ruby/gems/3.3.0/gems/lookbook-2.3.14/app/views/lookbook/inspector/panels/_output.html.erb (Duration: 20.7ms | GC: 2.7ms)
  Rendered /home/ivan/.local/share/mise/installs/ruby/3.3.7/lib/ruby/gems/3.3.0/gems/lookbook-2.3.14/app/views/lookbook/inspector/panels/_source.html.erb (Duration: 0.7ms | GC: 0.0ms)
  Rendered /home/ivan/.local/share/mise/installs/ruby/3.3.7/lib/ruby/gems/3.3.0/gems/lookbook-2.3.14/app/views/lookbook/inspector/panels/_notes.html.erb (Duration: 1.0ms | GC: 0.0ms)
  Rendered /home/ivan/.local/share/mise/installs/ruby/3.3.7/lib/ruby/gems/3.3.0/gems/lookbook-2.3.14/app/views/lookbook/inspector/panels/_params.html.erb (Duration: 0.5ms | GC: 0.0ms)
  Rendered /home/ivan/.local/share/mise/installs/ruby/3.3.7/lib/ruby/gems/3.3.0/gems/lookbook-2.3.14/app/views/lookbook/inspector/show.html.erb within layouts/lookbook/application (Duration: 79.1ms | GC: 13.7ms)
  Rendered layout /home/ivan/.local/share/mise/installs/ruby/3.3.7/lib/ruby/gems/3.3.0/gems/lookbook-2.3.14/app/views/layouts/lookbook/application.html.erb (Duration: 79.4ms | GC: 13.7ms)
Completed 200 OK in 83ms (Views: 79.7ms | ActiveRecord: 0.0ms (0 queries, 0 cached) | GC: 13.7ms)


Started GET "/lookbook/preview/landing_page_views/home/default?_display=%257B%257D&lookbook_timestamp=2026-04-24+12%3A34%3A56+-0400" for 127.0.0.1 at 2026-04-24 12:34:56 -0400
Processing by Lookbook::PreviewsController#show as HTML
  Parameters: {"_display"=>"%7B%7D", "lookbook_timestamp"=>"2026-04-24 12:34:56 -0400", "path"=>"landing_page_views/home/default"}
Processing by Lookbook::PreviewController#render_scenario_to_string as HTML
  Parameters: {"_display"=>"%7B%7D", "lookbook_timestamp"=>"2026-04-24 12:34:56 -0400", "path"=>"landing_page_views/home/default"}
  Rendering ui/previews/landing_page_views/home.html.erb
  Rendered ui/previews/landing_page_views/home.html.erb (Duration: 0.0ms | GC: 0.0ms)
  Rendering html template
  Rendered html template (Duration: 0.0ms | GC: 0.0ms)
Completed 200 OK in 1ms (Views: 0.2ms | ActiveRecord: 0.0ms (0 queries, 0 cached) | GC: 0.0ms)


Processing by Lookbook::PreviewController#render_in_layout_to_string as HTML
  Parameters: {"_display"=>"%7B%7D", "lookbook_timestamp"=>"2026-04-24 12:34:56 -0400", "path"=>"landing_page_views/home/default"}
Completed 500 Internal Server Error in 3ms (Views: 0.2ms | ActiveRecord: 0.0ms (0 queries, 0 cached) | GC: 1.5ms)


rescue_from handled ActionView::MissingTemplate (Missing template layouts/landings/home/marketing with {:locale=>[:en], :formats=>[:html], :variants=>[], :handlers=>[:raw, :erb, :html, :builder, :ruby, :jbuilder]}.

Searched in:
  * "/home/ivan/Documents/code/arbolitics/frontend/arbolitics_design_system/app/views"
  * "/home/ivan/Documents/code/arbolitics/frontend/arbolitics_design_system/test/components/previews"
  * "/home/ivan/Documents/code/arbolitics/frontend/arbolitics_design_system/app/views"
  * "/home/ivan/.local/share/mise/installs/ruby/3.3.7/lib/ruby/gems/3.3.0/gems/lookbook-2.3.14/app/views"
  * "/home/ivan/.local/share/mise/installs/ruby/3.3.7/lib/ruby/gems/3.3.0/gems/railties-8.1.3/lib/rails/templates"
  * "/home/ivan/Documents/code/arbolitics/frontend/arbolitics_design_system/app/views"
  * "/home/ivan/.local/share/mise/installs/ruby/3.3.7/lib/ruby/gems/3.3.0/gems/view_component-4.8.0/app/views"
  * "/home/ivan/.local/share/mise/installs/ruby/3.3.7/lib/ruby/gems/3.3.0/gems/lookbook-2.3.14/app/views"
  * "/home/ivan/.local/share/mise/installs/ruby/3.3.7/lib/ruby/gems/3.3.0/gems/turbo-rails-2.0.23/app/views"
  * "/home/ivan/.local/share/mise/installs/ruby/3.3.7/lib/ruby/gems/3.3.0/gems/actiontext-8.1.3/app/views"
  * "/home/ivan/.local/share/mise/installs/ruby/3.3.7/lib/ruby/gems/3.3.0/gems/actionmailbox-8.1.3/app/views"
) - /home/ivan/.local/share/mise/installs/ruby/3.3.7/lib/ruby/gems/3.3.0/gems/actionview-8.1.3/lib/action_view/path_set.rb:42:in `find'
  Rendering layout /home/ivan/.local/share/mise/installs/ruby/3.3.7/lib/ruby/gems/3.3.0/gems/lookbook-2.3.14/app/views/layouts/lookbook/skeleton.html.erb
  Rendering /home/ivan/.local/share/mise/installs/ruby/3.3.7/lib/ruby/gems/3.3.0/gems/lookbook-2.3.14/app/views/lookbook/errors/default.html.erb within layouts/lookbook/skeleton
  Rendered /home/ivan/.local/share/mise/installs/ruby/3.3.7/lib/ruby/gems/3.3.0/gems/lookbook-2.3.14/app/views/lookbook/errors/default.html.erb within layouts/lookbook/skeleton (Duration: 14.9ms | GC: 0.0ms)
  Rendered layout /home/ivan/.local/share/mise/installs/ruby/3.3.7/lib/ruby/gems/3.3.0/gems/lookbook-2.3.14/app/views/layouts/lookbook/skeleton.html.erb (Duration: 15.7ms | GC: 0.0ms)
Completed 500 Internal Server Error in 22ms (Views: 16.3ms | ActiveRecord: 0.0ms (0 queries, 0 cached) | GC: 1.5ms)


Started GET "/lookbook-assets/css/lookbook.css?v=2.3.14" for 127.0.0.1 at 2026-04-24 12:34:56 -0400
Started GET "/lookbook-assets/css/themes/indigo.css?v=2.3.14" for 127.0.0.1 at 2026-04-24 12:34:56 -0400
Started GET "/lookbook-assets/js/lookbook.js?v=2.3.14" for 127.0.0.1 at 2026-04-24 12:34:56 -0400
Started GET "/lookbook-assets/js/index.js?v=2.3.14" for 127.0.0.1 at 2026-04-24 12:34:56 -0400
Started GET "/lookbook-assets/Inter-roman.var.b695afbe.woff2" for 127.0.0.1 at 2026-04-24 12:34:56 -0400
Started GET "/lookbook-assets/SourceCodeVariable-Roman.ttf.118e9f22.woff2" for 127.0.0.1 at 2026-04-24 12:34:56 -0400
Started GET "/lookbook/inspect/radio/checked" for 127.0.0.1 at 2026-04-24 12:35:00 -0400
Processing by Lookbook::InspectorController#show as */*
  Parameters: {"path"=>"radio/checked"}
Processing by Lookbook::PreviewController#render_scenario_to_string as */*
  Parameters: {"path"=>"radio/checked"}
  Rendering /home/ivan/.local/share/mise/installs/ruby/3.3.7/lib/ruby/gems/3.3.0/gems/lookbook-2.3.14/app/views/lookbook/previews/preview.html.erb
  Rendered ui/_radio.html.erb (Duration: 0.3ms | GC: 0.0ms)
  Rendered /home/ivan/.local/share/mise/installs/ruby/3.3.7/lib/ruby/gems/3.3.0/gems/lookbook-2.3.14/app/views/lookbook/previews/preview.html.erb (Duration: 0.6ms | GC: 0.0ms)
  Rendering html template
  Rendered html template (Duration: 0.0ms | GC: 0.0ms)
Completed 200 OK in 2ms (Views: 0.4ms | ActiveRecord: 0.0ms (0 queries, 0 cached) | GC: 0.0ms)


  Rendering layout /home/ivan/.local/share/mise/installs/ruby/3.3.7/lib/ruby/gems/3.3.0/gems/lookbook-2.3.14/app/views/layouts/lookbook/application.html.erb
  Rendering /home/ivan/.local/share/mise/installs/ruby/3.3.7/lib/ruby/gems/3.3.0/gems/lookbook-2.3.14/app/views/lookbook/inspector/show.html.erb within layouts/lookbook/application
  Rendered /home/ivan/.local/share/mise/installs/ruby/3.3.7/lib/ruby/gems/3.3.0/gems/lookbook-2.3.14/app/views/lookbook/inspector/panels/_preview.html.erb (Duration: 2.4ms | GC: 0.0ms)
  Rendered /home/ivan/.local/share/mise/installs/ruby/3.3.7/lib/ruby/gems/3.3.0/gems/lookbook-2.3.14/app/views/lookbook/inspector/panels/_output.html.erb (Duration: 1.1ms | GC: 0.0ms)
  Rendered /home/ivan/.local/share/mise/installs/ruby/3.3.7/lib/ruby/gems/3.3.0/gems/lookbook-2.3.14/app/views/lookbook/inspector/panels/_source.html.erb (Duration: 1.5ms | GC: 0.0ms)
  Rendered /home/ivan/.local/share/mise/installs/ruby/3.3.7/lib/ruby/gems/3.3.0/gems/lookbook-2.3.14/app/views/lookbook/inspector/panels/_notes.html.erb (Duration: 0.8ms | GC: 0.0ms)
  Rendered /home/ivan/.local/share/mise/installs/ruby/3.3.7/lib/ruby/gems/3.3.0/gems/lookbook-2.3.14/app/views/lookbook/inspector/inputs/_select.html.erb (Duration: 0.1ms | GC: 0.0ms)
  Rendered /home/ivan/.local/share/mise/installs/ruby/3.3.7/lib/ruby/gems/3.3.0/gems/lookbook-2.3.14/app/views/lookbook/inspector/panels/_params.html.erb (Duration: 2.3ms | GC: 0.3ms)
  Rendered /home/ivan/.local/share/mise/installs/ruby/3.3.7/lib/ruby/gems/3.3.0/gems/lookbook-2.3.14/app/views/lookbook/inspector/show.html.erb within layouts/lookbook/application (Duration: 64.2ms | GC: 13.5ms)
  Rendered layout /home/ivan/.local/share/mise/installs/ruby/3.3.7/lib/ruby/gems/3.3.0/gems/lookbook-2.3.14/app/views/layouts/lookbook/application.html.erb (Duration: 64.5ms | GC: 13.5ms)
Completed 200 OK in 69ms (Views: 64.9ms | ActiveRecord: 0.0ms (0 queries, 0 cached) | GC: 13.5ms)


Started GET "/lookbook/preview/radio/checked?_display=%257B%257D&lookbook_timestamp=2026-04-24+12%3A35%3A00+-0400" for 127.0.0.1 at 2026-04-24 12:35:00 -0400
Processing by Lookbook::PreviewsController#show as HTML
  Parameters: {"_display"=>"%7B%7D", "lookbook_timestamp"=>"2026-04-24 12:35:00 -0400", "path"=>"radio/checked"}
Processing by Lookbook::PreviewController#render_scenario_to_string as HTML
  Parameters: {"_display"=>"%7B%7D", "lookbook_timestamp"=>"2026-04-24 12:35:00 -0400", "path"=>"radio/checked"}
  Rendering /home/ivan/.local/share/mise/installs/ruby/3.3.7/lib/ruby/gems/3.3.0/gems/lookbook-2.3.14/app/views/lookbook/previews/preview.html.erb
  Rendered ui/_radio.html.erb (Duration: 0.0ms | GC: 0.0ms)
  Rendered /home/ivan/.local/share/mise/installs/ruby/3.3.7/lib/ruby/gems/3.3.0/gems/lookbook-2.3.14/app/views/lookbook/previews/preview.html.erb (Duration: 0.2ms | GC: 0.0ms)
  Rendering html template
  Rendered html template (Duration: 0.0ms | GC: 0.0ms)
Completed 200 OK in 1ms (Views: 0.2ms | ActiveRecord: 0.0ms (0 queries, 0 cached) | GC: 0.0ms)


Processing by Lookbook::PreviewController#render_in_layout_to_string as HTML
  Parameters: {"_display"=>"%7B%7D", "lookbook_timestamp"=>"2026-04-24 12:35:00 -0400", "path"=>"radio/checked"}
  Rendering layout layouts/lookbook.html.erb
  Rendering /home/ivan/.local/share/mise/installs/ruby/3.3.7/lib/ruby/gems/3.3.0/gems/lookbook-2.3.14/app/views/lookbook/previews/group.html.erb within layouts/lookbook
  Rendered /home/ivan/.local/share/mise/installs/ruby/3.3.7/lib/ruby/gems/3.3.0/gems/lookbook-2.3.14/app/views/lookbook/previews/group.html.erb within layouts/lookbook (Duration: 0.0ms | GC: 0.0ms)
  Rendered layout layouts/lookbook.html.erb (Duration: 0.9ms | GC: 0.0ms)
  Rendering html template
  Rendered html template (Duration: 0.0ms | GC: 0.0ms)
Completed 200 OK in 2ms (Views: 0.3ms | ActiveRecord: 0.0ms (0 queries, 0 cached) | GC: 0.0ms)


  Rendering /home/ivan/.local/share/mise/installs/ruby/3.3.7/lib/ruby/gems/3.3.0/gems/lookbook-2.3.14/app/views/lookbook/previews/show.html.erb
  Rendered /home/ivan/.local/share/mise/installs/ruby/3.3.7/lib/ruby/gems/3.3.0/gems/lookbook-2.3.14/app/views/lookbook/previews/show.html.erb (Duration: 0.0ms | GC: 0.0ms)
Completed 200 OK in 5ms (Views: 0.3ms | ActiveRecord: 0.0ms (0 queries, 0 cached) | GC: 0.0ms)


Started GET "/lookbook/inspect/radio/checked" for 127.0.0.1 at 2026-04-24 12:35:01 -0400
Processing by Lookbook::InspectorController#show as */*
  Parameters: {"path"=>"radio/checked"}
Processing by Lookbook::PreviewController#render_scenario_to_string as */*
  Parameters: {"path"=>"radio/checked"}
  Rendering /home/ivan/.local/share/mise/installs/ruby/3.3.7/lib/ruby/gems/3.3.0/gems/lookbook-2.3.14/app/views/lookbook/previews/preview.html.erb
  Rendered ui/_radio.html.erb (Duration: 0.0ms | GC: 0.0ms)
  Rendered /home/ivan/.local/share/mise/installs/ruby/3.3.7/lib/ruby/gems/3.3.0/gems/lookbook-2.3.14/app/views/lookbook/previews/preview.html.erb (Duration: 0.2ms | GC: 0.0ms)
  Rendering html template
  Rendered html template (Duration: 0.0ms | GC: 0.0ms)
Completed 200 OK in 2ms (Views: 0.3ms | ActiveRecord: 0.0ms (0 queries, 0 cached) | GC: 0.0ms)


  Rendering layout /home/ivan/.local/share/mise/installs/ruby/3.3.7/lib/ruby/gems/3.3.0/gems/lookbook-2.3.14/app/views/layouts/lookbook/application.html.erb
  Rendering /home/ivan/.local/share/mise/installs/ruby/3.3.7/lib/ruby/gems/3.3.0/gems/lookbook-2.3.14/app/views/lookbook/inspector/show.html.erb within layouts/lookbook/application
  Rendered /home/ivan/.local/share/mise/installs/ruby/3.3.7/lib/ruby/gems/3.3.0/gems/lookbook-2.3.14/app/views/lookbook/inspector/panels/_preview.html.erb (Duration: 2.0ms | GC: 0.0ms)
  Rendered /home/ivan/.local/share/mise/installs/ruby/3.3.7/lib/ruby/gems/3.3.0/gems/lookbook-2.3.14/app/views/lookbook/inspector/panels/_output.html.erb (Duration: 1.4ms | GC: 0.3ms)
  Rendered /home/ivan/.local/share/mise/installs/ruby/3.3.7/lib/ruby/gems/3.3.0/gems/lookbook-2.3.14/app/views/lookbook/inspector/panels/_source.html.erb (Duration: 4.9ms | GC: 1.1ms)
  Rendered /home/ivan/.local/share/mise/installs/ruby/3.3.7/lib/ruby/gems/3.3.0/gems/lookbook-2.3.14/app/views/lookbook/inspector/panels/_notes.html.erb (Duration: 2.6ms | GC: 0.0ms)
  Rendered /home/ivan/.local/share/mise/installs/ruby/3.3.7/lib/ruby/gems/3.3.0/gems/lookbook-2.3.14/app/views/lookbook/inspector/inputs/_select.html.erb (Duration: 0.1ms | GC: 0.0ms)
  Rendered /home/ivan/.local/share/mise/installs/ruby/3.3.7/lib/ruby/gems/3.3.0/gems/lookbook-2.3.14/app/views/lookbook/inspector/panels/_params.html.erb (Duration: 2.2ms | GC: 0.2ms)
  Rendered /home/ivan/.local/share/mise/installs/ruby/3.3.7/lib/ruby/gems/3.3.0/gems/lookbook-2.3.14/app/views/lookbook/inspector/show.html.erb within layouts/lookbook/application (Duration: 74.8ms | GC: 13.9ms)
  Rendered layout /home/ivan/.local/share/mise/installs/ruby/3.3.7/lib/ruby/gems/3.3.0/gems/lookbook-2.3.14/app/views/layouts/lookbook/application.html.erb (Duration: 75.0ms | GC: 13.9ms)
Completed 200 OK in 80ms (Views: 75.4ms | ActiveRecord: 0.0ms (0 queries, 0 cached) | GC: 14.3ms)


Started GET "/lookbook/preview/radio/checked?_display=%257B%257D&lookbook_timestamp=2026-04-24+12%3A35%3A01+-0400" for 127.0.0.1 at 2026-04-24 12:35:01 -0400
Processing by Lookbook::PreviewsController#show as HTML
  Parameters: {"_display"=>"%7B%7D", "lookbook_timestamp"=>"2026-04-24 12:35:01 -0400", "path"=>"radio/checked"}
Processing by Lookbook::PreviewController#render_scenario_to_string as HTML
  Parameters: {"_display"=>"%7B%7D", "lookbook_timestamp"=>"2026-04-24 12:35:01 -0400", "path"=>"radio/checked"}
  Rendering /home/ivan/.local/share/mise/installs/ruby/3.3.7/lib/ruby/gems/3.3.0/gems/lookbook-2.3.14/app/views/lookbook/previews/preview.html.erb
  Rendered ui/_radio.html.erb (Duration: 0.0ms | GC: 0.0ms)
  Rendered /home/ivan/.local/share/mise/installs/ruby/3.3.7/lib/ruby/gems/3.3.0/gems/lookbook-2.3.14/app/views/lookbook/previews/preview.html.erb (Duration: 0.2ms | GC: 0.0ms)
  Rendering html template
  Rendered html template (Duration: 0.0ms | GC: 0.0ms)
Completed 200 OK in 1ms (Views: 0.6ms | ActiveRecord: 0.0ms (0 queries, 0 cached) | GC: 0.3ms)


Processing by Lookbook::PreviewController#render_in_layout_to_string as HTML
  Parameters: {"_display"=>"%7B%7D", "lookbook_timestamp"=>"2026-04-24 12:35:01 -0400", "path"=>"radio/checked"}
  Rendering layout layouts/lookbook.html.erb
  Rendering /home/ivan/.local/share/mise/installs/ruby/3.3.7/lib/ruby/gems/3.3.0/gems/lookbook-2.3.14/app/views/lookbook/previews/group.html.erb within layouts/lookbook
  Rendered /home/ivan/.local/share/mise/installs/ruby/3.3.7/lib/ruby/gems/3.3.0/gems/lookbook-2.3.14/app/views/lookbook/previews/group.html.erb within layouts/lookbook (Duration: 0.0ms | GC: 0.0ms)
  Rendered layout layouts/lookbook.html.erb (Duration: 1.7ms | GC: 0.0ms)
  Rendering html template
  Rendered html template (Duration: 0.0ms | GC: 0.0ms)
Completed 200 OK in 3ms (Views: 0.4ms | ActiveRecord: 0.0ms (0 queries, 0 cached) | GC: 0.0ms)


  Rendering /home/ivan/.local/share/mise/installs/ruby/3.3.7/lib/ruby/gems/3.3.0/gems/lookbook-2.3.14/app/views/lookbook/previews/show.html.erb
  Rendered /home/ivan/.local/share/mise/installs/ruby/3.3.7/lib/ruby/gems/3.3.0/gems/lookbook-2.3.14/app/views/lookbook/previews/show.html.erb (Duration: 0.0ms | GC: 0.0ms)
Completed 200 OK in 7ms (Views: 0.4ms | ActiveRecord: 0.0ms (0 queries, 0 cached) | GC: 0.3ms)


Started GET "/lookbook/inspect/button/secondary" for 127.0.0.1 at 2026-04-24 12:35:20 -0400
  [1m[36mActiveRecord::SchemaMigration Load (0.2ms)[0m  [1m[34mSELECT "schema_migrations"."version" FROM "schema_migrations" ORDER BY "schema_migrations"."version" ASC /*application='ArboliticsDesignSystem'*/[0m
Processing by Lookbook::InspectorController#show as */*
  Parameters: {"path"=>"button/secondary"}
Processing by Lookbook::PreviewController#render_scenario_to_string as */*
  Parameters: {"path"=>"button/secondary"}
  Rendering /home/ivan/.local/share/mise/installs/ruby/3.3.7/lib/ruby/gems/3.3.0/gems/lookbook-2.3.14/app/views/lookbook/previews/preview.html.erb
  Rendered ui/_button.html.erb (Duration: 0.6ms | GC: 0.0ms)
  Rendered /home/ivan/.local/share/mise/installs/ruby/3.3.7/lib/ruby/gems/3.3.0/gems/lookbook-2.3.14/app/views/lookbook/previews/preview.html.erb (Duration: 2.6ms | GC: 0.0ms)
  Rendering html template
  Rendered html template (Duration: 0.0ms | GC: 0.0ms)
Completed 200 OK in 10ms (Views: 0.8ms | ActiveRecord: 0.0ms (0 queries, 0 cached) | GC: 0.0ms)


  Rendering layout /home/ivan/.local/share/mise/installs/ruby/3.3.7/lib/ruby/gems/3.3.0/gems/lookbook-2.3.14/app/views/layouts/lookbook/application.html.erb
  Rendering /home/ivan/.local/share/mise/installs/ruby/3.3.7/lib/ruby/gems/3.3.0/gems/lookbook-2.3.14/app/views/lookbook/inspector/show.html.erb within layouts/lookbook/application
  Rendered /home/ivan/.local/share/mise/installs/ruby/3.3.7/lib/ruby/gems/3.3.0/gems/lookbook-2.3.14/app/views/lookbook/inspector/panels/_preview.html.erb (Duration: 4.0ms | GC: 0.0ms)
  Rendered /home/ivan/.local/share/mise/installs/ruby/3.3.7/lib/ruby/gems/3.3.0/gems/lookbook-2.3.14/app/views/lookbook/inspector/panels/_output.html.erb (Duration: 3.1ms | GC: 0.5ms)
  Rendered /home/ivan/.local/share/mise/installs/ruby/3.3.7/lib/ruby/gems/3.3.0/gems/lookbook-2.3.14/app/views/lookbook/inspector/panels/_source.html.erb (Duration: 2.7ms | GC: 0.0ms)
  Rendered /home/ivan/.local/share/mise/installs/ruby/3.3.7/lib/ruby/gems/3.3.0/gems/lookbook-2.3.14/app/views/lookbook/inspector/panels/_notes.html.erb (Duration: 3.0ms | GC: 0.0ms)
  Rendered /home/ivan/.local/share/mise/installs/ruby/3.3.7/lib/ruby/gems/3.3.0/gems/lookbook-2.3.14/app/views/lookbook/inspector/inputs/_select.html.erb (Duration: 0.3ms | GC: 0.0ms)
  Rendered /home/ivan/.local/share/mise/installs/ruby/3.3.7/lib/ruby/gems/3.3.0/gems/lookbook-2.3.14/app/views/lookbook/inspector/panels/_params.html.erb (Duration: 4.4ms | GC: 0.0ms)
  Rendered /home/ivan/.local/share/mise/installs/ruby/3.3.7/lib/ruby/gems/3.3.0/gems/lookbook-2.3.14/app/views/lookbook/inspector/show.html.erb within layouts/lookbook/application (Duration: 332.8ms | GC: 121.0ms)
  Rendered layout /home/ivan/.local/share/mise/installs/ruby/3.3.7/lib/ruby/gems/3.3.0/gems/lookbook-2.3.14/app/views/layouts/lookbook/application.html.erb (Duration: 334.1ms | GC: 121.0ms)
Completed 200 OK in 361ms (Views: 335.4ms | ActiveRecord: 0.0ms (0 queries, 0 cached) | GC: 121.0ms)


Started GET "/lookbook/preview/button/secondary?_display=%257B%257D&lookbook_timestamp=2026-04-24+12%3A35%3A20+-0400" for 127.0.0.1 at 2026-04-24 12:35:20 -0400
Processing by Lookbook::PreviewsController#show as HTML
  Parameters: {"_display"=>"%7B%7D", "lookbook_timestamp"=>"2026-04-24 12:35:20 -0400", "path"=>"button/secondary"}
Processing by Lookbook::PreviewController#render_scenario_to_string as HTML
  Parameters: {"_display"=>"%7B%7D", "lookbook_timestamp"=>"2026-04-24 12:35:20 -0400", "path"=>"button/secondary"}
  Rendering /home/ivan/.local/share/mise/installs/ruby/3.3.7/lib/ruby/gems/3.3.0/gems/lookbook-2.3.14/app/views/lookbook/previews/preview.html.erb
  Rendered ui/_button.html.erb (Duration: 0.0ms | GC: 0.0ms)
  Rendered /home/ivan/.local/share/mise/installs/ruby/3.3.7/lib/ruby/gems/3.3.0/gems/lookbook-2.3.14/app/views/lookbook/previews/preview.html.erb (Duration: 0.2ms | GC: 0.0ms)
  Rendering html template
  Rendered html template (Duration: 0.0ms | GC: 0.0ms)
Completed 200 OK in 1ms (Views: 0.2ms | ActiveRecord: 0.0ms (0 queries, 0 cached) | GC: 0.0ms)


Processing by Lookbook::PreviewController#render_in_layout_to_string as HTML
  Parameters: {"_display"=>"%7B%7D", "lookbook_timestamp"=>"2026-04-24 12:35:20 -0400", "path"=>"button/secondary"}
  Rendering layout layouts/lookbook.html.erb
  Rendering /home/ivan/.local/share/mise/installs/ruby/3.3.7/lib/ruby/gems/3.3.0/gems/lookbook-2.3.14/app/views/lookbook/previews/group.html.erb within layouts/lookbook
  Rendered /home/ivan/.local/share/mise/installs/ruby/3.3.7/lib/ruby/gems/3.3.0/gems/lookbook-2.3.14/app/views/lookbook/previews/group.html.erb within layouts/lookbook (Duration: 0.3ms | GC: 0.0ms)
  Rendered layout layouts/lookbook.html.erb (Duration: 12.3ms | GC: 0.0ms)
  Rendering html template
  Rendered html template (Duration: 0.0ms | GC: 0.0ms)
Completed 200 OK in 14ms (Views: 0.4ms | ActiveRecord: 0.0ms (0 queries, 0 cached) | GC: 0.0ms)


  Rendering /home/ivan/.local/share/mise/installs/ruby/3.3.7/lib/ruby/gems/3.3.0/gems/lookbook-2.3.14/app/views/lookbook/previews/show.html.erb
  Rendered /home/ivan/.local/share/mise/installs/ruby/3.3.7/lib/ruby/gems/3.3.0/gems/lookbook-2.3.14/app/views/lookbook/previews/show.html.erb (Duration: 0.3ms | GC: 0.0ms)
Completed 200 OK in 18ms (Views: 0.8ms | ActiveRecord: 0.0ms (0 queries, 0 cached) | GC: 0.0ms)


Started GET "/lookbook/inspect/landing_page_views/home/default" for 127.0.0.1 at 2026-04-24 12:35:24 -0400
Processing by Lookbook::InspectorController#show as */*
  Parameters: {"path"=>"landing_page_views/home/default"}
Processing by Lookbook::PreviewController#render_scenario_to_string as */*
  Parameters: {"path"=>"landing_page_views/home/default"}
  Rendering ui/previews/landing_page_views/home.html.erb
  Rendered ui/previews/landing_page_views/home.html.erb (Duration: 1.3ms | GC: 0.0ms)
  Rendering html template
  Rendered html template (Duration: 0.0ms | GC: 0.0ms)
Completed 200 OK in 4ms (Views: 0.4ms | ActiveRecord: 0.0ms (0 queries, 0 cached) | GC: 0.0ms)


  Rendering layout /home/ivan/.local/share/mise/installs/ruby/3.3.7/lib/ruby/gems/3.3.0/gems/lookbook-2.3.14/app/views/layouts/lookbook/application.html.erb
  Rendering /home/ivan/.local/share/mise/installs/ruby/3.3.7/lib/ruby/gems/3.3.0/gems/lookbook-2.3.14/app/views/lookbook/inspector/show.html.erb within layouts/lookbook/application
  Rendered /home/ivan/.local/share/mise/installs/ruby/3.3.7/lib/ruby/gems/3.3.0/gems/lookbook-2.3.14/app/views/lookbook/inspector/panels/_preview.html.erb (Duration: 1.8ms | GC: 0.2ms)
  Rendered /home/ivan/.local/share/mise/installs/ruby/3.3.7/lib/ruby/gems/3.3.0/gems/lookbook-2.3.14/app/views/lookbook/inspector/panels/_output.html.erb (Duration: 17.4ms | GC: 0.5ms)
  Rendered /home/ivan/.local/share/mise/installs/ruby/3.3.7/lib/ruby/gems/3.3.0/gems/lookbook-2.3.14/app/views/lookbook/inspector/panels/_source.html.erb (Duration: 1.2ms | GC: 0.3ms)
  Rendered /home/ivan/.local/share/mise/installs/ruby/3.3.7/lib/ruby/gems/3.3.0/gems/lookbook-2.3.14/app/views/lookbook/inspector/panels/_notes.html.erb (Duration: 2.2ms | GC: 0.4ms)
  Rendered /home/ivan/.local/share/mise/installs/ruby/3.3.7/lib/ruby/gems/3.3.0/gems/lookbook-2.3.14/app/views/lookbook/inspector/panels/_params.html.erb (Duration: 0.4ms | GC: 0.0ms)
  Rendered /home/ivan/.local/share/mise/installs/ruby/3.3.7/lib/ruby/gems/3.3.0/gems/lookbook-2.3.14/app/views/lookbook/inspector/show.html.erb within layouts/lookbook/application (Duration: 83.4ms | GC: 21.1ms)
  Rendered layout /home/ivan/.local/share/mise/installs/ruby/3.3.7/lib/ruby/gems/3.3.0/gems/lookbook-2.3.14/app/views/layouts/lookbook/application.html.erb (Duration: 83.8ms | GC: 21.1ms)
Completed 200 OK in 91ms (Views: 84.1ms | ActiveRecord: 0.0ms (0 queries, 0 cached) | GC: 21.1ms)


Started GET "/lookbook/preview/landing_page_views/home/default?_display=%257B%257D&lookbook_timestamp=2026-04-24+12%3A35%3A25+-0400" for 127.0.0.1 at 2026-04-24 12:35:25 -0400
Processing by Lookbook::PreviewsController#show as HTML
  Parameters: {"_display"=>"%7B%7D", "lookbook_timestamp"=>"2026-04-24 12:35:25 -0400", "path"=>"landing_page_views/home/default"}
Processing by Lookbook::PreviewController#render_scenario_to_string as HTML
  Parameters: {"_display"=>"%7B%7D", "lookbook_timestamp"=>"2026-04-24 12:35:25 -0400", "path"=>"landing_page_views/home/default"}
  Rendering ui/previews/landing_page_views/home.html.erb
  Rendered ui/previews/landing_page_views/home.html.erb (Duration: 0.0ms | GC: 0.0ms)
  Rendering html template
  Rendered html template (Duration: 0.0ms | GC: 0.0ms)
Completed 200 OK in 1ms (Views: 0.3ms | ActiveRecord: 0.0ms (0 queries, 0 cached) | GC: 0.0ms)


Processing by Lookbook::PreviewController#render_in_layout_to_string as HTML
  Parameters: {"_display"=>"%7B%7D", "lookbook_timestamp"=>"2026-04-24 12:35:25 -0400", "path"=>"landing_page_views/home/default"}
Completed 500 Internal Server Error in 1ms (Views: 0.3ms | ActiveRecord: 0.0ms (0 queries, 0 cached) | GC: 0.0ms)


rescue_from handled ActionView::MissingTemplate (Missing template layouts/landings/home/marketing with {:locale=>[:en], :formats=>[:html], :variants=>[], :handlers=>[:raw, :erb, :html, :builder, :ruby, :jbuilder]}.

Searched in:
  * "/home/ivan/Documents/code/arbolitics/frontend/arbolitics_design_system/app/views"
  * "/home/ivan/Documents/code/arbolitics/frontend/arbolitics_design_system/test/components/previews"
  * "/home/ivan/Documents/code/arbolitics/frontend/arbolitics_design_system/app/views"
  * "/home/ivan/.local/share/mise/installs/ruby/3.3.7/lib/ruby/gems/3.3.0/gems/lookbook-2.3.14/app/views"
  * "/home/ivan/.local/share/mise/installs/ruby/3.3.7/lib/ruby/gems/3.3.0/gems/railties-8.1.3/lib/rails/templates"
  * "/home/ivan/Documents/code/arbolitics/frontend/arbolitics_design_system/app/views"
  * "/home/ivan/.local/share/mise/installs/ruby/3.3.7/lib/ruby/gems/3.3.0/gems/view_component-4.8.0/app/views"
  * "/home/ivan/.local/share/mise/installs/ruby/3.3.7/lib/ruby/gems/3.3.0/gems/lookbook-2.3.14/app/views"
  * "/home/ivan/.local/share/mise/installs/ruby/3.3.7/lib/ruby/gems/3.3.0/gems/turbo-rails-2.0.23/app/views"
  * "/home/ivan/.local/share/mise/installs/ruby/3.3.7/lib/ruby/gems/3.3.0/gems/actiontext-8.1.3/app/views"
  * "/home/ivan/.local/share/mise/installs/ruby/3.3.7/lib/ruby/gems/3.3.0/gems/actionmailbox-8.1.3/app/views"
) - /home/ivan/.local/share/mise/installs/ruby/3.3.7/lib/ruby/gems/3.3.0/gems/actionview-8.1.3/lib/action_view/path_set.rb:42:in `find'
  Rendering layout /home/ivan/.local/share/mise/installs/ruby/3.3.7/lib/ruby/gems/3.3.0/gems/lookbook-2.3.14/app/views/layouts/lookbook/skeleton.html.erb
  Rendering /home/ivan/.local/share/mise/installs/ruby/3.3.7/lib/ruby/gems/3.3.0/gems/lookbook-2.3.14/app/views/lookbook/errors/default.html.erb within layouts/lookbook/skeleton
  Rendered /home/ivan/.local/share/mise/installs/ruby/3.3.7/lib/ruby/gems/3.3.0/gems/lookbook-2.3.14/app/views/lookbook/errors/default.html.erb within layouts/lookbook/skeleton (Duration: 14.9ms | GC: 1.3ms)
  Rendered layout /home/ivan/.local/share/mise/installs/ruby/3.3.7/lib/ruby/gems/3.3.0/gems/lookbook-2.3.14/app/views/layouts/lookbook/skeleton.html.erb (Duration: 16.9ms | GC: 1.3ms)
Completed 500 Internal Server Error in 22ms (Views: 17.7ms | ActiveRecord: 0.0ms (0 queries, 0 cached) | GC: 1.3ms)


Started GET "/lookbook-assets/css/lookbook.css?v=2.3.14" for 127.0.0.1 at 2026-04-24 12:35:25 -0400
Started GET "/lookbook-assets/js/index.js?v=2.3.14" for 127.0.0.1 at 2026-04-24 12:35:25 -0400
Started GET "/lookbook-assets/css/themes/indigo.css?v=2.3.14" for 127.0.0.1 at 2026-04-24 12:35:25 -0400
Started GET "/lookbook-assets/js/lookbook.js?v=2.3.14" for 127.0.0.1 at 2026-04-24 12:35:25 -0400
Started GET "/lookbook-assets/Inter-roman.var.b695afbe.woff2" for 127.0.0.1 at 2026-04-24 12:35:25 -0400
Started GET "/lookbook-assets/SourceCodeVariable-Roman.ttf.118e9f22.woff2" for 127.0.0.1 at 2026-04-24 12:35:25 -0400
Started GET "/lookbook/inspect/badge/disabled" for 127.0.0.1 at 2026-04-24 12:35:26 -0400
Processing by Lookbook::InspectorController#show as */*
  Parameters: {"path"=>"badge/disabled"}
Processing by Lookbook::PreviewController#render_scenario_to_string as */*
  Parameters: {"path"=>"badge/disabled"}
  Rendering /home/ivan/.local/share/mise/installs/ruby/3.3.7/lib/ruby/gems/3.3.0/gems/lookbook-2.3.14/app/views/lookbook/previews/preview.html.erb
  Rendered ui/_badge.html.erb (Duration: 0.3ms | GC: 0.0ms)
  Rendered /home/ivan/.local/share/mise/installs/ruby/3.3.7/lib/ruby/gems/3.3.0/gems/lookbook-2.3.14/app/views/lookbook/previews/preview.html.erb (Duration: 0.7ms | GC: 0.0ms)
  Rendering html template
  Rendered html template (Duration: 0.0ms | GC: 0.0ms)
Completed 200 OK in 2ms (Views: 0.3ms | ActiveRecord: 0.0ms (0 queries, 0 cached) | GC: 0.0ms)


  Rendering layout /home/ivan/.local/share/mise/installs/ruby/3.3.7/lib/ruby/gems/3.3.0/gems/lookbook-2.3.14/app/views/layouts/lookbook/application.html.erb
  Rendering /home/ivan/.local/share/mise/installs/ruby/3.3.7/lib/ruby/gems/3.3.0/gems/lookbook-2.3.14/app/views/lookbook/inspector/show.html.erb within layouts/lookbook/application
  Rendered /home/ivan/.local/share/mise/installs/ruby/3.3.7/lib/ruby/gems/3.3.0/gems/lookbook-2.3.14/app/views/lookbook/inspector/panels/_preview.html.erb (Duration: 3.5ms | GC: 0.0ms)
  Rendered /home/ivan/.local/share/mise/installs/ruby/3.3.7/lib/ruby/gems/3.3.0/gems/lookbook-2.3.14/app/views/lookbook/inspector/panels/_output.html.erb (Duration: 1.5ms | GC: 0.0ms)
  Rendered /home/ivan/.local/share/mise/installs/ruby/3.3.7/lib/ruby/gems/3.3.0/gems/lookbook-2.3.14/app/views/lookbook/inspector/panels/_source.html.erb (Duration: 2.1ms | GC: 0.0ms)
  Rendered /home/ivan/.local/share/mise/installs/ruby/3.3.7/lib/ruby/gems/3.3.0/gems/lookbook-2.3.14/app/views/lookbook/inspector/panels/_notes.html.erb (Duration: 2.1ms | GC: 0.0ms)
  Rendered /home/ivan/.local/share/mise/installs/ruby/3.3.7/lib/ruby/gems/3.3.0/gems/lookbook-2.3.14/app/views/lookbook/inspector/inputs/_select.html.erb (Duration: 0.1ms | GC: 0.0ms)
  Rendered /home/ivan/.local/share/mise/installs/ruby/3.3.7/lib/ruby/gems/3.3.0/gems/lookbook-2.3.14/app/views/lookbook/inspector/panels/_params.html.erb (Duration: 3.1ms | GC: 0.2ms)
  Rendered /home/ivan/.local/share/mise/installs/ruby/3.3.7/lib/ruby/gems/3.3.0/gems/lookbook-2.3.14/app/views/lookbook/inspector/show.html.erb within layouts/lookbook/application (Duration: 80.2ms | GC: 12.9ms)
  Rendered layout /home/ivan/.local/share/mise/installs/ruby/3.3.7/lib/ruby/gems/3.3.0/gems/lookbook-2.3.14/app/views/layouts/lookbook/application.html.erb (Duration: 80.5ms | GC: 12.9ms)
Completed 200 OK in 95ms (Views: 81.0ms | ActiveRecord: 0.0ms (0 queries, 0 cached) | GC: 20.9ms)


Started GET "/lookbook/preview/badge/disabled?_display=%257B%257D&lookbook_timestamp=2026-04-24+12%3A35%3A26+-0400" for 127.0.0.1 at 2026-04-24 12:35:26 -0400
Processing by Lookbook::PreviewsController#show as HTML
  Parameters: {"_display"=>"%7B%7D", "lookbook_timestamp"=>"2026-04-24 12:35:26 -0400", "path"=>"badge/disabled"}
Processing by Lookbook::PreviewController#render_scenario_to_string as HTML
  Parameters: {"_display"=>"%7B%7D", "lookbook_timestamp"=>"2026-04-24 12:35:26 -0400", "path"=>"badge/disabled"}
  Rendering /home/ivan/.local/share/mise/installs/ruby/3.3.7/lib/ruby/gems/3.3.0/gems/lookbook-2.3.14/app/views/lookbook/previews/preview.html.erb
  Rendered ui/_badge.html.erb (Duration: 0.0ms | GC: 0.0ms)
  Rendered /home/ivan/.local/share/mise/installs/ruby/3.3.7/lib/ruby/gems/3.3.0/gems/lookbook-2.3.14/app/views/lookbook/previews/preview.html.erb (Duration: 0.2ms | GC: 0.0ms)
  Rendering html template
  Rendered html template (Duration: 0.0ms | GC: 0.0ms)
Completed 200 OK in 1ms (Views: 0.3ms | ActiveRecord: 0.0ms (0 queries, 0 cached) | GC: 0.0ms)


Processing by Lookbook::PreviewController#render_in_layout_to_string as HTML
  Parameters: {"_display"=>"%7B%7D", "lookbook_timestamp"=>"2026-04-24 12:35:26 -0400", "path"=>"badge/disabled"}
  Rendering layout layouts/lookbook.html.erb
  Rendering /home/ivan/.local/share/mise/installs/ruby/3.3.7/lib/ruby/gems/3.3.0/gems/lookbook-2.3.14/app/views/lookbook/previews/group.html.erb within layouts/lookbook
  Rendered /home/ivan/.local/share/mise/installs/ruby/3.3.7/lib/ruby/gems/3.3.0/gems/lookbook-2.3.14/app/views/lookbook/previews/group.html.erb within layouts/lookbook (Duration: 0.0ms | GC: 0.0ms)
  Rendered layout layouts/lookbook.html.erb (Duration: 0.8ms | GC: 0.0ms)
  Rendering html template
  Rendered html template (Duration: 0.0ms | GC: 0.0ms)
Completed 200 OK in 2ms (Views: 0.2ms | ActiveRecord: 0.0ms (0 queries, 0 cached) | GC: 0.0ms)


  Rendering /home/ivan/.local/share/mise/installs/ruby/3.3.7/lib/ruby/gems/3.3.0/gems/lookbook-2.3.14/app/views/lookbook/previews/show.html.erb
  Rendered /home/ivan/.local/share/mise/installs/ruby/3.3.7/lib/ruby/gems/3.3.0/gems/lookbook-2.3.14/app/views/lookbook/previews/show.html.erb (Duration: 0.0ms | GC: 0.0ms)
Completed 200 OK in 5ms (Views: 0.3ms | ActiveRecord: 0.0ms (0 queries, 0 cached) | GC: 0.0ms)


Started GET "/lookbook/inspect/app_views/dashboard/default" for 127.0.0.1 at 2026-04-24 12:35:28 -0400
Processing by Lookbook::InspectorController#show as */*
  Parameters: {"path"=>"app_views/dashboard/default"}
Processing by Lookbook::PreviewController#render_scenario_to_string as */*
  Parameters: {"path"=>"app_views/dashboard/default"}
  Rendering ui/previews/app_views/dashboard.html.erb
  Rendered ui/_sidebar_menu_item.html.erb (Duration: 0.3ms | GC: 0.0ms)
  Rendered ui/_sidebar_menu_item.html.erb (Duration: 0.1ms | GC: 0.0ms)
  Rendered ui/_sidebar_menu_item.html.erb (Duration: 0.1ms | GC: 0.0ms)
  Rendered ui/_sidebar_menu_item.html.erb (Duration: 0.1ms | GC: 0.0ms)
  Rendered ui/_sidebar_menu_item.html.erb (Duration: 0.1ms | GC: 0.0ms)
  Rendered ui/_sidebar_menu_item.html.erb (Duration: 0.1ms | GC: 0.0ms)
  Rendered ui/_sidebar_menu_item.html.erb (Duration: 0.1ms | GC: 0.0ms)
  Rendered ui/_sidebar_menu_item.html.erb (Duration: 0.1ms | GC: 0.0ms)
  Rendered ui/_sidebar_menu_item.html.erb (Duration: 0.1ms | GC: 0.0ms)
  Rendered ui/_sidebar_menu_item.html.erb (Duration: 0.1ms | GC: 0.0ms)
  Rendered ui/_sidebar_menu_item.html.erb (Duration: 0.1ms | GC: 0.0ms)
  Rendered ui/_sidebar_menu_item.html.erb (Duration: 0.1ms | GC: 0.0ms)
  Rendered ui/_sidebar_menu_item.html.erb (Duration: 0.1ms | GC: 0.0ms)
  Rendered ui/_sidebar.html.erb (Duration: 7.1ms | GC: 0.0ms)
  Rendered ui/_heading.html.erb (Duration: 0.3ms | GC: 0.0ms)
  Rendered ui/_field.html.erb (Duration: 0.4ms | GC: 0.0ms)
  Rendered ui/_icon_button.html.erb (Duration: 0.3ms | GC: 0.0ms)
  Rendered ui/_badge.html.erb (Duration: 0.0ms | GC: 0.0ms)
  Rendered ui/_dropdown_menu.html.erb (Duration: 0.5ms | GC: 0.0ms)
  Rendered ui/_field.html.erb (Duration: 0.0ms | GC: 0.0ms)
  Rendered ui/_field.html.erb (Duration: 0.0ms | GC: 0.0ms)
  Rendered ui/_field.html.erb (Duration: 0.0ms | GC: 0.0ms)
  Rendered ui/_badge.html.erb (Duration: 0.0ms | GC: 0.0ms)
  Rendered ui/_field.html.erb (Duration: 0.1ms | GC: 0.0ms)
  Rendered ui/_field.html.erb (Duration: 0.0ms | GC: 0.0ms)
  Rendered ui/_field.html.erb (Duration: 0.0ms | GC: 0.0ms)
  Rendered ui/_button.html.erb (Duration: 0.0ms | GC: 0.0ms)
  Rendered ui/_badge.html.erb (Duration: 0.0ms | GC: 0.0ms)
  Rendered ui/_button.html.erb (Duration: 0.0ms | GC: 0.0ms)
  Rendered ui/_data_table.html.erb (Duration: 0.4ms | GC: 0.0ms)
  Rendered ui/_card.html.erb (Duration: 4.9ms | GC: 0.0ms)
  Rendered ui/_location_card_lookbook.html.erb (Duration: 7.2ms | GC: 0.0ms)
  Rendered ui/_field.html.erb (Duration: 0.0ms | GC: 0.0ms)
  Rendered ui/_icon_button.html.erb (Duration: 0.0ms | GC: 0.0ms)
  Rendered ui/_badge.html.erb (Duration: 0.0ms | GC: 0.0ms)
  Rendered ui/_dropdown_menu.html.erb (Duration: 0.2ms | GC: 0.0ms)
  Rendered ui/_field.html.erb (Duration: 0.0ms | GC: 0.0ms)
  Rendered ui/_field.html.erb (Duration: 0.0ms | GC: 0.0ms)
  Rendered ui/_field.html.erb (Duration: 0.0ms | GC: 0.0ms)
  Rendered ui/_badge.html.erb (Duration: 0.0ms | GC: 0.0ms)
  Rendered ui/_field.html.erb (Duration: 0.1ms | GC: 0.0ms)
  Rendered ui/_field.html.erb (Duration: 0.0ms | GC: 0.0ms)
  Rendered ui/_field.html.erb (Duration: 0.0ms | GC: 0.0ms)
  Rendered ui/_button.html.erb (Duration: 0.0ms | GC: 0.0ms)
  Rendered ui/_badge.html.erb (Duration: 0.0ms | GC: 0.0ms)
  Rendered ui/_button.html.erb (Duration: 0.0ms | GC: 0.0ms)
  Rendered ui/_data_table.html.erb (Duration: 0.0ms | GC: 0.0ms)
  Rendered ui/_card.html.erb (Duration: 1.7ms | GC: 0.0ms)
  Rendered ui/_location_card_lookbook.html.erb (Duration: 1.8ms | GC: 0.0ms)
  Rendered ui/_field.html.erb (Duration: 0.0ms | GC: 0.0ms)
  Rendered ui/_icon_button.html.erb (Duration: 0.0ms | GC: 0.0ms)
  Rendered ui/_badge.html.erb (Duration: 0.0ms | GC: 0.0ms)
  Rendered ui/_dropdown_menu.html.erb (Duration: 0.1ms | GC: 0.0ms)
  Rendered ui/_field.html.erb (Duration: 0.0ms | GC: 0.0ms)
  Rendered ui/_field.html.erb (Duration: 0.0ms | GC: 0.0ms)
  Rendered ui/_field.html.erb (Duration: 0.0ms | GC: 0.0ms)
  Rendered ui/_badge.html.erb (Duration: 0.0ms | GC: 0.0ms)
  Rendered ui/_field.html.erb (Duration: 0.1ms | GC: 0.0ms)
  Rendered ui/_field.html.erb (Duration: 0.0ms | GC: 0.0ms)
  Rendered ui/_field.html.erb (Duration: 0.0ms | GC: 0.0ms)
  Rendered ui/_button.html.erb (Duration: 0.0ms | GC: 0.0ms)
  Rendered ui/_badge.html.erb (Duration: 0.0ms | GC: 0.0ms)
  Rendered ui/_button.html.erb (Duration: 0.0ms | GC: 0.0ms)
  Rendered ui/_data_table.html.erb (Duration: 0.0ms | GC: 0.0ms)
  Rendered ui/_card.html.erb (Duration: 2.0ms | GC: 0.0ms)
  Rendered ui/_location_card_lookbook.html.erb (Duration: 2.1ms | GC: 0.0ms)
  Rendered ui/_field.html.erb (Duration: 0.0ms | GC: 0.0ms)
  Rendered ui/_icon_button.html.erb (Duration: 0.0ms | GC: 0.0ms)
  Rendered ui/_badge.html.erb (Duration: 0.0ms | GC: 0.0ms)
  Rendered ui/_dropdown_menu.html.erb (Duration: 0.1ms | GC: 0.0ms)
  Rendered ui/_field.html.erb (Duration: 0.0ms | GC: 0.0ms)
  Rendered ui/_field.html.erb (Duration: 0.0ms | GC: 0.0ms)
  Rendered ui/_field.html.erb (Duration: 0.0ms | GC: 0.0ms)
  Rendered ui/_badge.html.erb (Duration: 0.0ms | GC: 0.0ms)
  Rendered ui/_field.html.erb (Duration: 0.1ms | GC: 0.0ms)
  Rendered ui/_field.html.erb (Duration: 0.0ms | GC: 0.0ms)
  Rendered ui/_field.html.erb (Duration: 0.0ms | GC: 0.0ms)
  Rendered ui/_button.html.erb (Duration: 0.0ms | GC: 0.0ms)
  Rendered ui/_badge.html.erb (Duration: 0.0ms | GC: 0.0ms)
  Rendered ui/_button.html.erb (Duration: 0.0ms | GC: 0.0ms)
  Rendered ui/_data_table.html.erb (Duration: 0.0ms | GC: 0.0ms)
  Rendered ui/_card.html.erb (Duration: 1.6ms | GC: 0.0ms)
  Rendered ui/_location_card_lookbook.html.erb (Duration: 1.7ms | GC: 0.0ms)
  Rendered ui/_field.html.erb (Duration: 0.0ms | GC: 0.0ms)
  Rendered ui/_icon_button.html.erb (Duration: 0.0ms | GC: 0.0ms)
  Rendered ui/_badge.html.erb (Duration: 0.0ms | GC: 0.0ms)
  Rendered ui/_dropdown_menu.html.erb (Duration: 0.1ms | GC: 0.0ms)
  Rendered ui/_field.html.erb (Duration: 0.0ms | GC: 0.0ms)
  Rendered ui/_field.html.erb (Duration: 0.0ms | GC: 0.0ms)
  Rendered ui/_field.html.erb (Duration: 0.0ms | GC: 0.0ms)
  Rendered ui/_badge.html.erb (Duration: 0.0ms | GC: 0.0ms)
  Rendered ui/_field.html.erb (Duration: 0.1ms | GC: 0.0ms)
  Rendered ui/_field.html.erb (Duration: 0.0ms | GC: 0.0ms)
  Rendered ui/_field.html.erb (Duration: 0.0ms | GC: 0.0ms)
  Rendered ui/_button.html.erb (Duration: 0.0ms | GC: 0.0ms)
  Rendered ui/_badge.html.erb (Duration: 0.0ms | GC: 0.0ms)
  Rendered ui/_button.html.erb (Duration: 0.0ms | GC: 0.0ms)
  Rendered ui/_data_table.html.erb (Duration: 0.0ms | GC: 0.0ms)
  Rendered ui/_card.html.erb (Duration: 1.6ms | GC: 0.0ms)
  Rendered ui/_location_card_lookbook.html.erb (Duration: 1.7ms | GC: 0.0ms)
  Rendered ui/_heading.html.erb (Duration: 0.0ms | GC: 0.0ms)
  Rendered ui/_field.html.erb (Duration: 0.0ms | GC: 0.0ms)
  Rendered ui/_icon_button.html.erb (Duration: 0.0ms | GC: 0.0ms)
  Rendered ui/_badge.html.erb (Duration: 0.0ms | GC: 0.0ms)
  Rendered ui/_dropdown_menu.html.erb (Duration: 0.1ms | GC: 0.0ms)
  Rendered ui/_field.html.erb (Duration: 0.0ms | GC: 0.0ms)
  Rendered ui/_field.html.erb (Duration: 0.0ms | GC: 0.0ms)
  Rendered ui/_field.html.erb (Duration: 0.0ms | GC: 0.0ms)
  Rendered ui/_badge.html.erb (Duration: 0.0ms | GC: 0.0ms)
  Rendered ui/_field.html.erb (Duration: 0.1ms | GC: 0.0ms)
  Rendered ui/_field.html.erb (Duration: 0.0ms | GC: 0.0ms)
  Rendered ui/_field.html.erb (Duration: 0.0ms | GC: 0.0ms)
  Rendered ui/_button.html.erb (Duration: 0.0ms | GC: 0.0ms)
  Rendered ui/_badge.html.erb (Duration: 0.0ms | GC: 0.0ms)
  Rendered ui/_button.html.erb (Duration: 0.0ms | GC: 0.0ms)
  Rendered ui/_data_table.html.erb (Duration: 0.0ms | GC: 0.0ms)
  Rendered ui/_card.html.erb (Duration: 1.4ms | GC: 0.0ms)
  Rendered ui/_location_card_lookbook.html.erb (Duration: 1.5ms | GC: 0.0ms)
  Rendered ui/_field.html.erb (Duration: 0.0ms | GC: 0.0ms)
  Rendered ui/_icon_button.html.erb (Duration: 0.0ms | GC: 0.0ms)
  Rendered ui/_badge.html.erb (Duration: 0.0ms | GC: 0.0ms)
  Rendered ui/_dropdown_menu.html.erb (Duration: 0.1ms | GC: 0.0ms)
  Rendered ui/_field.html.erb (Duration: 0.0ms | GC: 0.0ms)
  Rendered ui/_field.html.erb (Duration: 0.0ms | GC: 0.0ms)
  Rendered ui/_field.html.erb (Duration: 0.0ms | GC: 0.0ms)
  Rendered ui/_badge.html.erb (Duration: 0.1ms | GC: 0.0ms)
  Rendered ui/_field.html.erb (Duration: 0.6ms | GC: 0.0ms)
  Rendered ui/_field.html.erb (Duration: 0.0ms | GC: 0.0ms)
  Rendered ui/_field.html.erb (Duration: 0.0ms | GC: 0.0ms)
  Rendered ui/_button.html.erb (Duration: 0.0ms | GC: 0.0ms)
  Rendered ui/_badge.html.erb (Duration: 0.0ms | GC: 0.0ms)
  Rendered ui/_button.html.erb (Duration: 0.0ms | GC: 0.0ms)
  Rendered ui/_data_table.html.erb (Duration: 0.0ms | GC: 0.0ms)
  Rendered ui/_card.html.erb (Duration: 10.0ms | GC: 7.4ms)
  Rendered ui/_location_card_lookbook.html.erb (Duration: 10.1ms | GC: 7.4ms)
  Rendered ui/_field.html.erb (Duration: 0.0ms | GC: 0.0ms)
  Rendered ui/_icon_button.html.erb (Duration: 0.0ms | GC: 0.0ms)
  Rendered ui/_badge.html.erb (Duration: 0.0ms | GC: 0.0ms)
  Rendered ui/_dropdown_menu.html.erb (Duration: 0.1ms | GC: 0.0ms)
  Rendered ui/_field.html.erb (Duration: 0.0ms | GC: 0.0ms)
  Rendered ui/_field.html.erb (Duration: 0.0ms | GC: 0.0ms)
  Rendered ui/_field.html.erb (Duration: 0.0ms | GC: 0.0ms)
  Rendered ui/_badge.html.erb (Duration: 0.0ms | GC: 0.0ms)
  Rendered ui/_field.html.erb (Duration: 0.1ms | GC: 0.0ms)
  Rendered ui/_field.html.erb (Duration: 0.0ms | GC: 0.0ms)
  Rendered ui/_field.html.erb (Duration: 0.0ms | GC: 0.0ms)
  Rendered ui/_button.html.erb (Duration: 0.0ms | GC: 0.0ms)
  Rendered ui/_badge.html.erb (Duration: 0.0ms | GC: 0.0ms)
  Rendered ui/_button.html.erb (Duration: 0.0ms | GC: 0.0ms)
  Rendered ui/_data_table.html.erb (Duration: 0.0ms | GC: 0.0ms)
  Rendered ui/_card.html.erb (Duration: 1.8ms | GC: 0.0ms)
  Rendered ui/_location_card_lookbook.html.erb (Duration: 1.9ms | GC: 0.0ms)
  Rendered ui/_heading.html.erb (Duration: 0.0ms | GC: 0.0ms)
  Rendered ui/_field.html.erb (Duration: 0.0ms | GC: 0.0ms)
  Rendered ui/_icon_button.html.erb (Duration: 0.0ms | GC: 0.0ms)
  Rendered ui/_badge.html.erb (Duration: 0.0ms | GC: 0.0ms)
  Rendered ui/_dropdown_menu.html.erb (Duration: 0.2ms | GC: 0.0ms)
  Rendered ui/_field.html.erb (Duration: 0.0ms | GC: 0.0ms)
  Rendered ui/_field.html.erb (Duration: 0.0ms | GC: 0.0ms)
  Rendered ui/_field.html.erb (Duration: 0.0ms | GC: 0.0ms)
  Rendered ui/_badge.html.erb (Duration: 0.0ms | GC: 0.0ms)
  Rendered ui/_field.html.erb (Duration: 0.1ms | GC: 0.0ms)
  Rendered ui/_field.html.erb (Duration: 0.0ms | GC: 0.0ms)
  Rendered ui/_field.html.erb (Duration: 0.0ms | GC: 0.0ms)
  Rendered ui/_button.html.erb (Duration: 0.0ms | GC: 0.0ms)
  Rendered ui/_badge.html.erb (Duration: 0.0ms | GC: 0.0ms)
  Rendered ui/_button.html.erb (Duration: 0.0ms | GC: 0.0ms)
  Rendered ui/_data_table.html.erb (Duration: 0.0ms | GC: 0.0ms)
  Rendered ui/_card.html.erb (Duration: 2.1ms | GC: 0.0ms)
  Rendered ui/_location_card_lookbook.html.erb (Duration: 2.1ms | GC: 0.0ms)
  Rendered ui/_field.html.erb (Duration: 0.0ms | GC: 0.0ms)
  Rendered ui/_icon_button.html.erb (Duration: 0.0ms | GC: 0.0ms)
  Rendered ui/_badge.html.erb (Duration: 0.0ms | GC: 0.0ms)
  Rendered ui/_dropdown_menu.html.erb (Duration: 0.1ms | GC: 0.0ms)
  Rendered ui/_field.html.erb (Duration: 0.0ms | GC: 0.0ms)
  Rendered ui/_field.html.erb (Duration: 0.0ms | GC: 0.0ms)
  Rendered ui/_field.html.erb (Duration: 0.0ms | GC: 0.0ms)
  Rendered ui/_badge.html.erb (Duration: 0.0ms | GC: 0.0ms)
  Rendered ui/_field.html.erb (Duration: 0.1ms | GC: 0.0ms)
  Rendered ui/_field.html.erb (Duration: 0.0ms | GC: 0.0ms)
  Rendered ui/_field.html.erb (Duration: 0.0ms | GC: 0.0ms)
  Rendered ui/_button.html.erb (Duration: 0.0ms | GC: 0.0ms)
  Rendered ui/_badge.html.erb (Duration: 0.0ms | GC: 0.0ms)
  Rendered ui/_button.html.erb (Duration: 0.0ms | GC: 0.0ms)
  Rendered ui/_data_table.html.erb (Duration: 0.0ms | GC: 0.0ms)
  Rendered ui/_card.html.erb (Duration: 1.4ms | GC: 0.0ms)
  Rendered ui/_location_card_lookbook.html.erb (Duration: 1.5ms | GC: 0.0ms)
  Rendered ui/_field.html.erb (Duration: 0.0ms | GC: 0.0ms)
  Rendered ui/_icon_button.html.erb (Duration: 0.0ms | GC: 0.0ms)
  Rendered ui/_badge.html.erb (Duration: 0.0ms | GC: 0.0ms)
  Rendered ui/_dropdown_menu.html.erb (Duration: 0.1ms | GC: 0.0ms)
  Rendered ui/_field.html.erb (Duration: 0.0ms | GC: 0.0ms)
  Rendered ui/_field.html.erb (Duration: 0.0ms | GC: 0.0ms)
  Rendered ui/_field.html.erb (Duration: 0.0ms | GC: 0.0ms)
  Rendered ui/_badge.html.erb (Duration: 0.0ms | GC: 0.0ms)
  Rendered ui/_field.html.erb (Duration: 0.1ms | GC: 0.0ms)
  Rendered ui/_field.html.erb (Duration: 0.0ms | GC: 0.0ms)
  Rendered ui/_field.html.erb (Duration: 0.0ms | GC: 0.0ms)
  Rendered ui/_button.html.erb (Duration: 0.0ms | GC: 0.0ms)
  Rendered ui/_badge.html.erb (Duration: 0.0ms | GC: 0.0ms)
  Rendered ui/_button.html.erb (Duration: 0.0ms | GC: 0.0ms)
  Rendered ui/_data_table.html.erb (Duration: 0.0ms | GC: 0.0ms)
  Rendered ui/_card.html.erb (Duration: 1.3ms | GC: 0.0ms)
  Rendered ui/_location_card_lookbook.html.erb (Duration: 1.4ms | GC: 0.0ms)
  Rendered ui/_field.html.erb (Duration: 0.0ms | GC: 0.0ms)
  Rendered ui/_icon_button.html.erb (Duration: 0.0ms | GC: 0.0ms)
  Rendered ui/_badge.html.erb (Duration: 0.0ms | GC: 0.0ms)
  Rendered ui/_dropdown_menu.html.erb (Duration: 0.2ms | GC: 0.0ms)
  Rendered ui/_field.html.erb (Duration: 0.0ms | GC: 0.0ms)
  Rendered ui/_field.html.erb (Duration: 0.0ms | GC: 0.0ms)
  Rendered ui/_field.html.erb (Duration: 0.0ms | GC: 0.0ms)
  Rendered ui/_badge.html.erb (Duration: 0.0ms | GC: 0.0ms)
  Rendered ui/_field.html.erb (Duration: 0.1ms | GC: 0.0ms)
  Rendered ui/_field.html.erb (Duration: 0.0ms | GC: 0.0ms)
  Rendered ui/_field.html.erb (Duration: 0.0ms | GC: 0.0ms)
  Rendered ui/_button.html.erb (Duration: 0.0ms | GC: 0.0ms)
  Rendered ui/_badge.html.erb (Duration: 0.0ms | GC: 0.0ms)
  Rendered ui/_button.html.erb (Duration: 0.0ms | GC: 0.0ms)
  Rendered ui/_data_table.html.erb (Duration: 0.0ms | GC: 0.0ms)
  Rendered ui/_card.html.erb (Duration: 2.9ms | GC: 0.4ms)
  Rendered ui/_location_card_lookbook.html.erb (Duration: 3.0ms | GC: 0.4ms)
  Rendered ui/_base_layout.html.erb (Duration: 45.6ms | GC: 7.8ms)
  Rendered ui/previews/app_views/dashboard.html.erb (Duration: 46.4ms | GC: 7.8ms)
  Rendering html template
  Rendered html template (Duration: 0.0ms | GC: 0.0ms)
Completed 200 OK in 48ms (Views: 0.6ms | ActiveRecord: 0.0ms (0 queries, 0 cached) | GC: 7.8ms)


  Rendering layout /home/ivan/.local/share/mise/installs/ruby/3.3.7/lib/ruby/gems/3.3.0/gems/lookbook-2.3.14/app/views/layouts/lookbook/application.html.erb
  Rendering /home/ivan/.local/share/mise/installs/ruby/3.3.7/lib/ruby/gems/3.3.0/gems/lookbook-2.3.14/app/views/lookbook/inspector/show.html.erb within layouts/lookbook/application
  Rendered /home/ivan/.local/share/mise/installs/ruby/3.3.7/lib/ruby/gems/3.3.0/gems/lookbook-2.3.14/app/views/lookbook/inspector/panels/_preview.html.erb (Duration: 15.1ms | GC: 11.6ms)
  Rendered /home/ivan/.local/share/mise/installs/ruby/3.3.7/lib/ruby/gems/3.3.0/gems/lookbook-2.3.14/app/views/lookbook/inspector/panels/_output.html.erb (Duration: 334.3ms | GC: 34.7ms)
  Rendered /home/ivan/.local/share/mise/installs/ruby/3.3.7/lib/ruby/gems/3.3.0/gems/lookbook-2.3.14/app/views/lookbook/inspector/panels/_source.html.erb (Duration: 1.4ms | GC: 0.0ms)
  Rendered /home/ivan/.local/share/mise/installs/ruby/3.3.7/lib/ruby/gems/3.3.0/gems/lookbook-2.3.14/app/views/lookbook/inspector/panels/_notes.html.erb (Duration: 1.4ms | GC: 0.0ms)
  Rendered /home/ivan/.local/share/mise/installs/ruby/3.3.7/lib/ruby/gems/3.3.0/gems/lookbook-2.3.14/app/views/lookbook/inspector/panels/_params.html.erb (Duration: 0.4ms | GC: 0.0ms)
  Rendered /home/ivan/.local/share/mise/installs/ruby/3.3.7/lib/ruby/gems/3.3.0/gems/lookbook-2.3.14/app/views/lookbook/inspector/show.html.erb within layouts/lookbook/application (Duration: 475.9ms | GC: 103.0ms)
  Rendered layout /home/ivan/.local/share/mise/installs/ruby/3.3.7/lib/ruby/gems/3.3.0/gems/lookbook-2.3.14/app/views/layouts/lookbook/application.html.erb (Duration: 477.0ms | GC: 103.0ms)
Completed 200 OK in 528ms (Views: 477.7ms | ActiveRecord: 0.0ms (0 queries, 0 cached) | GC: 110.7ms)


Started GET "/lookbook/preview/app_views/dashboard/default?_display=%257B%257D&lookbook_timestamp=2026-04-24+12%3A35%3A28+-0400" for 127.0.0.1 at 2026-04-24 12:35:29 -0400
Processing by Lookbook::PreviewsController#show as HTML
  Parameters: {"_display"=>"%7B%7D", "lookbook_timestamp"=>"2026-04-24 12:35:28 -0400", "path"=>"app_views/dashboard/default"}
Processing by Lookbook::PreviewController#render_scenario_to_string as HTML
  Parameters: {"_display"=>"%7B%7D", "lookbook_timestamp"=>"2026-04-24 12:35:28 -0400", "path"=>"app_views/dashboard/default"}
  Rendering ui/previews/app_views/dashboard.html.erb
  Rendered ui/_sidebar_menu_item.html.erb (Duration: 0.1ms | GC: 0.0ms)
  Rendered ui/_sidebar_menu_item.html.erb (Duration: 0.0ms | GC: 0.0ms)
  Rendered ui/_sidebar_menu_item.html.erb (Duration: 0.0ms | GC: 0.0ms)
  Rendered ui/_sidebar_menu_item.html.erb (Duration: 0.1ms | GC: 0.0ms)
  Rendered ui/_sidebar_menu_item.html.erb (Duration: 0.1ms | GC: 0.0ms)
  Rendered ui/_sidebar_menu_item.html.erb (Duration: 0.1ms | GC: 0.0ms)
  Rendered ui/_sidebar_menu_item.html.erb (Duration: 0.1ms | GC: 0.0ms)
  Rendered ui/_sidebar_menu_item.html.erb (Duration: 0.0ms | GC: 0.0ms)
  Rendered ui/_sidebar_menu_item.html.erb (Duration: 0.0ms | GC: 0.0ms)
  Rendered ui/_sidebar_menu_item.html.erb (Duration: 0.0ms | GC: 0.0ms)
  Rendered ui/_sidebar_menu_item.html.erb (Duration: 0.0ms | GC: 0.0ms)
  Rendered ui/_sidebar_menu_item.html.erb (Duration: 0.0ms | GC: 0.0ms)
  Rendered ui/_sidebar_menu_item.html.erb (Duration: 0.0ms | GC: 0.0ms)
  Rendered ui/_sidebar.html.erb (Duration: 1.8ms | GC: 0.0ms)
  Rendered ui/_heading.html.erb (Duration: 0.0ms | GC: 0.0ms)
  Rendered ui/_field.html.erb (Duration: 0.0ms | GC: 0.0ms)
  Rendered ui/_icon_button.html.erb (Duration: 0.0ms | GC: 0.0ms)
  Rendered ui/_badge.html.erb (Duration: 0.0ms | GC: 0.0ms)
  Rendered ui/_dropdown_menu.html.erb (Duration: 0.1ms | GC: 0.0ms)
  Rendered ui/_field.html.erb (Duration: 0.0ms | GC: 0.0ms)
  Rendered ui/_field.html.erb (Duration: 0.0ms | GC: 0.0ms)
  Rendered ui/_field.html.erb (Duration: 0.0ms | GC: 0.0ms)
  Rendered ui/_badge.html.erb (Duration: 0.0ms | GC: 0.0ms)
  Rendered ui/_field.html.erb (Duration: 0.1ms | GC: 0.0ms)
  Rendered ui/_field.html.erb (Duration: 0.0ms | GC: 0.0ms)
  Rendered ui/_field.html.erb (Duration: 0.0ms | GC: 0.0ms)
  Rendered ui/_button.html.erb (Duration: 0.0ms | GC: 0.0ms)
  Rendered ui/_badge.html.erb (Duration: 0.0ms | GC: 0.0ms)
  Rendered ui/_button.html.erb (Duration: 0.0ms | GC: 0.0ms)
  Rendered ui/_data_table.html.erb (Duration: 0.0ms | GC: 0.0ms)
  Rendered ui/_card.html.erb (Duration: 1.2ms | GC: 0.0ms)
  Rendered ui/_location_card_lookbook.html.erb (Duration: 1.2ms | GC: 0.0ms)
  Rendered ui/_field.html.erb (Duration: 0.0ms | GC: 0.0ms)
  Rendered ui/_icon_button.html.erb (Duration: 0.0ms | GC: 0.0ms)
  Rendered ui/_badge.html.erb (Duration: 0.0ms | GC: 0.0ms)
  Rendered ui/_dropdown_menu.html.erb (Duration: 0.1ms | GC: 0.0ms)
  Rendered ui/_field.html.erb (Duration: 0.0ms | GC: 0.0ms)
  Rendered ui/_field.html.erb (Duration: 0.0ms | GC: 0.0ms)
  Rendered ui/_field.html.erb (Duration: 0.0ms | GC: 0.0ms)
  Rendered ui/_badge.html.erb (Duration: 0.0ms | GC: 0.0ms)
  Rendered ui/_field.html.erb (Duration: 0.1ms | GC: 0.0ms)
  Rendered ui/_field.html.erb (Duration: 0.0ms | GC: 0.0ms)
  Rendered ui/_field.html.erb (Duration: 0.0ms | GC: 0.0ms)
  Rendered ui/_button.html.erb (Duration: 0.0ms | GC: 0.0ms)
  Rendered ui/_badge.html.erb (Duration: 0.0ms | GC: 0.0ms)
  Rendered ui/_button.html.erb (Duration: 0.0ms | GC: 0.0ms)
  Rendered ui/_data_table.html.erb (Duration: 0.0ms | GC: 0.0ms)
  Rendered ui/_card.html.erb (Duration: 1.5ms | GC: 0.0ms)
  Rendered ui/_location_card_lookbook.html.erb (Duration: 1.5ms | GC: 0.0ms)
  Rendered ui/_field.html.erb (Duration: 0.0ms | GC: 0.0ms)
  Rendered ui/_icon_button.html.erb (Duration: 0.0ms | GC: 0.0ms)
  Rendered ui/_badge.html.erb (Duration: 0.0ms | GC: 0.0ms)
  Rendered ui/_dropdown_menu.html.erb (Duration: 0.1ms | GC: 0.0ms)
  Rendered ui/_field.html.erb (Duration: 0.0ms | GC: 0.0ms)
  Rendered ui/_field.html.erb (Duration: 0.0ms | GC: 0.0ms)
  Rendered ui/_field.html.erb (Duration: 0.0ms | GC: 0.0ms)
  Rendered ui/_badge.html.erb (Duration: 0.0ms | GC: 0.0ms)
  Rendered ui/_field.html.erb (Duration: 0.1ms | GC: 0.0ms)
  Rendered ui/_field.html.erb (Duration: 0.1ms | GC: 0.0ms)
  Rendered ui/_field.html.erb (Duration: 0.0ms | GC: 0.0ms)
  Rendered ui/_button.html.erb (Duration: 0.0ms | GC: 0.0ms)
  Rendered ui/_badge.html.erb (Duration: 0.0ms | GC: 0.0ms)
  Rendered ui/_button.html.erb (Duration: 0.0ms | GC: 0.0ms)
  Rendered ui/_data_table.html.erb (Duration: 0.0ms | GC: 0.0ms)
  Rendered ui/_card.html.erb (Duration: 1.4ms | GC: 0.0ms)
  Rendered ui/_location_card_lookbook.html.erb (Duration: 1.5ms | GC: 0.0ms)
  Rendered ui/_field.html.erb (Duration: 0.0ms | GC: 0.0ms)
  Rendered ui/_icon_button.html.erb (Duration: 0.0ms | GC: 0.0ms)
  Rendered ui/_badge.html.erb (Duration: 0.0ms | GC: 0.0ms)
  Rendered ui/_dropdown_menu.html.erb (Duration: 0.1ms | GC: 0.0ms)
  Rendered ui/_field.html.erb (Duration: 0.0ms | GC: 0.0ms)
  Rendered ui/_field.html.erb (Duration: 0.0ms | GC: 0.0ms)
  Rendered ui/_field.html.erb (Duration: 0.0ms | GC: 0.0ms)
  Rendered ui/_badge.html.erb (Duration: 0.0ms | GC: 0.0ms)
  Rendered ui/_field.html.erb (Duration: 0.1ms | GC: 0.0ms)
  Rendered ui/_field.html.erb (Duration: 0.0ms | GC: 0.0ms)
  Rendered ui/_field.html.erb (Duration: 0.0ms | GC: 0.0ms)
  Rendered ui/_button.html.erb (Duration: 0.0ms | GC: 0.0ms)
  Rendered ui/_badge.html.erb (Duration: 0.0ms | GC: 0.0ms)
  Rendered ui/_button.html.erb (Duration: 0.0ms | GC: 0.0ms)
  Rendered ui/_data_table.html.erb (Duration: 0.1ms | GC: 0.0ms)
  Rendered ui/_card.html.erb (Duration: 1.3ms | GC: 0.0ms)
  Rendered ui/_location_card_lookbook.html.erb (Duration: 1.4ms | GC: 0.0ms)
  Rendered ui/_field.html.erb (Duration: 0.0ms | GC: 0.0ms)
  Rendered ui/_icon_button.html.erb (Duration: 0.0ms | GC: 0.0ms)
  Rendered ui/_badge.html.erb (Duration: 0.0ms | GC: 0.0ms)
  Rendered ui/_dropdown_menu.html.erb (Duration: 0.2ms | GC: 0.0ms)
  Rendered ui/_field.html.erb (Duration: 0.0ms | GC: 0.0ms)
  Rendered ui/_field.html.erb (Duration: 0.0ms | GC: 0.0ms)
  Rendered ui/_field.html.erb (Duration: 0.0ms | GC: 0.0ms)
  Rendered ui/_badge.html.erb (Duration: 0.0ms | GC: 0.0ms)
  Rendered ui/_field.html.erb (Duration: 0.1ms | GC: 0.0ms)
  Rendered ui/_field.html.erb (Duration: 0.0ms | GC: 0.0ms)
  Rendered ui/_field.html.erb (Duration: 0.0ms | GC: 0.0ms)
  Rendered ui/_button.html.erb (Duration: 0.0ms | GC: 0.0ms)
  Rendered ui/_badge.html.erb (Duration: 0.0ms | GC: 0.0ms)
  Rendered ui/_button.html.erb (Duration: 0.0ms | GC: 0.0ms)
  Rendered ui/_data_table.html.erb (Duration: 0.0ms | GC: 0.0ms)
  Rendered ui/_card.html.erb (Duration: 1.3ms | GC: 0.0ms)
  Rendered ui/_location_card_lookbook.html.erb (Duration: 1.4ms | GC: 0.0ms)
  Rendered ui/_heading.html.erb (Duration: 0.0ms | GC: 0.0ms)
  Rendered ui/_field.html.erb (Duration: 0.0ms | GC: 0.0ms)
  Rendered ui/_icon_button.html.erb (Duration: 0.0ms | GC: 0.0ms)
  Rendered ui/_badge.html.erb (Duration: 0.0ms | GC: 0.0ms)
  Rendered ui/_dropdown_menu.html.erb (Duration: 0.1ms | GC: 0.0ms)
  Rendered ui/_field.html.erb (Duration: 0.0ms | GC: 0.0ms)
  Rendered ui/_field.html.erb (Duration: 0.0ms | GC: 0.0ms)
  Rendered ui/_field.html.erb (Duration: 0.0ms | GC: 0.0ms)
  Rendered ui/_badge.html.erb (Duration: 0.0ms | GC: 0.0ms)
  Rendered ui/_field.html.erb (Duration: 0.1ms | GC: 0.0ms)
  Rendered ui/_field.html.erb (Duration: 0.0ms | GC: 0.0ms)
  Rendered ui/_field.html.erb (Duration: 0.0ms | GC: 0.0ms)
  Rendered ui/_button.html.erb (Duration: 0.0ms | GC: 0.0ms)
  Rendered ui/_badge.html.erb (Duration: 0.0ms | GC: 0.0ms)
  Rendered ui/_button.html.erb (Duration: 0.0ms | GC: 0.0ms)
  Rendered ui/_data_table.html.erb (Duration: 0.0ms | GC: 0.0ms)
  Rendered ui/_card.html.erb (Duration: 1.2ms | GC: 0.0ms)
  Rendered ui/_location_card_lookbook.html.erb (Duration: 1.3ms | GC: 0.0ms)
  Rendered ui/_field.html.erb (Duration: 0.0ms | GC: 0.0ms)
  Rendered ui/_icon_button.html.erb (Duration: 0.0ms | GC: 0.0ms)
  Rendered ui/_badge.html.erb (Duration: 0.0ms | GC: 0.0ms)
  Rendered ui/_dropdown_menu.html.erb (Duration: 0.1ms | GC: 0.0ms)
  Rendered ui/_field.html.erb (Duration: 0.0ms | GC: 0.0ms)
  Rendered ui/_field.html.erb (Duration: 0.0ms | GC: 0.0ms)
  Rendered ui/_field.html.erb (Duration: 0.0ms | GC: 0.0ms)
  Rendered ui/_badge.html.erb (Duration: 0.0ms | GC: 0.0ms)
  Rendered ui/_field.html.erb (Duration: 0.1ms | GC: 0.0ms)
  Rendered ui/_field.html.erb (Duration: 0.0ms | GC: 0.0ms)
  Rendered ui/_field.html.erb (Duration: 0.0ms | GC: 0.0ms)
  Rendered ui/_button.html.erb (Duration: 0.0ms | GC: 0.0ms)
  Rendered ui/_badge.html.erb (Duration: 0.0ms | GC: 0.0ms)
  Rendered ui/_button.html.erb (Duration: 0.0ms | GC: 0.0ms)
  Rendered ui/_data_table.html.erb (Duration: 0.0ms | GC: 0.0ms)
  Rendered ui/_card.html.erb (Duration: 1.4ms | GC: 0.0ms)
  Rendered ui/_location_card_lookbook.html.erb (Duration: 1.5ms | GC: 0.0ms)
  Rendered ui/_field.html.erb (Duration: 0.0ms | GC: 0.0ms)
  Rendered ui/_icon_button.html.erb (Duration: 0.0ms | GC: 0.0ms)
  Rendered ui/_badge.html.erb (Duration: 0.0ms | GC: 0.0ms)
  Rendered ui/_dropdown_menu.html.erb (Duration: 0.1ms | GC: 0.0ms)
  Rendered ui/_field.html.erb (Duration: 0.0ms | GC: 0.0ms)
  Rendered ui/_field.html.erb (Duration: 0.0ms | GC: 0.0ms)
  Rendered ui/_field.html.erb (Duration: 0.0ms | GC: 0.0ms)
  Rendered ui/_badge.html.erb (Duration: 0.0ms | GC: 0.0ms)
  Rendered ui/_field.html.erb (Duration: 0.1ms | GC: 0.0ms)
  Rendered ui/_field.html.erb (Duration: 0.0ms | GC: 0.0ms)
  Rendered ui/_field.html.erb (Duration: 0.0ms | GC: 0.0ms)
  Rendered ui/_button.html.erb (Duration: 0.0ms | GC: 0.0ms)
  Rendered ui/_badge.html.erb (Duration: 0.0ms | GC: 0.0ms)
  Rendered ui/_button.html.erb (Duration: 0.0ms | GC: 0.0ms)
  Rendered ui/_data_table.html.erb (Duration: 0.0ms | GC: 0.0ms)
  Rendered ui/_card.html.erb (Duration: 1.6ms | GC: 0.0ms)
  Rendered ui/_location_card_lookbook.html.erb (Duration: 1.7ms | GC: 0.0ms)
  Rendered ui/_heading.html.erb (Duration: 0.0ms | GC: 0.0ms)
  Rendered ui/_field.html.erb (Duration: 0.0ms | GC: 0.0ms)
  Rendered ui/_icon_button.html.erb (Duration: 0.0ms | GC: 0.0ms)
  Rendered ui/_badge.html.erb (Duration: 0.0ms | GC: 0.0ms)
  Rendered ui/_dropdown_menu.html.erb (Duration: 0.1ms | GC: 0.0ms)
  Rendered ui/_field.html.erb (Duration: 0.0ms | GC: 0.0ms)
  Rendered ui/_field.html.erb (Duration: 0.0ms | GC: 0.0ms)
  Rendered ui/_field.html.erb (Duration: 0.0ms | GC: 0.0ms)
  Rendered ui/_badge.html.erb (Duration: 0.0ms | GC: 0.0ms)
  Rendered ui/_field.html.erb (Duration: 0.1ms | GC: 0.0ms)
  Rendered ui/_field.html.erb (Duration: 0.0ms | GC: 0.0ms)
  Rendered ui/_field.html.erb (Duration: 0.0ms | GC: 0.0ms)
  Rendered ui/_button.html.erb (Duration: 0.0ms | GC: 0.0ms)
  Rendered ui/_badge.html.erb (Duration: 0.0ms | GC: 0.0ms)
  Rendered ui/_button.html.erb (Duration: 0.0ms | GC: 0.0ms)
  Rendered ui/_data_table.html.erb (Duration: 0.0ms | GC: 0.0ms)
  Rendered ui/_card.html.erb (Duration: 1.3ms | GC: 0.0ms)
  Rendered ui/_location_card_lookbook.html.erb (Duration: 1.3ms | GC: 0.0ms)
  Rendered ui/_field.html.erb (Duration: 0.0ms | GC: 0.0ms)
  Rendered ui/_icon_button.html.erb (Duration: 0.0ms | GC: 0.0ms)
  Rendered ui/_badge.html.erb (Duration: 0.0ms | GC: 0.0ms)
  Rendered ui/_dropdown_menu.html.erb (Duration: 0.1ms | GC: 0.0ms)
  Rendered ui/_field.html.erb (Duration: 0.0ms | GC: 0.0ms)
  Rendered ui/_field.html.erb (Duration: 0.0ms | GC: 0.0ms)
  Rendered ui/_field.html.erb (Duration: 0.0ms | GC: 0.0ms)
  Rendered ui/_badge.html.erb (Duration: 0.0ms | GC: 0.0ms)
  Rendered ui/_field.html.erb (Duration: 0.1ms | GC: 0.0ms)
  Rendered ui/_field.html.erb (Duration: 0.0ms | GC: 0.0ms)
  Rendered ui/_field.html.erb (Duration: 0.0ms | GC: 0.0ms)
  Rendered ui/_button.html.erb (Duration: 0.0ms | GC: 0.0ms)
  Rendered ui/_badge.html.erb (Duration: 0.0ms | GC: 0.0ms)
  Rendered ui/_button.html.erb (Duration: 0.0ms | GC: 0.0ms)
  Rendered ui/_data_table.html.erb (Duration: 0.0ms | GC: 0.0ms)
  Rendered ui/_card.html.erb (Duration: 1.2ms | GC: 0.0ms)
  Rendered ui/_location_card_lookbook.html.erb (Duration: 1.3ms | GC: 0.0ms)
  Rendered ui/_field.html.erb (Duration: 0.0ms | GC: 0.0ms)
  Rendered ui/_icon_button.html.erb (Duration: 0.0ms | GC: 0.0ms)
  Rendered ui/_badge.html.erb (Duration: 0.1ms | GC: 0.0ms)
  Rendered ui/_dropdown_menu.html.erb (Duration: 0.2ms | GC: 0.0ms)
  Rendered ui/_field.html.erb (Duration: 0.0ms | GC: 0.0ms)
  Rendered ui/_field.html.erb (Duration: 0.0ms | GC: 0.0ms)
  Rendered ui/_field.html.erb (Duration: 0.0ms | GC: 0.0ms)
  Rendered ui/_badge.html.erb (Duration: 0.0ms | GC: 0.0ms)
  Rendered ui/_field.html.erb (Duration: 0.1ms | GC: 0.0ms)
  Rendered ui/_field.html.erb (Duration: 0.0ms | GC: 0.0ms)
  Rendered ui/_field.html.erb (Duration: 0.0ms | GC: 0.0ms)
  Rendered ui/_button.html.erb (Duration: 0.0ms | GC: 0.0ms)
  Rendered ui/_badge.html.erb (Duration: 0.0ms | GC: 0.0ms)
  Rendered ui/_button.html.erb (Duration: 0.0ms | GC: 0.0ms)
  Rendered ui/_data_table.html.erb (Duration: 0.0ms | GC: 0.0ms)
  Rendered ui/_card.html.erb (Duration: 2.0ms | GC: 0.0ms)
  Rendered ui/_location_card_lookbook.html.erb (Duration: 2.1ms | GC: 0.0ms)
  Rendered ui/_field.html.erb (Duration: 0.0ms | GC: 0.0ms)
  Rendered ui/_icon_button.html.erb (Duration: 0.0ms | GC: 0.0ms)
  Rendered ui/_badge.html.erb (Duration: 0.0ms | GC: 0.0ms)
  Rendered ui/_dropdown_menu.html.erb (Duration: 0.1ms | GC: 0.0ms)
  Rendered ui/_field.html.erb (Duration: 0.0ms | GC: 0.0ms)
  Rendered ui/_field.html.erb (Duration: 0.0ms | GC: 0.0ms)
  Rendered ui/_field.html.erb (Duration: 0.0ms | GC: 0.0ms)
  Rendered ui/_badge.html.erb (Duration: 0.0ms | GC: 0.0ms)
  Rendered ui/_field.html.erb (Duration: 0.1ms | GC: 0.0ms)
  Rendered ui/_field.html.erb (Duration: 0.0ms | GC: 0.0ms)
  Rendered ui/_field.html.erb (Duration: 0.0ms | GC: 0.0ms)
  Rendered ui/_button.html.erb (Duration: 0.0ms | GC: 0.0ms)
  Rendered ui/_badge.html.erb (Duration: 0.0ms | GC: 0.0ms)
  Rendered ui/_button.html.erb (Duration: 0.0ms | GC: 0.0ms)
  Rendered ui/_data_table.html.erb (Duration: 0.0ms | GC: 0.0ms)
  Rendered ui/_card.html.erb (Duration: 1.3ms | GC: 0.0ms)
  Rendered ui/_location_card_lookbook.html.erb (Duration: 1.4ms | GC: 0.0ms)
  Rendered ui/_base_layout.html.erb (Duration: 20.7ms | GC: 0.0ms)
  Rendered ui/previews/app_views/dashboard.html.erb (Duration: 20.9ms | GC: 0.0ms)
  Rendering html template
  Rendered html template (Duration: 0.0ms | GC: 0.0ms)
Completed 200 OK in 22ms (Views: 0.3ms | ActiveRecord: 0.0ms (0 queries, 0 cached) | GC: 0.0ms)


Processing by Lookbook::PreviewController#render_in_layout_to_string as HTML
  Parameters: {"_display"=>"%7B%7D", "lookbook_timestamp"=>"2026-04-24 12:35:28 -0400", "path"=>"app_views/dashboard/default"}
  Rendering layout layouts/lookbook.html.erb
  Rendering /home/ivan/.local/share/mise/installs/ruby/3.3.7/lib/ruby/gems/3.3.0/gems/lookbook-2.3.14/app/views/lookbook/previews/group.html.erb within layouts/lookbook
  Rendered /home/ivan/.local/share/mise/installs/ruby/3.3.7/lib/ruby/gems/3.3.0/gems/lookbook-2.3.14/app/views/lookbook/previews/group.html.erb within layouts/lookbook (Duration: 0.0ms | GC: 0.0ms)
  Rendered layout layouts/lookbook.html.erb (Duration: 0.8ms | GC: 0.0ms)
  Rendering html template
  Rendered html template (Duration: 0.0ms | GC: 0.0ms)
Completed 200 OK in 2ms (Views: 0.2ms | ActiveRecord: 0.0ms (0 queries, 0 cached) | GC: 0.0ms)


  Rendering /home/ivan/.local/share/mise/installs/ruby/3.3.7/lib/ruby/gems/3.3.0/gems/lookbook-2.3.14/app/views/lookbook/previews/show.html.erb
  Rendered /home/ivan/.local/share/mise/installs/ruby/3.3.7/lib/ruby/gems/3.3.0/gems/lookbook-2.3.14/app/views/lookbook/previews/show.html.erb (Duration: 0.0ms | GC: 0.0ms)
Completed 200 OK in 26ms (Views: 0.2ms | ActiveRecord: 0.0ms (0 queries, 0 cached) | GC: 0.0ms)


Started GET "/lookbook/inspect/app_views/dashboard/default" for 127.0.0.1 at 2026-04-24 12:42:49 -0400
Processing by Lookbook::InspectorController#show as HTML
  Parameters: {"path"=>"app_views/dashboard/default"}
Processing by Lookbook::PreviewController#render_scenario_to_string as HTML
  Parameters: {"path"=>"app_views/dashboard/default"}
  Rendering ui/previews/app_views/dashboard.html.erb
  Rendered ui/_sidebar_menu_item.html.erb (Duration: 0.2ms | GC: 0.0ms)
  Rendered ui/_sidebar_menu_item.html.erb (Duration: 0.0ms | GC: 0.0ms)
  Rendered ui/_sidebar_menu_item.html.erb (Duration: 0.0ms | GC: 0.0ms)
  Rendered ui/_sidebar_menu_item.html.erb (Duration: 0.1ms | GC: 0.0ms)
  Rendered ui/_sidebar_menu_item.html.erb (Duration: 0.0ms | GC: 0.0ms)
  Rendered ui/_sidebar_menu_item.html.erb (Duration: 0.0ms | GC: 0.0ms)
  Rendered ui/_sidebar_menu_item.html.erb (Duration: 0.1ms | GC: 0.0ms)
  Rendered ui/_sidebar_menu_item.html.erb (Duration: 0.1ms | GC: 0.0ms)
  Rendered ui/_sidebar_menu_item.html.erb (Duration: 0.1ms | GC: 0.0ms)
  Rendered ui/_sidebar_menu_item.html.erb (Duration: 0.1ms | GC: 0.0ms)
  Rendered ui/_sidebar_menu_item.html.erb (Duration: 0.1ms | GC: 0.0ms)
  Rendered ui/_sidebar_menu_item.html.erb (Duration: 0.0ms | GC: 0.0ms)
  Rendered ui/_sidebar_menu_item.html.erb (Duration: 0.0ms | GC: 0.0ms)
  Rendered ui/_sidebar.html.erb (Duration: 2.4ms | GC: 0.1ms)
  Rendered ui/_heading.html.erb (Duration: 0.1ms | GC: 0.0ms)
  Rendered ui/_field.html.erb (Duration: 0.2ms | GC: 0.0ms)
  Rendered ui/_icon_button.html.erb (Duration: 0.2ms | GC: 0.0ms)
  Rendered ui/_badge.html.erb (Duration: 0.1ms | GC: 0.0ms)
  Rendered ui/_dropdown_menu.html.erb (Duration: 0.3ms | GC: 0.0ms)
  Rendered ui/_field.html.erb (Duration: 0.0ms | GC: 0.0ms)
  Rendered ui/_field.html.erb (Duration: 0.0ms | GC: 0.0ms)
  Rendered ui/_field.html.erb (Duration: 0.0ms | GC: 0.0ms)
  Rendered ui/_badge.html.erb (Duration: 0.0ms | GC: 0.0ms)
  Rendered ui/_field.html.erb (Duration: 0.1ms | GC: 0.0ms)
  Rendered ui/_field.html.erb (Duration: 0.0ms | GC: 0.0ms)
  Rendered ui/_field.html.erb (Duration: 0.0ms | GC: 0.0ms)
  Rendered ui/_button.html.erb (Duration: 0.2ms | GC: 0.0ms)
  Rendered ui/_badge.html.erb (Duration: 0.0ms | GC: 0.0ms)
  Rendered ui/_button.html.erb (Duration: 0.0ms | GC: 0.0ms)
  Rendered ui/_data_table.html.erb (Duration: 0.4ms | GC: 0.2ms)
  Rendered ui/_card.html.erb (Duration: 5.6ms | GC: 2.0ms)
  Rendered ui/_location_card_lookbook.html.erb (Duration: 6.7ms | GC: 2.3ms)
  Rendered ui/_field.html.erb (Duration: 0.0ms | GC: 0.0ms)
  Rendered ui/_icon_button.html.erb (Duration: 0.0ms | GC: 0.0ms)
  Rendered ui/_badge.html.erb (Duration: 0.0ms | GC: 0.0ms)
  Rendered ui/_dropdown_menu.html.erb (Duration: 0.1ms | GC: 0.0ms)
  Rendered ui/_field.html.erb (Duration: 0.0ms | GC: 0.0ms)
  Rendered ui/_field.html.erb (Duration: 0.0ms | GC: 0.0ms)
  Rendered ui/_field.html.erb (Duration: 0.0ms | GC: 0.0ms)
  Rendered ui/_badge.html.erb (Duration: 0.0ms | GC: 0.0ms)
  Rendered ui/_field.html.erb (Duration: 0.1ms | GC: 0.0ms)
  Rendered ui/_field.html.erb (Duration: 0.0ms | GC: 0.0ms)
  Rendered ui/_field.html.erb (Duration: 0.0ms | GC: 0.0ms)
  Rendered ui/_button.html.erb (Duration: 0.0ms | GC: 0.0ms)
  Rendered ui/_badge.html.erb (Duration: 0.0ms | GC: 0.0ms)
  Rendered ui/_button.html.erb (Duration: 0.0ms | GC: 0.0ms)
  Rendered ui/_data_table.html.erb (Duration: 0.0ms | GC: 0.0ms)
  Rendered ui/_card.html.erb (Duration: 2.5ms | GC: 0.7ms)
  Rendered ui/_location_card_lookbook.html.erb (Duration: 2.8ms | GC: 0.9ms)
  Rendered ui/_field.html.erb (Duration: 0.0ms | GC: 0.0ms)
  Rendered ui/_icon_button.html.erb (Duration: 0.0ms | GC: 0.0ms)
  Rendered ui/_badge.html.erb (Duration: 0.0ms | GC: 0.0ms)
  Rendered ui/_dropdown_menu.html.erb (Duration: 0.1ms | GC: 0.0ms)
  Rendered ui/_field.html.erb (Duration: 0.0ms | GC: 0.0ms)
  Rendered ui/_field.html.erb (Duration: 0.0ms | GC: 0.0ms)
  Rendered ui/_field.html.erb (Duration: 0.0ms | GC: 0.0ms)
  Rendered ui/_badge.html.erb (Duration: 0.0ms | GC: 0.0ms)
  Rendered ui/_field.html.erb (Duration: 0.4ms | GC: 0.3ms)
  Rendered ui/_field.html.erb (Duration: 0.0ms | GC: 0.0ms)
  Rendered ui/_field.html.erb (Duration: 0.0ms | GC: 0.0ms)
  Rendered ui/_button.html.erb (Duration: 0.0ms | GC: 0.0ms)
  Rendered ui/_badge.html.erb (Duration: 0.0ms | GC: 0.0ms)
  Rendered ui/_button.html.erb (Duration: 0.0ms | GC: 0.0ms)
  Rendered ui/_data_table.html.erb (Duration: 0.0ms | GC: 0.0ms)
  Rendered ui/_card.html.erb (Duration: 3.5ms | GC: 1.9ms)
  Rendered ui/_location_card_lookbook.html.erb (Duration: 3.5ms | GC: 1.9ms)
  Rendered ui/_field.html.erb (Duration: 0.5ms | GC: 0.5ms)
  Rendered ui/_icon_button.html.erb (Duration: 0.0ms | GC: 0.0ms)
  Rendered ui/_badge.html.erb (Duration: 0.0ms | GC: 0.0ms)
  Rendered ui/_dropdown_menu.html.erb (Duration: 0.1ms | GC: 0.0ms)
  Rendered ui/_field.html.erb (Duration: 0.0ms | GC: 0.0ms)
  Rendered ui/_field.html.erb (Duration: 0.4ms | GC: 0.3ms)
  Rendered ui/_field.html.erb (Duration: 0.0ms | GC: 0.0ms)
  Rendered ui/_badge.html.erb (Duration: 0.0ms | GC: 0.0ms)
  Rendered ui/_field.html.erb (Duration: 0.1ms | GC: 0.0ms)
  Rendered ui/_field.html.erb (Duration: 0.0ms | GC: 0.0ms)
  Rendered ui/_field.html.erb (Duration: 0.0ms | GC: 0.0ms)
  Rendered ui/_button.html.erb (Duration: 0.0ms | GC: 0.0ms)
  Rendered ui/_badge.html.erb (Duration: 0.0ms | GC: 0.0ms)
  Rendered ui/_button.html.erb (Duration: 0.0ms | GC: 0.0ms)
  Rendered ui/_data_table.html.erb (Duration: 0.0ms | GC: 0.0ms)
  Rendered ui/_card.html.erb (Duration: 3.3ms | GC: 1.7ms)
  Rendered ui/_location_card_lookbook.html.erb (Duration: 3.4ms | GC: 1.7ms)
  Rendered ui/_field.html.erb (Duration: 0.0ms | GC: 0.0ms)
  Rendered ui/_icon_button.html.erb (Duration: 0.0ms | GC: 0.0ms)
  Rendered ui/_badge.html.erb (Duration: 0.0ms | GC: 0.0ms)
  Rendered ui/_dropdown_menu.html.erb (Duration: 0.1ms | GC: 0.0ms)
  Rendered ui/_field.html.erb (Duration: 0.7ms | GC: 0.7ms)
  Rendered ui/_field.html.erb (Duration: 0.0ms | GC: 0.0ms)
  Rendered ui/_field.html.erb (Duration: 0.0ms | GC: 0.0ms)
  Rendered ui/_badge.html.erb (Duration: 0.0ms | GC: 0.0ms)
  Rendered ui/_field.html.erb (Duration: 0.5ms | GC: 0.4ms)
  Rendered ui/_field.html.erb (Duration: 0.0ms | GC: 0.0ms)
  Rendered ui/_field.html.erb (Duration: 0.0ms | GC: 0.0ms)
  Rendered ui/_button.html.erb (Duration: 0.0ms | GC: 0.0ms)
  Rendered ui/_badge.html.erb (Duration: 0.0ms | GC: 0.0ms)
  Rendered ui/_button.html.erb (Duration: 0.0ms | GC: 0.0ms)
  Rendered ui/_data_table.html.erb (Duration: 0.0ms | GC: 0.0ms)
  Rendered ui/_card.html.erb (Duration: 3.5ms | GC: 1.7ms)
  Rendered ui/_location_card_lookbook.html.erb (Duration: 3.5ms | GC: 1.7ms)
  Rendered ui/_heading.html.erb (Duration: 0.0ms | GC: 0.0ms)
  Rendered ui/_field.html.erb (Duration: 0.0ms | GC: 0.0ms)
  Rendered ui/_icon_button.html.erb (Duration: 0.4ms | GC: 0.4ms)
  Rendered ui/_badge.html.erb (Duration: 0.0ms | GC: 0.0ms)
  Rendered ui/_dropdown_menu.html.erb (Duration: 0.1ms | GC: 0.0ms)
  Rendered ui/_field.html.erb (Duration: 0.0ms | GC: 0.0ms)
  Rendered ui/_field.html.erb (Duration: 0.0ms | GC: 0.0ms)
  Rendered ui/_field.html.erb (Duration: 0.0ms | GC: 0.0ms)
  Rendered ui/_badge.html.erb (Duration: 0.0ms | GC: 0.0ms)
  Rendered ui/_field.html.erb (Duration: 0.5ms | GC: 0.4ms)
  Rendered ui/_field.html.erb (Duration: 0.0ms | GC: 0.0ms)
  Rendered ui/_field.html.erb (Duration: 0.0ms | GC: 0.0ms)
  Rendered ui/_button.html.erb (Duration: 0.0ms | GC: 0.0ms)
  Rendered ui/_badge.html.erb (Duration: 0.0ms | GC: 0.0ms)
  Rendered ui/_button.html.erb (Duration: 0.0ms | GC: 0.0ms)
  Rendered ui/_data_table.html.erb (Duration: 0.0ms | GC: 0.0ms)
  Rendered ui/_card.html.erb (Duration: 2.8ms | GC: 1.5ms)
  Rendered ui/_location_card_lookbook.html.erb (Duration: 3.3ms | GC: 1.9ms)
  Rendered ui/_field.html.erb (Duration: 0.0ms | GC: 0.0ms)
  Rendered ui/_icon_button.html.erb (Duration: 0.0ms | GC: 0.0ms)
  Rendered ui/_badge.html.erb (Duration: 0.0ms | GC: 0.0ms)
  Rendered ui/_dropdown_menu.html.erb (Duration: 1.0ms | GC: 0.8ms)
  Rendered ui/_field.html.erb (Duration: 0.0ms | GC: 0.0ms)
  Rendered ui/_field.html.erb (Duration: 0.0ms | GC: 0.0ms)
  Rendered ui/_field.html.erb (Duration: 0.0ms | GC: 0.0ms)
  Rendered ui/_badge.html.erb (Duration: 0.0ms | GC: 0.0ms)
  Rendered ui/_field.html.erb (Duration: 0.1ms | GC: 0.0ms)
  Rendered ui/_field.html.erb (Duration: 0.0ms | GC: 0.0ms)
  Rendered ui/_field.html.erb (Duration: 0.0ms | GC: 0.0ms)
  Rendered ui/_button.html.erb (Duration: 0.0ms | GC: 0.0ms)
  Rendered ui/_badge.html.erb (Duration: 0.0ms | GC: 0.0ms)
  Rendered ui/_button.html.erb (Duration: 0.0ms | GC: 0.0ms)
  Rendered ui/_data_table.html.erb (Duration: 0.0ms | GC: 0.0ms)
  Rendered ui/_card.html.erb (Duration: 3.4ms | GC: 1.5ms)
  Rendered ui/_location_card_lookbook.html.erb (Duration: 3.8ms | GC: 1.8ms)
  Rendered ui/_field.html.erb (Duration: 0.0ms | GC: 0.0ms)
  Rendered ui/_icon_button.html.erb (Duration: 0.0ms | GC: 0.0ms)
  Rendered ui/_badge.html.erb (Duration: 0.3ms | GC: 0.3ms)
  Rendered ui/_dropdown_menu.html.erb (Duration: 0.1ms | GC: 0.0ms)
  Rendered ui/_field.html.erb (Duration: 0.0ms | GC: 0.0ms)
  Rendered ui/_field.html.erb (Duration: 0.0ms | GC: 0.0ms)
  Rendered ui/_field.html.erb (Duration: 0.0ms | GC: 0.0ms)
  Rendered ui/_badge.html.erb (Duration: 0.0ms | GC: 0.0ms)
  Rendered ui/_field.html.erb (Duration: 0.5ms | GC: 0.4ms)
  Rendered ui/_field.html.erb (Duration: 0.0ms | GC: 0.0ms)
  Rendered ui/_field.html.erb (Duration: 0.0ms | GC: 0.0ms)
  Rendered ui/_button.html.erb (Duration: 0.0ms | GC: 0.0ms)
  Rendered ui/_badge.html.erb (Duration: 0.0ms | GC: 0.0ms)
  Rendered ui/_button.html.erb (Duration: 0.0ms | GC: 0.0ms)
  Rendered ui/_data_table.html.erb (Duration: 0.0ms | GC: 0.0ms)
  Rendered ui/_card.html.erb (Duration: 3.0ms | GC: 1.4ms)
  Rendered ui/_location_card_lookbook.html.erb (Duration: 3.1ms | GC: 1.4ms)
  Rendered ui/_heading.html.erb (Duration: 0.0ms | GC: 0.0ms)
  Rendered ui/_field.html.erb (Duration: 0.0ms | GC: 0.0ms)
  Rendered ui/_icon_button.html.erb (Duration: 0.0ms | GC: 0.0ms)
  Rendered ui/_badge.html.erb (Duration: 0.3ms | GC: 0.3ms)
  Rendered ui/_dropdown_menu.html.erb (Duration: 0.2ms | GC: 0.0ms)
  Rendered ui/_field.html.erb (Duration: 0.0ms | GC: 0.0ms)
  Rendered ui/_field.html.erb (Duration: 0.0ms | GC: 0.0ms)
  Rendered ui/_field.html.erb (Duration: 0.0ms | GC: 0.0ms)
  Rendered ui/_badge.html.erb (Duration: 0.0ms | GC: 0.0ms)
  Rendered ui/_field.html.erb (Duration: 0.5ms | GC: 0.3ms)
  Rendered ui/_field.html.erb (Duration: 0.0ms | GC: 0.0ms)
  Rendered ui/_field.html.erb (Duration: 0.0ms | GC: 0.0ms)
  Rendered ui/_button.html.erb (Duration: 0.4ms | GC: 0.3ms)
  Rendered ui/_badge.html.erb (Duration: 0.0ms | GC: 0.0ms)
  Rendered ui/_button.html.erb (Duration: 0.0ms | GC: 0.0ms)
  Rendered ui/_data_table.html.erb (Duration: 0.0ms | GC: 0.0ms)
  Rendered ui/_card.html.erb (Duration: 2.9ms | GC: 1.0ms)
  Rendered ui/_location_card_lookbook.html.erb (Duration: 3.0ms | GC: 1.0ms)
  Rendered ui/_field.html.erb (Duration: 0.0ms | GC: 0.0ms)
  Rendered ui/_icon_button.html.erb (Duration: 0.0ms | GC: 0.0ms)
  Rendered ui/_badge.html.erb (Duration: 0.0ms | GC: 0.0ms)
  Rendered ui/_dropdown_menu.html.erb (Duration: 0.1ms | GC: 0.0ms)
  Rendered ui/_field.html.erb (Duration: 0.0ms | GC: 0.0ms)
  Rendered ui/_field.html.erb (Duration: 0.5ms | GC: 0.5ms)
  Rendered ui/_field.html.erb (Duration: 0.0ms | GC: 0.0ms)
  Rendered ui/_badge.html.erb (Duration: 0.0ms | GC: 0.0ms)
  Rendered ui/_field.html.erb (Duration: 0.4ms | GC: 0.3ms)
  Rendered ui/_field.html.erb (Duration: 0.0ms | GC: 0.0ms)
  Rendered ui/_field.html.erb (Duration: 0.0ms | GC: 0.0ms)
  Rendered ui/_button.html.erb (Duration: 0.2ms | GC: 0.2ms)
  Rendered ui/_badge.html.erb (Duration: 0.0ms | GC: 0.0ms)
  Rendered ui/_button.html.erb (Duration: 0.0ms | GC: 0.0ms)
  Rendered ui/_data_table.html.erb (Duration: 0.0ms | GC: 0.0ms)
  Rendered ui/_card.html.erb (Duration: 3.0ms | GC: 1.3ms)
  Rendered ui/_location_card_lookbook.html.erb (Duration: 3.0ms | GC: 1.3ms)
  Rendered ui/_field.html.erb (Duration: 0.3ms | GC: 0.3ms)
  Rendered ui/_icon_button.html.erb (Duration: 0.0ms | GC: 0.0ms)
  Rendered ui/_badge.html.erb (Duration: 0.0ms | GC: 0.0ms)
  Rendered ui/_dropdown_menu.html.erb (Duration: 0.1ms | GC: 0.0ms)
  Rendered ui/_field.html.erb (Duration: 0.0ms | GC: 0.0ms)
  Rendered ui/_field.html.erb (Duration: 0.0ms | GC: 0.0ms)
  Rendered ui/_field.html.erb (Duration: 0.0ms | GC: 0.0ms)
  Rendered ui/_badge.html.erb (Duration: 0.0ms | GC: 0.0ms)
  Rendered ui/_field.html.erb (Duration: 0.1ms | GC: 0.0ms)
  Rendered ui/_field.html.erb (Duration: 0.0ms | GC: 0.0ms)
  Rendered ui/_field.html.erb (Duration: 0.0ms | GC: 0.0ms)
  Rendered ui/_button.html.erb (Duration: 0.0ms | GC: 0.0ms)
  Rendered ui/_badge.html.erb (Duration: 0.0ms | GC: 0.0ms)
  Rendered ui/_button.html.erb (Duration: 0.0ms | GC: 0.0ms)
  Rendered ui/_data_table.html.erb (Duration: 0.0ms | GC: 0.0ms)
  Rendered ui/_card.html.erb (Duration: 2.8ms | GC: 1.5ms)
  Rendered ui/_location_card_lookbook.html.erb (Duration: 3.2ms | GC: 1.8ms)
  Rendered ui/_field.html.erb (Duration: 0.0ms | GC: 0.0ms)
  Rendered ui/_icon_button.html.erb (Duration: 0.0ms | GC: 0.0ms)
  Rendered ui/_badge.html.erb (Duration: 0.0ms | GC: 0.0ms)
  Rendered ui/_dropdown_menu.html.erb (Duration: 0.1ms | GC: 0.0ms)
  Rendered ui/_field.html.erb (Duration: 0.0ms | GC: 0.0ms)
  Rendered ui/_field.html.erb (Duration: 0.0ms | GC: 0.0ms)
  Rendered ui/_field.html.erb (Duration: 0.0ms | GC: 0.0ms)
  Rendered ui/_badge.html.erb (Duration: 0.0ms | GC: 0.0ms)
  Rendered ui/_field.html.erb (Duration: 0.7ms | GC: 0.5ms)
  Rendered ui/_field.html.erb (Duration: 0.0ms | GC: 0.0ms)
  Rendered ui/_field.html.erb (Duration: 0.0ms | GC: 0.0ms)
  Rendered ui/_button.html.erb (Duration: 0.0ms | GC: 0.0ms)
  Rendered ui/_badge.html.erb (Duration: 0.0ms | GC: 0.0ms)
  Rendered ui/_button.html.erb (Duration: 0.0ms | GC: 0.0ms)
  Rendered ui/_data_table.html.erb (Duration: 0.0ms | GC: 0.0ms)
  Rendered ui/_card.html.erb (Duration: 3.7ms | GC: 2.0ms)
  Rendered ui/_location_card_lookbook.html.erb (Duration: 4.1ms | GC: 2.3ms)
  Rendered ui/_base_layout.html.erb (Duration: 48.4ms | GC: 20.7ms)
  Rendered ui/previews/app_views/dashboard.html.erb (Duration: 49.7ms | GC: 21.3ms)
  Rendering html template
  Rendered html template (Duration: 0.0ms | GC: 0.0ms)
Completed 200 OK in 52ms (Views: 0.4ms | ActiveRecord: 0.0ms (0 queries, 0 cached) | GC: 21.3ms)


  Rendering layout /home/ivan/.local/share/mise/installs/ruby/3.3.7/lib/ruby/gems/3.3.0/gems/lookbook-2.3.14/app/views/layouts/lookbook/application.html.erb
  Rendering /home/ivan/.local/share/mise/installs/ruby/3.3.7/lib/ruby/gems/3.3.0/gems/lookbook-2.3.14/app/views/lookbook/inspector/show.html.erb within layouts/lookbook/application
  Rendered /home/ivan/.local/share/mise/installs/ruby/3.3.7/lib/ruby/gems/3.3.0/gems/lookbook-2.3.14/app/views/lookbook/inspector/panels/_preview.html.erb (Duration: 2.8ms | GC: 0.0ms)
  Rendered /home/ivan/.local/share/mise/installs/ruby/3.3.7/lib/ruby/gems/3.3.0/gems/lookbook-2.3.14/app/views/lookbook/inspector/panels/_output.html.erb (Duration: 274.2ms | GC: 28.3ms)
  Rendered /home/ivan/.local/share/mise/installs/ruby/3.3.7/lib/ruby/gems/3.3.0/gems/lookbook-2.3.14/app/views/lookbook/inspector/panels/_source.html.erb (Duration: 1.0ms | GC: 0.0ms)
  Rendered /home/ivan/.local/share/mise/installs/ruby/3.3.7/lib/ruby/gems/3.3.0/gems/lookbook-2.3.14/app/views/lookbook/inspector/panels/_notes.html.erb (Duration: 3.3ms | GC: 0.4ms)
  Rendered /home/ivan/.local/share/mise/installs/ruby/3.3.7/lib/ruby/gems/3.3.0/gems/lookbook-2.3.14/app/views/lookbook/inspector/panels/_params.html.erb (Duration: 1.1ms | GC: 0.3ms)
  Rendered /home/ivan/.local/share/mise/installs/ruby/3.3.7/lib/ruby/gems/3.3.0/gems/lookbook-2.3.14/app/views/lookbook/inspector/show.html.erb within layouts/lookbook/application (Duration: 363.1ms | GC: 60.5ms)
  Rendered /home/ivan/.local/share/mise/installs/ruby/3.3.7/lib/ruby/gems/3.3.0/gems/lookbook-2.3.14/app/views/lookbook/partials/_user_styles.html.erb (Duration: 0.1ms | GC: 0.0ms)
  Rendering /home/ivan/.local/share/mise/installs/ruby/3.3.7/lib/ruby/gems/3.3.0/gems/lookbook-2.3.14/app/views/layouts/lookbook/skeleton.html.erb
  Rendered /home/ivan/.local/share/mise/installs/ruby/3.3.7/lib/ruby/gems/3.3.0/gems/lookbook-2.3.14/app/views/layouts/lookbook/skeleton.html.erb (Duration: 1.5ms | GC: 0.3ms)
  Rendered layout /home/ivan/.local/share/mise/installs/ruby/3.3.7/lib/ruby/gems/3.3.0/gems/lookbook-2.3.14/app/views/layouts/lookbook/application.html.erb (Duration: 503.2ms | GC: 94.2ms)
Completed 200 OK in 565ms (Views: 506.0ms | ActiveRecord: 0.0ms (0 queries, 0 cached) | GC: 119.4ms)


Started GET "/lookbook-assets/css/lookbook.css?v=2.3.14" for 127.0.0.1 at 2026-04-24 12:42:49 -0400
Started GET "/lookbook-assets/css/themes/indigo.css?v=2.3.14" for 127.0.0.1 at 2026-04-24 12:42:49 -0400
Started GET "/lookbook-assets/js/index.js?v=2.3.14" for 127.0.0.1 at 2026-04-24 12:42:49 -0400
Started GET "/lookbook-assets/js/lookbook.js?v=2.3.14" for 127.0.0.1 at 2026-04-24 12:42:49 -0400
Started GET "/lookbook-assets/img/lucide-sprite.svg" for 127.0.0.1 at 2026-04-24 12:42:49 -0400
Started GET "/lookbook-assets/Inter-roman.var.b695afbe.woff2" for 127.0.0.1 at 2026-04-24 12:42:50 -0400
Started GET "/lookbook-assets/SourceCodeVariable-Roman.ttf.118e9f22.woff2" for 127.0.0.1 at 2026-04-24 12:42:50 -0400
Started GET "/lookbook-assets/Inter-italic.var.69eb0fe1.woff2" for 127.0.0.1 at 2026-04-24 12:42:50 -0400
Started GET "/lookbook/preview/app_views/dashboard/default?_display=%257B%257D&lookbook_timestamp=2026-04-24+12%3A42%3A49+-0400" for 127.0.0.1 at 2026-04-24 12:42:50 -0400
Processing by Lookbook::PreviewsController#show as HTML
  Parameters: {"_display"=>"%7B%7D", "lookbook_timestamp"=>"2026-04-24 12:42:49 -0400", "path"=>"app_views/dashboard/default"}
Processing by Lookbook::PreviewController#render_scenario_to_string as HTML
  Parameters: {"_display"=>"%7B%7D", "lookbook_timestamp"=>"2026-04-24 12:42:49 -0400", "path"=>"app_views/dashboard/default"}
  Rendering ui/previews/app_views/dashboard.html.erb
  Rendered ui/_sidebar_menu_item.html.erb (Duration: 0.1ms | GC: 0.0ms)
  Rendered ui/_sidebar_menu_item.html.erb (Duration: 0.1ms | GC: 0.0ms)
  Rendered ui/_sidebar_menu_item.html.erb (Duration: 0.1ms | GC: 0.0ms)
  Rendered ui/_sidebar_menu_item.html.erb (Duration: 0.1ms | GC: 0.0ms)
  Rendered ui/_sidebar_menu_item.html.erb (Duration: 0.1ms | GC: 0.0ms)
  Rendered ui/_sidebar_menu_item.html.erb (Duration: 0.1ms | GC: 0.0ms)
  Rendered ui/_sidebar_menu_item.html.erb (Duration: 0.1ms | GC: 0.0ms)
  Rendered ui/_sidebar_menu_item.html.erb (Duration: 0.1ms | GC: 0.0ms)
  Rendered ui/_sidebar_menu_item.html.erb (Duration: 0.0ms | GC: 0.0ms)
  Rendered ui/_sidebar_menu_item.html.erb (Duration: 0.0ms | GC: 0.0ms)
  Rendered ui/_sidebar_menu_item.html.erb (Duration: 0.0ms | GC: 0.0ms)
  Rendered ui/_sidebar_menu_item.html.erb (Duration: 0.0ms | GC: 0.0ms)
  Rendered ui/_sidebar_menu_item.html.erb (Duration: 0.0ms | GC: 0.0ms)
  Rendered ui/_sidebar.html.erb (Duration: 3.2ms | GC: 0.5ms)
  Rendered ui/_heading.html.erb (Duration: 0.0ms | GC: 0.0ms)
  Rendered ui/_field.html.erb (Duration: 0.0ms | GC: 0.0ms)
  Rendered ui/_icon_button.html.erb (Duration: 0.0ms | GC: 0.0ms)
  Rendered ui/_badge.html.erb (Duration: 0.0ms | GC: 0.0ms)
  Rendered ui/_dropdown_menu.html.erb (Duration: 0.1ms | GC: 0.0ms)
  Rendered ui/_field.html.erb (Duration: 0.0ms | GC: 0.0ms)
  Rendered ui/_field.html.erb (Duration: 0.0ms | GC: 0.0ms)
  Rendered ui/_field.html.erb (Duration: 0.0ms | GC: 0.0ms)
  Rendered ui/_badge.html.erb (Duration: 0.0ms | GC: 0.0ms)
  Rendered ui/_field.html.erb (Duration: 0.1ms | GC: 0.0ms)
  Rendered ui/_field.html.erb (Duration: 0.0ms | GC: 0.0ms)
  Rendered ui/_field.html.erb (Duration: 0.0ms | GC: 0.0ms)
  Rendered ui/_button.html.erb (Duration: 0.0ms | GC: 0.0ms)
  Rendered ui/_badge.html.erb (Duration: 0.0ms | GC: 0.0ms)
  Rendered ui/_button.html.erb (Duration: 0.0ms | GC: 0.0ms)
  Rendered ui/_data_table.html.erb (Duration: 0.0ms | GC: 0.0ms)
  Rendered ui/_card.html.erb (Duration: 1.3ms | GC: 0.0ms)
  Rendered ui/_location_card_lookbook.html.erb (Duration: 1.4ms | GC: 0.0ms)
  Rendered ui/_field.html.erb (Duration: 0.0ms | GC: 0.0ms)
  Rendered ui/_icon_button.html.erb (Duration: 0.0ms | GC: 0.0ms)
  Rendered ui/_badge.html.erb (Duration: 0.0ms | GC: 0.0ms)
  Rendered ui/_dropdown_menu.html.erb (Duration: 0.1ms | GC: 0.0ms)
  Rendered ui/_field.html.erb (Duration: 0.0ms | GC: 0.0ms)
  Rendered ui/_field.html.erb (Duration: 0.0ms | GC: 0.0ms)
  Rendered ui/_field.html.erb (Duration: 0.0ms | GC: 0.0ms)
  Rendered ui/_badge.html.erb (Duration: 0.0ms | GC: 0.0ms)
  Rendered ui/_field.html.erb (Duration: 0.1ms | GC: 0.0ms)
  Rendered ui/_field.html.erb (Duration: 0.0ms | GC: 0.0ms)
  Rendered ui/_field.html.erb (Duration: 0.0ms | GC: 0.0ms)
  Rendered ui/_button.html.erb (Duration: 0.0ms | GC: 0.0ms)
  Rendered ui/_badge.html.erb (Duration: 0.0ms | GC: 0.0ms)
  Rendered ui/_button.html.erb (Duration: 0.0ms | GC: 0.0ms)
  Rendered ui/_data_table.html.erb (Duration: 0.0ms | GC: 0.0ms)
  Rendered ui/_card.html.erb (Duration: 1.3ms | GC: 0.0ms)
  Rendered ui/_location_card_lookbook.html.erb (Duration: 1.4ms | GC: 0.0ms)
  Rendered ui/_field.html.erb (Duration: 0.0ms | GC: 0.0ms)
  Rendered ui/_icon_button.html.erb (Duration: 0.0ms | GC: 0.0ms)
  Rendered ui/_badge.html.erb (Duration: 0.0ms | GC: 0.0ms)
  Rendered ui/_dropdown_menu.html.erb (Duration: 0.1ms | GC: 0.0ms)
  Rendered ui/_field.html.erb (Duration: 0.0ms | GC: 0.0ms)
  Rendered ui/_field.html.erb (Duration: 0.0ms | GC: 0.0ms)
  Rendered ui/_field.html.erb (Duration: 0.0ms | GC: 0.0ms)
  Rendered ui/_badge.html.erb (Duration: 0.0ms | GC: 0.0ms)
  Rendered ui/_field.html.erb (Duration: 0.4ms | GC: 0.3ms)
  Rendered ui/_field.html.erb (Duration: 0.0ms | GC: 0.0ms)
  Rendered ui/_field.html.erb (Duration: 0.0ms | GC: 0.0ms)
  Rendered ui/_button.html.erb (Duration: 0.0ms | GC: 0.0ms)
  Rendered ui/_badge.html.erb (Duration: 0.0ms | GC: 0.0ms)
  Rendered ui/_button.html.erb (Duration: 0.0ms | GC: 0.0ms)
  Rendered ui/_data_table.html.erb (Duration: 0.0ms | GC: 0.0ms)
  Rendered ui/_card.html.erb (Duration: 1.7ms | GC: 0.3ms)
  Rendered ui/_location_card_lookbook.html.erb (Duration: 1.8ms | GC: 0.3ms)
  Rendered ui/_field.html.erb (Duration: 0.0ms | GC: 0.0ms)
  Rendered ui/_icon_button.html.erb (Duration: 0.0ms | GC: 0.0ms)
  Rendered ui/_badge.html.erb (Duration: 0.0ms | GC: 0.0ms)
  Rendered ui/_dropdown_menu.html.erb (Duration: 0.4ms | GC: 0.3ms)
  Rendered ui/_field.html.erb (Duration: 0.0ms | GC: 0.0ms)
  Rendered ui/_field.html.erb (Duration: 0.0ms | GC: 0.0ms)
  Rendered ui/_field.html.erb (Duration: 0.0ms | GC: 0.0ms)
  Rendered ui/_badge.html.erb (Duration: 0.0ms | GC: 0.0ms)
  Rendered ui/_field.html.erb (Duration: 0.1ms | GC: 0.0ms)
  Rendered ui/_field.html.erb (Duration: 0.0ms | GC: 0.0ms)
  Rendered ui/_field.html.erb (Duration: 0.0ms | GC: 0.0ms)
  Rendered ui/_button.html.erb (Duration: 0.0ms | GC: 0.0ms)
  Rendered ui/_badge.html.erb (Duration: 0.0ms | GC: 0.0ms)
  Rendered ui/_button.html.erb (Duration: 0.0ms | GC: 0.0ms)
  Rendered ui/_data_table.html.erb (Duration: 0.0ms | GC: 0.0ms)
  Rendered ui/_card.html.erb (Duration: 1.8ms | GC: 0.3ms)
  Rendered ui/_location_card_lookbook.html.erb (Duration: 1.8ms | GC: 0.3ms)
  Rendered ui/_field.html.erb (Duration: 0.0ms | GC: 0.0ms)
  Rendered ui/_icon_button.html.erb (Duration: 0.0ms | GC: 0.0ms)
  Rendered ui/_badge.html.erb (Duration: 0.0ms | GC: 0.0ms)
  Rendered ui/_dropdown_menu.html.erb (Duration: 0.1ms | GC: 0.0ms)
  Rendered ui/_field.html.erb (Duration: 0.0ms | GC: 0.0ms)
  Rendered ui/_field.html.erb (Duration: 0.0ms | GC: 0.0ms)
  Rendered ui/_field.html.erb (Duration: 0.0ms | GC: 0.0ms)
  Rendered ui/_badge.html.erb (Duration: 0.0ms | GC: 0.0ms)
  Rendered ui/_field.html.erb (Duration: 0.1ms | GC: 0.0ms)
  Rendered ui/_field.html.erb (Duration: 0.0ms | GC: 0.0ms)
  Rendered ui/_field.html.erb (Duration: 0.0ms | GC: 0.0ms)
  Rendered ui/_button.html.erb (Duration: 0.0ms | GC: 0.0ms)
  Rendered ui/_badge.html.erb (Duration: 0.0ms | GC: 0.0ms)
  Rendered ui/_button.html.erb (Duration: 0.0ms | GC: 0.0ms)
  Rendered ui/_data_table.html.erb (Duration: 0.0ms | GC: 0.0ms)
  Rendered ui/_card.html.erb (Duration: 1.5ms | GC: 0.0ms)
  Rendered ui/_location_card_lookbook.html.erb (Duration: 1.5ms | GC: 0.0ms)
  Rendered ui/_heading.html.erb (Duration: 0.0ms | GC: 0.0ms)
  Rendered ui/_field.html.erb (Duration: 0.0ms | GC: 0.0ms)
  Rendered ui/_icon_button.html.erb (Duration: 0.0ms | GC: 0.0ms)
  Rendered ui/_badge.html.erb (Duration: 0.0ms | GC: 0.0ms)
  Rendered ui/_dropdown_menu.html.erb (Duration: 0.1ms | GC: 0.0ms)
  Rendered ui/_field.html.erb (Duration: 0.0ms | GC: 0.0ms)
  Rendered ui/_field.html.erb (Duration: 0.0ms | GC: 0.0ms)
  Rendered ui/_field.html.erb (Duration: 0.0ms | GC: 0.0ms)
  Rendered ui/_badge.html.erb (Duration: 0.0ms | GC: 0.0ms)
  Rendered ui/_field.html.erb (Duration: 0.1ms | GC: 0.0ms)
  Rendered ui/_field.html.erb (Duration: 0.0ms | GC: 0.0ms)
  Rendered ui/_field.html.erb (Duration: 0.0ms | GC: 0.0ms)
  Rendered ui/_button.html.erb (Duration: 0.0ms | GC: 0.0ms)
  Rendered ui/_badge.html.erb (Duration: 0.0ms | GC: 0.0ms)
  Rendered ui/_button.html.erb (Duration: 0.0ms | GC: 0.0ms)
  Rendered ui/_data_table.html.erb (Duration: 0.0ms | GC: 0.0ms)
  Rendered ui/_card.html.erb (Duration: 1.5ms | GC: 0.0ms)
  Rendered ui/_location_card_lookbook.html.erb (Duration: 1.6ms | GC: 0.0ms)
  Rendered ui/_field.html.erb (Duration: 0.0ms | GC: 0.0ms)
  Rendered ui/_icon_button.html.erb (Duration: 0.0ms | GC: 0.0ms)
  Rendered ui/_badge.html.erb (Duration: 0.0ms | GC: 0.0ms)
  Rendered ui/_dropdown_menu.html.erb (Duration: 0.1ms | GC: 0.0ms)
  Rendered ui/_field.html.erb (Duration: 0.0ms | GC: 0.0ms)
  Rendered ui/_field.html.erb (Duration: 0.0ms | GC: 0.0ms)
  Rendered ui/_field.html.erb (Duration: 0.0ms | GC: 0.0ms)
  Rendered ui/_badge.html.erb (Duration: 0.0ms | GC: 0.0ms)
  Rendered ui/_field.html.erb (Duration: 0.1ms | GC: 0.0ms)
  Rendered ui/_field.html.erb (Duration: 0.0ms | GC: 0.0ms)
  Rendered ui/_field.html.erb (Duration: 0.0ms | GC: 0.0ms)
  Rendered ui/_button.html.erb (Duration: 0.0ms | GC: 0.0ms)
  Rendered ui/_badge.html.erb (Duration: 0.0ms | GC: 0.0ms)
  Rendered ui/_button.html.erb (Duration: 0.0ms | GC: 0.0ms)
  Rendered ui/_data_table.html.erb (Duration: 0.0ms | GC: 0.0ms)
  Rendered ui/_card.html.erb (Duration: 1.7ms | GC: 0.0ms)
  Rendered ui/_location_card_lookbook.html.erb (Duration: 1.7ms | GC: 0.0ms)
  Rendered ui/_field.html.erb (Duration: 0.0ms | GC: 0.0ms)
  Rendered ui/_icon_button.html.erb (Duration: 0.0ms | GC: 0.0ms)
  Rendered ui/_badge.html.erb (Duration: 0.0ms | GC: 0.0ms)
  Rendered ui/_dropdown_menu.html.erb (Duration: 0.1ms | GC: 0.0ms)
  Rendered ui/_field.html.erb (Duration: 0.0ms | GC: 0.0ms)
  Rendered ui/_field.html.erb (Duration: 0.0ms | GC: 0.0ms)
  Rendered ui/_field.html.erb (Duration: 0.0ms | GC: 0.0ms)
  Rendered ui/_badge.html.erb (Duration: 0.0ms | GC: 0.0ms)
  Rendered ui/_field.html.erb (Duration: 0.1ms | GC: 0.0ms)
  Rendered ui/_field.html.erb (Duration: 0.0ms | GC: 0.0ms)
  Rendered ui/_field.html.erb (Duration: 0.0ms | GC: 0.0ms)
  Rendered ui/_button.html.erb (Duration: 0.0ms | GC: 0.0ms)
  Rendered ui/_badge.html.erb (Duration: 0.0ms | GC: 0.0ms)
  Rendered ui/_button.html.erb (Duration: 0.0ms | GC: 0.0ms)
  Rendered ui/_data_table.html.erb (Duration: 0.0ms | GC: 0.0ms)
  Rendered ui/_card.html.erb (Duration: 1.8ms | GC: 0.0ms)
  Rendered ui/_location_card_lookbook.html.erb (Duration: 1.9ms | GC: 0.0ms)
  Rendered ui/_heading.html.erb (Duration: 0.0ms | GC: 0.0ms)
  Rendered ui/_field.html.erb (Duration: 0.0ms | GC: 0.0ms)
  Rendered ui/_icon_button.html.erb (Duration: 0.0ms | GC: 0.0ms)
  Rendered ui/_badge.html.erb (Duration: 0.0ms | GC: 0.0ms)
  Rendered ui/_dropdown_menu.html.erb (Duration: 0.1ms | GC: 0.0ms)
  Rendered ui/_field.html.erb (Duration: 0.0ms | GC: 0.0ms)
  Rendered ui/_field.html.erb (Duration: 0.0ms | GC: 0.0ms)
  Rendered ui/_field.html.erb (Duration: 0.0ms | GC: 0.0ms)
  Rendered ui/_badge.html.erb (Duration: 0.0ms | GC: 0.0ms)
  Rendered ui/_field.html.erb (Duration: 0.1ms | GC: 0.0ms)
  Rendered ui/_field.html.erb (Duration: 0.0ms | GC: 0.0ms)
  Rendered ui/_field.html.erb (Duration: 0.0ms | GC: 0.0ms)
  Rendered ui/_button.html.erb (Duration: 0.0ms | GC: 0.0ms)
  Rendered ui/_badge.html.erb (Duration: 0.0ms | GC: 0.0ms)
  Rendered ui/_button.html.erb (Duration: 0.0ms | GC: 0.0ms)
  Rendered ui/_data_table.html.erb (Duration: 0.0ms | GC: 0.0ms)
  Rendered ui/_card.html.erb (Duration: 2.3ms | GC: 0.4ms)
  Rendered ui/_location_card_lookbook.html.erb (Duration: 2.3ms | GC: 0.4ms)
  Rendered ui/_field.html.erb (Duration: 0.0ms | GC: 0.0ms)
  Rendered ui/_icon_button.html.erb (Duration: 0.0ms | GC: 0.0ms)
  Rendered ui/_badge.html.erb (Duration: 0.0ms | GC: 0.0ms)
  Rendered ui/_dropdown_menu.html.erb (Duration: 0.1ms | GC: 0.0ms)
  Rendered ui/_field.html.erb (Duration: 0.0ms | GC: 0.0ms)
  Rendered ui/_field.html.erb (Duration: 0.0ms | GC: 0.0ms)
  Rendered ui/_field.html.erb (Duration: 0.0ms | GC: 0.0ms)
  Rendered ui/_badge.html.erb (Duration: 0.0ms | GC: 0.0ms)
  Rendered ui/_field.html.erb (Duration: 0.1ms | GC: 0.0ms)
  Rendered ui/_field.html.erb (Duration: 0.0ms | GC: 0.0ms)
  Rendered ui/_field.html.erb (Duration: 0.0ms | GC: 0.0ms)
  Rendered ui/_button.html.erb (Duration: 0.0ms | GC: 0.0ms)
  Rendered ui/_badge.html.erb (Duration: 0.0ms | GC: 0.0ms)
  Rendered ui/_button.html.erb (Duration: 0.0ms | GC: 0.0ms)
  Rendered ui/_data_table.html.erb (Duration: 0.0ms | GC: 0.0ms)
  Rendered ui/_card.html.erb (Duration: 1.4ms | GC: 0.0ms)
  Rendered ui/_location_card_lookbook.html.erb (Duration: 1.5ms | GC: 0.0ms)
  Rendered ui/_field.html.erb (Duration: 0.0ms | GC: 0.0ms)
  Rendered ui/_icon_button.html.erb (Duration: 0.0ms | GC: 0.0ms)
  Rendered ui/_badge.html.erb (Duration: 0.0ms | GC: 0.0ms)
  Rendered ui/_dropdown_menu.html.erb (Duration: 0.1ms | GC: 0.0ms)
  Rendered ui/_field.html.erb (Duration: 0.0ms | GC: 0.0ms)
  Rendered ui/_field.html.erb (Duration: 0.0ms | GC: 0.0ms)
  Rendered ui/_field.html.erb (Duration: 0.0ms | GC: 0.0ms)
  Rendered ui/_badge.html.erb (Duration: 0.0ms | GC: 0.0ms)
  Rendered ui/_field.html.erb (Duration: 0.1ms | GC: 0.0ms)
  Rendered ui/_field.html.erb (Duration: 0.0ms | GC: 0.0ms)
  Rendered ui/_field.html.erb (Duration: 0.0ms | GC: 0.0ms)
  Rendered ui/_button.html.erb (Duration: 0.0ms | GC: 0.0ms)
  Rendered ui/_badge.html.erb (Duration: 0.0ms | GC: 0.0ms)
  Rendered ui/_button.html.erb (Duration: 0.0ms | GC: 0.0ms)
  Rendered ui/_data_table.html.erb (Duration: 0.0ms | GC: 0.0ms)
  Rendered ui/_card.html.erb (Duration: 1.4ms | GC: 0.0ms)
  Rendered ui/_location_card_lookbook.html.erb (Duration: 1.5ms | GC: 0.0ms)
  Rendered ui/_field.html.erb (Duration: 0.0ms | GC: 0.0ms)
  Rendered ui/_icon_button.html.erb (Duration: 0.0ms | GC: 0.0ms)
  Rendered ui/_badge.html.erb (Duration: 0.0ms | GC: 0.0ms)
  Rendered ui/_dropdown_menu.html.erb (Duration: 0.1ms | GC: 0.0ms)
  Rendered ui/_field.html.erb (Duration: 0.0ms | GC: 0.0ms)
  Rendered ui/_field.html.erb (Duration: 0.0ms | GC: 0.0ms)
  Rendered ui/_field.html.erb (Duration: 0.0ms | GC: 0.0ms)
  Rendered ui/_badge.html.erb (Duration: 0.0ms | GC: 0.0ms)
  Rendered ui/_field.html.erb (Duration: 0.1ms | GC: 0.0ms)
  Rendered ui/_field.html.erb (Duration: 0.0ms | GC: 0.0ms)
  Rendered ui/_field.html.erb (Duration: 0.1ms | GC: 0.1ms)
  Rendered ui/_button.html.erb (Duration: 0.0ms | GC: 0.0ms)
  Rendered ui/_badge.html.erb (Duration: 0.0ms | GC: 0.0ms)
  Rendered ui/_button.html.erb (Duration: 0.0ms | GC: 0.0ms)
  Rendered ui/_data_table.html.erb (Duration: 0.0ms | GC: 0.0ms)
  Rendered ui/_card.html.erb (Duration: 1.8ms | GC: 0.4ms)
  Rendered ui/_location_card_lookbook.html.erb (Duration: 1.9ms | GC: 0.4ms)
  Rendered ui/_base_layout.html.erb (Duration: 24.8ms | GC: 1.8ms)
  Rendered ui/previews/app_views/dashboard.html.erb (Duration: 25.0ms | GC: 1.8ms)
  Rendering html template
  Rendered html template (Duration: 0.0ms | GC: 0.0ms)
Completed 200 OK in 27ms (Views: 0.2ms | ActiveRecord: 0.0ms (0 queries, 0 cached) | GC: 1.8ms)


Processing by Lookbook::PreviewController#render_in_layout_to_string as HTML
  Parameters: {"_display"=>"%7B%7D", "lookbook_timestamp"=>"2026-04-24 12:42:49 -0400", "path"=>"app_views/dashboard/default"}
  Rendering layout layouts/lookbook.html.erb
  Rendering /home/ivan/.local/share/mise/installs/ruby/3.3.7/lib/ruby/gems/3.3.0/gems/lookbook-2.3.14/app/views/lookbook/previews/group.html.erb within layouts/lookbook
  Rendered /home/ivan/.local/share/mise/installs/ruby/3.3.7/lib/ruby/gems/3.3.0/gems/lookbook-2.3.14/app/views/lookbook/previews/group.html.erb within layouts/lookbook (Duration: 0.4ms | GC: 0.0ms)
  Rendered layout layouts/lookbook.html.erb (Duration: 2.1ms | GC: 0.1ms)
Completed 500 Internal Server Error in 3ms (Views: 0.2ms | ActiveRecord: 0.0ms (0 queries, 0 cached) | GC: 0.1ms)


rescue_from handled ActionView::Template::Error (The asset 'tailwind.css' was not found in the load path.) - /home/ivan/.local/share/mise/installs/ruby/3.3.7/lib/ruby/gems/3.3.0/gems/propshaft-1.3.2/lib/propshaft/helper.rb:50:in `compute_asset_path'
  Rendering layout /home/ivan/.local/share/mise/installs/ruby/3.3.7/lib/ruby/gems/3.3.0/gems/lookbook-2.3.14/app/views/layouts/lookbook/skeleton.html.erb
  Rendering /home/ivan/.local/share/mise/installs/ruby/3.3.7/lib/ruby/gems/3.3.0/gems/lookbook-2.3.14/app/views/lookbook/errors/default.html.erb within layouts/lookbook/skeleton
  Rendered /home/ivan/.local/share/mise/installs/ruby/3.3.7/lib/ruby/gems/3.3.0/gems/lookbook-2.3.14/app/views/lookbook/errors/default.html.erb within layouts/lookbook/skeleton (Duration: 12.5ms | GC: 1.5ms)
  Rendered layout /home/ivan/.local/share/mise/installs/ruby/3.3.7/lib/ruby/gems/3.3.0/gems/lookbook-2.3.14/app/views/layouts/lookbook/skeleton.html.erb (Duration: 13.1ms | GC: 1.5ms)
Completed 500 Internal Server Error in 46ms (Views: 13.8ms | ActiveRecord: 0.0ms (0 queries, 0 cached) | GC: 3.4ms)


Started GET "/lookbook-assets/css/lookbook.css?v=2.3.14" for 127.0.0.1 at 2026-04-24 12:42:50 -0400
Started GET "/lookbook-assets/js/index.js?v=2.3.14" for 127.0.0.1 at 2026-04-24 12:42:50 -0400
Started GET "/lookbook-assets/css/themes/indigo.css?v=2.3.14" for 127.0.0.1 at 2026-04-24 12:42:50 -0400
Started GET "/lookbook-assets/js/lookbook.js?v=2.3.14" for 127.0.0.1 at 2026-04-24 12:42:50 -0400
Started GET "/lookbook-assets/Inter-roman.var.b695afbe.woff2" for 127.0.0.1 at 2026-04-24 12:42:50 -0400
Started GET "/lookbook-assets/SourceCodeVariable-Roman.ttf.118e9f22.woff2" for 127.0.0.1 at 2026-04-24 12:42:50 -0400
Started GET "/lookbook-assets/SourceCodeVariable-Italic.ttf.09b4354a.woff2" for 127.0.0.1 at 2026-04-24 12:42:50 -0400
Started GET "/lookbook/inspect/badge/neutral" for 127.0.0.1 at 2026-04-24 12:42:52 -0400
Processing by Lookbook::InspectorController#show as */*
  Parameters: {"path"=>"badge/neutral"}
Processing by Lookbook::PreviewController#render_scenario_to_string as */*
  Parameters: {"path"=>"badge/neutral"}
  Rendering /home/ivan/.local/share/mise/installs/ruby/3.3.7/lib/ruby/gems/3.3.0/gems/lookbook-2.3.14/app/views/lookbook/previews/preview.html.erb
  Rendered ui/_badge.html.erb (Duration: 0.0ms | GC: 0.0ms)
  Rendered /home/ivan/.local/share/mise/installs/ruby/3.3.7/lib/ruby/gems/3.3.0/gems/lookbook-2.3.14/app/views/lookbook/previews/preview.html.erb (Duration: 0.5ms | GC: 0.0ms)
  Rendering html template
  Rendered html template (Duration: 0.0ms | GC: 0.0ms)
Completed 200 OK in 2ms (Views: 0.3ms | ActiveRecord: 0.0ms (0 queries, 0 cached) | GC: 0.0ms)


  Rendering layout /home/ivan/.local/share/mise/installs/ruby/3.3.7/lib/ruby/gems/3.3.0/gems/lookbook-2.3.14/app/views/layouts/lookbook/application.html.erb
  Rendering /home/ivan/.local/share/mise/installs/ruby/3.3.7/lib/ruby/gems/3.3.0/gems/lookbook-2.3.14/app/views/lookbook/inspector/show.html.erb within layouts/lookbook/application
  Rendered /home/ivan/.local/share/mise/installs/ruby/3.3.7/lib/ruby/gems/3.3.0/gems/lookbook-2.3.14/app/views/lookbook/inspector/panels/_preview.html.erb (Duration: 2.8ms | GC: 0.4ms)
  Rendered /home/ivan/.local/share/mise/installs/ruby/3.3.7/lib/ruby/gems/3.3.0/gems/lookbook-2.3.14/app/views/lookbook/inspector/panels/_output.html.erb (Duration: 3.1ms | GC: 1.9ms)
  Rendered /home/ivan/.local/share/mise/installs/ruby/3.3.7/lib/ruby/gems/3.3.0/gems/lookbook-2.3.14/app/views/lookbook/inspector/panels/_source.html.erb (Duration: 1.5ms | GC: 0.0ms)
  Rendered /home/ivan/.local/share/mise/installs/ruby/3.3.7/lib/ruby/gems/3.3.0/gems/lookbook-2.3.14/app/views/lookbook/inspector/panels/_notes.html.erb (Duration: 1.4ms | GC: 0.4ms)
  Rendered /home/ivan/.local/share/mise/installs/ruby/3.3.7/lib/ruby/gems/3.3.0/gems/lookbook-2.3.14/app/views/lookbook/inspector/inputs/_select.html.erb (Duration: 0.2ms | GC: 0.0ms)
  Rendered /home/ivan/.local/share/mise/installs/ruby/3.3.7/lib/ruby/gems/3.3.0/gems/lookbook-2.3.14/app/views/lookbook/inspector/panels/_params.html.erb (Duration: 4.6ms | GC: 0.3ms)
  Rendered /home/ivan/.local/share/mise/installs/ruby/3.3.7/lib/ruby/gems/3.3.0/gems/lookbook-2.3.14/app/views/lookbook/inspector/show.html.erb within layouts/lookbook/application (Duration: 105.3ms | GC: 58.3ms)
  Rendered layout /home/ivan/.local/share/mise/installs/ruby/3.3.7/lib/ruby/gems/3.3.0/gems/lookbook-2.3.14/app/views/layouts/lookbook/application.html.erb (Duration: 105.5ms | GC: 58.3ms)
Completed 200 OK in 111ms (Views: 106.2ms | ActiveRecord: 0.0ms (0 queries, 0 cached) | GC: 58.3ms)


Started GET "/lookbook/preview/badge/neutral?_display=%257B%257D&lookbook_timestamp=2026-04-24+12%3A42%3A52+-0400" for 127.0.0.1 at 2026-04-24 12:42:53 -0400
Processing by Lookbook::PreviewsController#show as HTML
  Parameters: {"_display"=>"%7B%7D", "lookbook_timestamp"=>"2026-04-24 12:42:52 -0400", "path"=>"badge/neutral"}
Processing by Lookbook::PreviewController#render_scenario_to_string as HTML
  Parameters: {"_display"=>"%7B%7D", "lookbook_timestamp"=>"2026-04-24 12:42:52 -0400", "path"=>"badge/neutral"}
  Rendering /home/ivan/.local/share/mise/installs/ruby/3.3.7/lib/ruby/gems/3.3.0/gems/lookbook-2.3.14/app/views/lookbook/previews/preview.html.erb
  Rendered ui/_badge.html.erb (Duration: 0.0ms | GC: 0.0ms)
  Rendered /home/ivan/.local/share/mise/installs/ruby/3.3.7/lib/ruby/gems/3.3.0/gems/lookbook-2.3.14/app/views/lookbook/previews/preview.html.erb (Duration: 0.2ms | GC: 0.0ms)
  Rendering html template
  Rendered html template (Duration: 0.0ms | GC: 0.0ms)
Completed 200 OK in 1ms (Views: 0.6ms | ActiveRecord: 0.0ms (0 queries, 0 cached) | GC: 0.0ms)


Processing by Lookbook::PreviewController#render_in_layout_to_string as HTML
  Parameters: {"_display"=>"%7B%7D", "lookbook_timestamp"=>"2026-04-24 12:42:52 -0400", "path"=>"badge/neutral"}
  Rendering layout layouts/lookbook.html.erb
  Rendering /home/ivan/.local/share/mise/installs/ruby/3.3.7/lib/ruby/gems/3.3.0/gems/lookbook-2.3.14/app/views/lookbook/previews/group.html.erb within layouts/lookbook
  Rendered /home/ivan/.local/share/mise/installs/ruby/3.3.7/lib/ruby/gems/3.3.0/gems/lookbook-2.3.14/app/views/lookbook/previews/group.html.erb within layouts/lookbook (Duration: 0.0ms | GC: 0.0ms)
  Rendered layout layouts/lookbook.html.erb (Duration: 1.6ms | GC: 0.0ms)
Completed 500 Internal Server Error in 2ms (Views: 0.6ms | ActiveRecord: 0.0ms (0 queries, 0 cached) | GC: 0.0ms)


rescue_from handled ActionView::Template::Error (The asset 'tailwind.css' was not found in the load path.) - /home/ivan/.local/share/mise/installs/ruby/3.3.7/lib/ruby/gems/3.3.0/gems/propshaft-1.3.2/lib/propshaft/helper.rb:50:in `compute_asset_path'
  Rendering layout /home/ivan/.local/share/mise/installs/ruby/3.3.7/lib/ruby/gems/3.3.0/gems/lookbook-2.3.14/app/views/layouts/lookbook/skeleton.html.erb
  Rendering /home/ivan/.local/share/mise/installs/ruby/3.3.7/lib/ruby/gems/3.3.0/gems/lookbook-2.3.14/app/views/lookbook/errors/default.html.erb within layouts/lookbook/skeleton
  Rendered /home/ivan/.local/share/mise/installs/ruby/3.3.7/lib/ruby/gems/3.3.0/gems/lookbook-2.3.14/app/views/lookbook/errors/default.html.erb within layouts/lookbook/skeleton (Duration: 10.3ms | GC: 1.3ms)
  Rendered layout /home/ivan/.local/share/mise/installs/ruby/3.3.7/lib/ruby/gems/3.3.0/gems/lookbook-2.3.14/app/views/layouts/lookbook/skeleton.html.erb (Duration: 10.7ms | GC: 1.3ms)
Completed 500 Internal Server Error in 17ms (Views: 11.6ms | ActiveRecord: 0.0ms (0 queries, 0 cached) | GC: 1.3ms)


Started GET "/lookbook-assets/css/lookbook.css?v=2.3.14" for 127.0.0.1 at 2026-04-24 12:42:53 -0400
Started GET "/lookbook-assets/css/themes/indigo.css?v=2.3.14" for 127.0.0.1 at 2026-04-24 12:42:53 -0400
Started GET "/lookbook-assets/js/index.js?v=2.3.14" for 127.0.0.1 at 2026-04-24 12:42:53 -0400
Started GET "/lookbook-assets/js/lookbook.js?v=2.3.14" for 127.0.0.1 at 2026-04-24 12:42:53 -0400
Started GET "/lookbook-assets/Inter-roman.var.b695afbe.woff2" for 127.0.0.1 at 2026-04-24 12:42:53 -0400
Started GET "/lookbook-assets/SourceCodeVariable-Roman.ttf.118e9f22.woff2" for 127.0.0.1 at 2026-04-24 12:42:53 -0400
Started GET "/lookbook-assets/SourceCodeVariable-Italic.ttf.09b4354a.woff2" for 127.0.0.1 at 2026-04-24 12:42:53 -0400
Started GET "/lookbook/inspect/badge/success" for 127.0.0.1 at 2026-04-24 12:42:54 -0400
Processing by Lookbook::InspectorController#show as */*
  Parameters: {"path"=>"badge/success"}
Processing by Lookbook::PreviewController#render_scenario_to_string as */*
  Parameters: {"path"=>"badge/success"}
  Rendering /home/ivan/.local/share/mise/installs/ruby/3.3.7/lib/ruby/gems/3.3.0/gems/lookbook-2.3.14/app/views/lookbook/previews/preview.html.erb
  Rendered ui/_badge.html.erb (Duration: 0.0ms | GC: 0.0ms)
  Rendered /home/ivan/.local/share/mise/installs/ruby/3.3.7/lib/ruby/gems/3.3.0/gems/lookbook-2.3.14/app/views/lookbook/previews/preview.html.erb (Duration: 0.1ms | GC: 0.0ms)
  Rendering html template
  Rendered html template (Duration: 0.0ms | GC: 0.0ms)
Completed 200 OK in 1ms (Views: 0.2ms | ActiveRecord: 0.0ms (0 queries, 0 cached) | GC: 0.0ms)


  Rendering layout /home/ivan/.local/share/mise/installs/ruby/3.3.7/lib/ruby/gems/3.3.0/gems/lookbook-2.3.14/app/views/layouts/lookbook/application.html.erb
  Rendering /home/ivan/.local/share/mise/installs/ruby/3.3.7/lib/ruby/gems/3.3.0/gems/lookbook-2.3.14/app/views/lookbook/inspector/show.html.erb within layouts/lookbook/application
  Rendered /home/ivan/.local/share/mise/installs/ruby/3.3.7/lib/ruby/gems/3.3.0/gems/lookbook-2.3.14/app/views/lookbook/inspector/panels/_preview.html.erb (Duration: 1.8ms | GC: 0.2ms)
  Rendered /home/ivan/.local/share/mise/installs/ruby/3.3.7/lib/ruby/gems/3.3.0/gems/lookbook-2.3.14/app/views/lookbook/inspector/panels/_output.html.erb (Duration: 0.9ms | GC: 0.0ms)
  Rendered /home/ivan/.local/share/mise/installs/ruby/3.3.7/lib/ruby/gems/3.3.0/gems/lookbook-2.3.14/app/views/lookbook/inspector/panels/_source.html.erb (Duration: 1.4ms | GC: 0.3ms)
  Rendered /home/ivan/.local/share/mise/installs/ruby/3.3.7/lib/ruby/gems/3.3.0/gems/lookbook-2.3.14/app/views/lookbook/inspector/panels/_notes.html.erb (Duration: 0.6ms | GC: 0.0ms)
  Rendered /home/ivan/.local/share/mise/installs/ruby/3.3.7/lib/ruby/gems/3.3.0/gems/lookbook-2.3.14/app/views/lookbook/inspector/inputs/_select.html.erb (Duration: 0.1ms | GC: 0.0ms)
  Rendered /home/ivan/.local/share/mise/installs/ruby/3.3.7/lib/ruby/gems/3.3.0/gems/lookbook-2.3.14/app/views/lookbook/inspector/panels/_params.html.erb (Duration: 1.7ms | GC: 0.2ms)
  Rendered /home/ivan/.local/share/mise/installs/ruby/3.3.7/lib/ruby/gems/3.3.0/gems/lookbook-2.3.14/app/views/lookbook/inspector/show.html.erb within layouts/lookbook/application (Duration: 51.5ms | GC: 12.5ms)
  Rendered layout /home/ivan/.local/share/mise/installs/ruby/3.3.7/lib/ruby/gems/3.3.0/gems/lookbook-2.3.14/app/views/layouts/lookbook/application.html.erb (Duration: 51.7ms | GC: 12.5ms)
Completed 200 OK in 54ms (Views: 51.9ms | ActiveRecord: 0.0ms (0 queries, 0 cached) | GC: 12.5ms)


Started GET "/lookbook/preview/badge/success?_display=%257B%257D&lookbook_timestamp=2026-04-24+12%3A42%3A54+-0400" for 127.0.0.1 at 2026-04-24 12:42:54 -0400
Processing by Lookbook::PreviewsController#show as HTML
  Parameters: {"_display"=>"%7B%7D", "lookbook_timestamp"=>"2026-04-24 12:42:54 -0400", "path"=>"badge/success"}
Processing by Lookbook::PreviewController#render_scenario_to_string as HTML
  Parameters: {"_display"=>"%7B%7D", "lookbook_timestamp"=>"2026-04-24 12:42:54 -0400", "path"=>"badge/success"}
  Rendering /home/ivan/.local/share/mise/installs/ruby/3.3.7/lib/ruby/gems/3.3.0/gems/lookbook-2.3.14/app/views/lookbook/previews/preview.html.erb
  Rendered ui/_badge.html.erb (Duration: 0.0ms | GC: 0.0ms)
  Rendered /home/ivan/.local/share/mise/installs/ruby/3.3.7/lib/ruby/gems/3.3.0/gems/lookbook-2.3.14/app/views/lookbook/previews/preview.html.erb (Duration: 0.3ms | GC: 0.0ms)
  Rendering html template
  Rendered html template (Duration: 0.0ms | GC: 0.0ms)
Completed 200 OK in 2ms (Views: 0.4ms | ActiveRecord: 0.0ms (0 queries, 0 cached) | GC: 0.0ms)


Processing by Lookbook::PreviewController#render_in_layout_to_string as HTML
  Parameters: {"_display"=>"%7B%7D", "lookbook_timestamp"=>"2026-04-24 12:42:54 -0400", "path"=>"badge/success"}
  Rendering layout layouts/lookbook.html.erb
  Rendering /home/ivan/.local/share/mise/installs/ruby/3.3.7/lib/ruby/gems/3.3.0/gems/lookbook-2.3.14/app/views/lookbook/previews/group.html.erb within layouts/lookbook
  Rendered /home/ivan/.local/share/mise/installs/ruby/3.3.7/lib/ruby/gems/3.3.0/gems/lookbook-2.3.14/app/views/lookbook/previews/group.html.erb within layouts/lookbook (Duration: 0.0ms | GC: 0.0ms)
  Rendered layout layouts/lookbook.html.erb (Duration: 1.6ms | GC: 0.3ms)
Completed 500 Internal Server Error in 3ms (Views: 0.4ms | ActiveRecord: 0.0ms (0 queries, 0 cached) | GC: 0.3ms)


rescue_from handled ActionView::Template::Error (The asset 'tailwind.css' was not found in the load path.) - /home/ivan/.local/share/mise/installs/ruby/3.3.7/lib/ruby/gems/3.3.0/gems/propshaft-1.3.2/lib/propshaft/helper.rb:50:in `compute_asset_path'
  Rendering layout /home/ivan/.local/share/mise/installs/ruby/3.3.7/lib/ruby/gems/3.3.0/gems/lookbook-2.3.14/app/views/layouts/lookbook/skeleton.html.erb
  Rendering /home/ivan/.local/share/mise/installs/ruby/3.3.7/lib/ruby/gems/3.3.0/gems/lookbook-2.3.14/app/views/lookbook/errors/default.html.erb within layouts/lookbook/skeleton
  Rendered /home/ivan/.local/share/mise/installs/ruby/3.3.7/lib/ruby/gems/3.3.0/gems/lookbook-2.3.14/app/views/lookbook/errors/default.html.erb within layouts/lookbook/skeleton (Duration: 13.5ms | GC: 1.3ms)
  Rendered layout /home/ivan/.local/share/mise/installs/ruby/3.3.7/lib/ruby/gems/3.3.0/gems/lookbook-2.3.14/app/views/layouts/lookbook/skeleton.html.erb (Duration: 14.4ms | GC: 1.3ms)
Completed 500 Internal Server Error in 22ms (Views: 15.1ms | ActiveRecord: 0.0ms (0 queries, 0 cached) | GC: 1.6ms)


Started GET "/lookbook-assets/css/lookbook.css?v=2.3.14" for 127.0.0.1 at 2026-04-24 12:42:54 -0400
Started GET "/lookbook-assets/css/themes/indigo.css?v=2.3.14" for 127.0.0.1 at 2026-04-24 12:42:54 -0400
Started GET "/lookbook-assets/js/index.js?v=2.3.14" for 127.0.0.1 at 2026-04-24 12:42:54 -0400
Started GET "/lookbook-assets/js/lookbook.js?v=2.3.14" for 127.0.0.1 at 2026-04-24 12:42:54 -0400
Started GET "/lookbook-assets/Inter-roman.var.b695afbe.woff2" for 127.0.0.1 at 2026-04-24 12:42:54 -0400
Started GET "/lookbook-assets/SourceCodeVariable-Roman.ttf.118e9f22.woff2" for 127.0.0.1 at 2026-04-24 12:42:54 -0400
Started GET "/lookbook-assets/SourceCodeVariable-Italic.ttf.09b4354a.woff2" for 127.0.0.1 at 2026-04-24 12:42:54 -0400
Started GET "/lookbook/inspect/badge/success" for 127.0.0.1 at 2026-04-24 12:43:10 -0400
  [1m[36mActiveRecord::SchemaMigration Load (0.2ms)[0m  [1m[34mSELECT "schema_migrations"."version" FROM "schema_migrations" ORDER BY "schema_migrations"."version" ASC /*application='ArboliticsDesignSystem'*/[0m
Processing by Lookbook::InspectorController#show as HTML
  Parameters: {"path"=>"badge/success"}
Processing by Lookbook::PreviewController#render_scenario_to_string as HTML
  Parameters: {"path"=>"badge/success"}
  Rendering /home/ivan/.local/share/mise/installs/ruby/3.3.7/lib/ruby/gems/3.3.0/gems/lookbook-2.3.14/app/views/lookbook/previews/preview.html.erb
  Rendered ui/_badge.html.erb (Duration: 0.2ms | GC: 0.0ms)
  Rendered /home/ivan/.local/share/mise/installs/ruby/3.3.7/lib/ruby/gems/3.3.0/gems/lookbook-2.3.14/app/views/lookbook/previews/preview.html.erb (Duration: 14.7ms | GC: 12.8ms)
  Rendering html template
  Rendered html template (Duration: 0.0ms | GC: 0.0ms)
Completed 200 OK in 20ms (Views: 0.5ms | ActiveRecord: 0.0ms (0 queries, 0 cached) | GC: 12.8ms)


  Rendering layout /home/ivan/.local/share/mise/installs/ruby/3.3.7/lib/ruby/gems/3.3.0/gems/lookbook-2.3.14/app/views/layouts/lookbook/application.html.erb
  Rendering /home/ivan/.local/share/mise/installs/ruby/3.3.7/lib/ruby/gems/3.3.0/gems/lookbook-2.3.14/app/views/lookbook/inspector/show.html.erb within layouts/lookbook/application
  Rendered /home/ivan/.local/share/mise/installs/ruby/3.3.7/lib/ruby/gems/3.3.0/gems/lookbook-2.3.14/app/views/lookbook/inspector/panels/_preview.html.erb (Duration: 3.1ms | GC: 0.2ms)
  Rendered /home/ivan/.local/share/mise/installs/ruby/3.3.7/lib/ruby/gems/3.3.0/gems/lookbook-2.3.14/app/views/lookbook/inspector/panels/_output.html.erb (Duration: 2.1ms | GC: 0.0ms)
  Rendered /home/ivan/.local/share/mise/installs/ruby/3.3.7/lib/ruby/gems/3.3.0/gems/lookbook-2.3.14/app/views/lookbook/inspector/panels/_source.html.erb (Duration: 6.3ms | GC: 4.1ms)
  Rendered /home/ivan/.local/share/mise/installs/ruby/3.3.7/lib/ruby/gems/3.3.0/gems/lookbook-2.3.14/app/views/lookbook/inspector/panels/_notes.html.erb (Duration: 2.4ms | GC: 0.0ms)
  Rendered /home/ivan/.local/share/mise/installs/ruby/3.3.7/lib/ruby/gems/3.3.0/gems/lookbook-2.3.14/app/views/lookbook/inspector/inputs/_select.html.erb (Duration: 0.2ms | GC: 0.0ms)
  Rendered /home/ivan/.local/share/mise/installs/ruby/3.3.7/lib/ruby/gems/3.3.0/gems/lookbook-2.3.14/app/views/lookbook/inspector/panels/_params.html.erb (Duration: 4.2ms | GC: 0.2ms)
  Rendered /home/ivan/.local/share/mise/installs/ruby/3.3.7/lib/ruby/gems/3.3.0/gems/lookbook-2.3.14/app/views/lookbook/inspector/show.html.erb within layouts/lookbook/application (Duration: 309.6ms | GC: 118.8ms)
  Rendered /home/ivan/.local/share/mise/installs/ruby/3.3.7/lib/ruby/gems/3.3.0/gems/lookbook-2.3.14/app/views/lookbook/partials/_user_styles.html.erb (Duration: 0.1ms | GC: 0.0ms)
  Rendering /home/ivan/.local/share/mise/installs/ruby/3.3.7/lib/ruby/gems/3.3.0/gems/lookbook-2.3.14/app/views/layouts/lookbook/skeleton.html.erb
  Rendered /home/ivan/.local/share/mise/installs/ruby/3.3.7/lib/ruby/gems/3.3.0/gems/lookbook-2.3.14/app/views/layouts/lookbook/skeleton.html.erb (Duration: 7.9ms | GC: 0.0ms)
  Rendered layout /home/ivan/.local/share/mise/installs/ruby/3.3.7/lib/ruby/gems/3.3.0/gems/lookbook-2.3.14/app/views/layouts/lookbook/application.html.erb (Duration: 457.2ms | GC: 150.0ms)
Completed 200 OK in 491ms (Views: 459.1ms | ActiveRecord: 0.0ms (0 queries, 0 cached) | GC: 163.4ms)


Started GET "/lookbook-assets/css/lookbook.css?v=2.3.14" for 127.0.0.1 at 2026-04-24 12:43:11 -0400
Started GET "/lookbook-assets/css/themes/indigo.css?v=2.3.14" for 127.0.0.1 at 2026-04-24 12:43:11 -0400
Started GET "/lookbook-assets/js/index.js?v=2.3.14" for 127.0.0.1 at 2026-04-24 12:43:11 -0400
Started GET "/lookbook-assets/js/lookbook.js?v=2.3.14" for 127.0.0.1 at 2026-04-24 12:43:11 -0400
Started GET "/lookbook-assets/img/lucide-sprite.svg" for 127.0.0.1 at 2026-04-24 12:43:11 -0400
Started GET "/lookbook/preview/badge/success?_display=%257B%257D&lookbook_timestamp=2026-04-24+12%3A43%3A11+-0400" for 127.0.0.1 at 2026-04-24 12:43:11 -0400
Processing by Lookbook::PreviewsController#show as HTML
  Parameters: {"_display"=>"%7B%7D", "lookbook_timestamp"=>"2026-04-24 12:43:11 -0400", "path"=>"badge/success"}
Processing by Lookbook::PreviewController#render_scenario_to_string as HTML
  Parameters: {"_display"=>"%7B%7D", "lookbook_timestamp"=>"2026-04-24 12:43:11 -0400", "path"=>"badge/success"}
  Rendering /home/ivan/.local/share/mise/installs/ruby/3.3.7/lib/ruby/gems/3.3.0/gems/lookbook-2.3.14/app/views/lookbook/previews/preview.html.erb
  Rendered ui/_badge.html.erb (Duration: 0.0ms | GC: 0.0ms)
  Rendered /home/ivan/.local/share/mise/installs/ruby/3.3.7/lib/ruby/gems/3.3.0/gems/lookbook-2.3.14/app/views/lookbook/previews/preview.html.erb (Duration: 0.2ms | GC: 0.0ms)
  Rendering html template
  Rendered html template (Duration: 0.0ms | GC: 0.0ms)
Completed 200 OK in 1ms (Views: 0.2ms | ActiveRecord: 0.0ms (0 queries, 0 cached) | GC: 0.0ms)


Processing by Lookbook::PreviewController#render_in_layout_to_string as HTML
  Parameters: {"_display"=>"%7B%7D", "lookbook_timestamp"=>"2026-04-24 12:43:11 -0400", "path"=>"badge/success"}
  Rendering layout layouts/lookbook.html.erb
  Rendering /home/ivan/.local/share/mise/installs/ruby/3.3.7/lib/ruby/gems/3.3.0/gems/lookbook-2.3.14/app/views/lookbook/previews/group.html.erb within layouts/lookbook
  Rendered /home/ivan/.local/share/mise/installs/ruby/3.3.7/lib/ruby/gems/3.3.0/gems/lookbook-2.3.14/app/views/lookbook/previews/group.html.erb within layouts/lookbook (Duration: 0.4ms | GC: 0.0ms)
  Rendered layout layouts/lookbook.html.erb (Duration: 6.9ms | GC: 0.0ms)
  Rendering html template
  Rendered html template (Duration: 0.0ms | GC: 0.0ms)
Completed 200 OK in 9ms (Views: 0.3ms | ActiveRecord: 0.0ms (0 queries, 0 cached) | GC: 0.3ms)


  Rendering /home/ivan/.local/share/mise/installs/ruby/3.3.7/lib/ruby/gems/3.3.0/gems/lookbook-2.3.14/app/views/lookbook/previews/show.html.erb
  Rendered /home/ivan/.local/share/mise/installs/ruby/3.3.7/lib/ruby/gems/3.3.0/gems/lookbook-2.3.14/app/views/lookbook/previews/show.html.erb (Duration: 0.3ms | GC: 0.0ms)
Completed 200 OK in 14ms (Views: 0.8ms | ActiveRecord: 0.0ms (0 queries, 0 cached) | GC: 0.3ms)


Started GET "/lookbook-assets/Inter-roman.var.b695afbe.woff2" for 127.0.0.1 at 2026-04-24 12:43:11 -0400
Started GET "/lookbook-assets/SourceCodeVariable-Roman.ttf.118e9f22.woff2" for 127.0.0.1 at 2026-04-24 12:43:11 -0400
Started GET "/lookbook-assets/Inter-italic.var.69eb0fe1.woff2" for 127.0.0.1 at 2026-04-24 12:43:11 -0400
Started GET "/lookbook/inspect/badge/ready" for 127.0.0.1 at 2026-04-24 12:43:13 -0400
Processing by Lookbook::InspectorController#show as */*
  Parameters: {"path"=>"badge/ready"}
Processing by Lookbook::PreviewController#render_scenario_to_string as */*
  Parameters: {"path"=>"badge/ready"}
  Rendering /home/ivan/.local/share/mise/installs/ruby/3.3.7/lib/ruby/gems/3.3.0/gems/lookbook-2.3.14/app/views/lookbook/previews/preview.html.erb
  Rendered ui/_badge.html.erb (Duration: 0.0ms | GC: 0.0ms)
  Rendered /home/ivan/.local/share/mise/installs/ruby/3.3.7/lib/ruby/gems/3.3.0/gems/lookbook-2.3.14/app/views/lookbook/previews/preview.html.erb (Duration: 0.2ms | GC: 0.0ms)
  Rendering html template
  Rendered html template (Duration: 0.0ms | GC: 0.0ms)
Completed 200 OK in 1ms (Views: 0.3ms | ActiveRecord: 0.0ms (0 queries, 0 cached) | GC: 0.0ms)


  Rendering layout /home/ivan/.local/share/mise/installs/ruby/3.3.7/lib/ruby/gems/3.3.0/gems/lookbook-2.3.14/app/views/layouts/lookbook/application.html.erb
  Rendering /home/ivan/.local/share/mise/installs/ruby/3.3.7/lib/ruby/gems/3.3.0/gems/lookbook-2.3.14/app/views/lookbook/inspector/show.html.erb within layouts/lookbook/application
  Rendered /home/ivan/.local/share/mise/installs/ruby/3.3.7/lib/ruby/gems/3.3.0/gems/lookbook-2.3.14/app/views/lookbook/inspector/panels/_preview.html.erb (Duration: 1.9ms | GC: 0.3ms)
  Rendered /home/ivan/.local/share/mise/installs/ruby/3.3.7/lib/ruby/gems/3.3.0/gems/lookbook-2.3.14/app/views/lookbook/inspector/panels/_output.html.erb (Duration: 0.9ms | GC: 0.2ms)
  Rendered /home/ivan/.local/share/mise/installs/ruby/3.3.7/lib/ruby/gems/3.3.0/gems/lookbook-2.3.14/app/views/lookbook/inspector/panels/_source.html.erb (Duration: 5.2ms | GC: 4.1ms)
  Rendered /home/ivan/.local/share/mise/installs/ruby/3.3.7/lib/ruby/gems/3.3.0/gems/lookbook-2.3.14/app/views/lookbook/inspector/panels/_notes.html.erb (Duration: 1.0ms | GC: 0.2ms)
  Rendered /home/ivan/.local/share/mise/installs/ruby/3.3.7/lib/ruby/gems/3.3.0/gems/lookbook-2.3.14/app/views/lookbook/inspector/inputs/_select.html.erb (Duration: 0.1ms | GC: 0.0ms)
  Rendered /home/ivan/.local/share/mise/installs/ruby/3.3.7/lib/ruby/gems/3.3.0/gems/lookbook-2.3.14/app/views/lookbook/inspector/panels/_params.html.erb (Duration: 2.0ms | GC: 0.2ms)
  Rendered /home/ivan/.local/share/mise/installs/ruby/3.3.7/lib/ruby/gems/3.3.0/gems/lookbook-2.3.14/app/views/lookbook/inspector/show.html.erb within layouts/lookbook/application (Duration: 53.5ms | GC: 11.0ms)
  Rendered layout /home/ivan/.local/share/mise/installs/ruby/3.3.7/lib/ruby/gems/3.3.0/gems/lookbook-2.3.14/app/views/layouts/lookbook/application.html.erb (Duration: 53.7ms | GC: 11.0ms)
Completed 200 OK in 57ms (Views: 53.9ms | ActiveRecord: 0.0ms (0 queries, 0 cached) | GC: 11.0ms)


Started GET "/lookbook/preview/badge/ready?_display=%257B%257D&lookbook_timestamp=2026-04-24+12%3A43%3A13+-0400" for 127.0.0.1 at 2026-04-24 12:43:13 -0400
Processing by Lookbook::PreviewsController#show as HTML
  Parameters: {"_display"=>"%7B%7D", "lookbook_timestamp"=>"2026-04-24 12:43:13 -0400", "path"=>"badge/ready"}
Processing by Lookbook::PreviewController#render_scenario_to_string as HTML
  Parameters: {"_display"=>"%7B%7D", "lookbook_timestamp"=>"2026-04-24 12:43:13 -0400", "path"=>"badge/ready"}
  Rendering /home/ivan/.local/share/mise/installs/ruby/3.3.7/lib/ruby/gems/3.3.0/gems/lookbook-2.3.14/app/views/lookbook/previews/preview.html.erb
  Rendered ui/_badge.html.erb (Duration: 0.0ms | GC: 0.0ms)
  Rendered /home/ivan/.local/share/mise/installs/ruby/3.3.7/lib/ruby/gems/3.3.0/gems/lookbook-2.3.14/app/views/lookbook/previews/preview.html.erb (Duration: 0.2ms | GC: 0.0ms)
  Rendering html template
  Rendered html template (Duration: 0.0ms | GC: 0.0ms)
Completed 200 OK in 1ms (Views: 0.3ms | ActiveRecord: 0.0ms (0 queries, 0 cached) | GC: 0.0ms)


Processing by Lookbook::PreviewController#render_in_layout_to_string as HTML
  Parameters: {"_display"=>"%7B%7D", "lookbook_timestamp"=>"2026-04-24 12:43:13 -0400", "path"=>"badge/ready"}
  Rendering layout layouts/lookbook.html.erb
  Rendering /home/ivan/.local/share/mise/installs/ruby/3.3.7/lib/ruby/gems/3.3.0/gems/lookbook-2.3.14/app/views/lookbook/previews/group.html.erb within layouts/lookbook
  Rendered /home/ivan/.local/share/mise/installs/ruby/3.3.7/lib/ruby/gems/3.3.0/gems/lookbook-2.3.14/app/views/lookbook/previews/group.html.erb within layouts/lookbook (Duration: 0.0ms | GC: 0.0ms)
  Rendered layout layouts/lookbook.html.erb (Duration: 0.7ms | GC: 0.0ms)
  Rendering html template
  Rendered html template (Duration: 0.0ms | GC: 0.0ms)
Completed 200 OK in 2ms (Views: 0.2ms | ActiveRecord: 0.0ms (0 queries, 0 cached) | GC: 0.0ms)


  Rendering /home/ivan/.local/share/mise/installs/ruby/3.3.7/lib/ruby/gems/3.3.0/gems/lookbook-2.3.14/app/views/lookbook/previews/show.html.erb
  Rendered /home/ivan/.local/share/mise/installs/ruby/3.3.7/lib/ruby/gems/3.3.0/gems/lookbook-2.3.14/app/views/lookbook/previews/show.html.erb (Duration: 0.0ms | GC: 0.0ms)
Completed 200 OK in 5ms (Views: 0.3ms | ActiveRecord: 0.0ms (0 queries, 0 cached) | GC: 0.2ms)


Started GET "/lookbook/inspect/badge/neutral" for 127.0.0.1 at 2026-04-24 12:43:14 -0400
Processing by Lookbook::InspectorController#show as */*
  Parameters: {"path"=>"badge/neutral"}
Processing by Lookbook::PreviewController#render_scenario_to_string as */*
  Parameters: {"path"=>"badge/neutral"}
  Rendering /home/ivan/.local/share/mise/installs/ruby/3.3.7/lib/ruby/gems/3.3.0/gems/lookbook-2.3.14/app/views/lookbook/previews/preview.html.erb
  Rendered ui/_badge.html.erb (Duration: 0.0ms | GC: 0.0ms)
  Rendered /home/ivan/.local/share/mise/installs/ruby/3.3.7/lib/ruby/gems/3.3.0/gems/lookbook-2.3.14/app/views/lookbook/previews/preview.html.erb (Duration: 0.2ms | GC: 0.0ms)
  Rendering html template
  Rendered html template (Duration: 0.0ms | GC: 0.0ms)
Completed 200 OK in 2ms (Views: 0.4ms | ActiveRecord: 0.0ms (0 queries, 0 cached) | GC: 0.0ms)


  Rendering layout /home/ivan/.local/share/mise/installs/ruby/3.3.7/lib/ruby/gems/3.3.0/gems/lookbook-2.3.14/app/views/layouts/lookbook/application.html.erb
  Rendering /home/ivan/.local/share/mise/installs/ruby/3.3.7/lib/ruby/gems/3.3.0/gems/lookbook-2.3.14/app/views/lookbook/inspector/show.html.erb within layouts/lookbook/application
  Rendered /home/ivan/.local/share/mise/installs/ruby/3.3.7/lib/ruby/gems/3.3.0/gems/lookbook-2.3.14/app/views/lookbook/inspector/panels/_preview.html.erb (Duration: 6.1ms | GC: 3.6ms)
  Rendered /home/ivan/.local/share/mise/installs/ruby/3.3.7/lib/ruby/gems/3.3.0/gems/lookbook-2.3.14/app/views/lookbook/inspector/panels/_output.html.erb (Duration: 0.9ms | GC: 0.0ms)
  Rendered /home/ivan/.local/share/mise/installs/ruby/3.3.7/lib/ruby/gems/3.3.0/gems/lookbook-2.3.14/app/views/lookbook/inspector/panels/_source.html.erb (Duration: 1.5ms | GC: 0.0ms)
  Rendered /home/ivan/.local/share/mise/installs/ruby/3.3.7/lib/ruby/gems/3.3.0/gems/lookbook-2.3.14/app/views/lookbook/inspector/panels/_notes.html.erb (Duration: 1.6ms | GC: 0.0ms)
  Rendered /home/ivan/.local/share/mise/installs/ruby/3.3.7/lib/ruby/gems/3.3.0/gems/lookbook-2.3.14/app/views/lookbook/inspector/inputs/_select.html.erb (Duration: 0.2ms | GC: 0.0ms)
  Rendered /home/ivan/.local/share/mise/installs/ruby/3.3.7/lib/ruby/gems/3.3.0/gems/lookbook-2.3.14/app/views/lookbook/inspector/panels/_params.html.erb (Duration: 3.4ms | GC: 0.0ms)
  Rendered /home/ivan/.local/share/mise/installs/ruby/3.3.7/lib/ruby/gems/3.3.0/gems/lookbook-2.3.14/app/views/lookbook/inspector/show.html.erb within layouts/lookbook/application (Duration: 55.3ms | GC: 7.5ms)
  Rendered layout /home/ivan/.local/share/mise/installs/ruby/3.3.7/lib/ruby/gems/3.3.0/gems/lookbook-2.3.14/app/views/layouts/lookbook/application.html.erb (Duration: 55.7ms | GC: 7.5ms)
Completed 200 OK in 59ms (Views: 56.1ms | ActiveRecord: 0.0ms (0 queries, 0 cached) | GC: 7.5ms)


Started GET "/lookbook/preview/badge/neutral?_display=%257B%257D&lookbook_timestamp=2026-04-24+12%3A43%3A14+-0400" for 127.0.0.1 at 2026-04-24 12:43:14 -0400
Processing by Lookbook::PreviewsController#show as HTML
  Parameters: {"_display"=>"%7B%7D", "lookbook_timestamp"=>"2026-04-24 12:43:14 -0400", "path"=>"badge/neutral"}
Processing by Lookbook::PreviewController#render_scenario_to_string as HTML
  Parameters: {"_display"=>"%7B%7D", "lookbook_timestamp"=>"2026-04-24 12:43:14 -0400", "path"=>"badge/neutral"}
  Rendering /home/ivan/.local/share/mise/installs/ruby/3.3.7/lib/ruby/gems/3.3.0/gems/lookbook-2.3.14/app/views/lookbook/previews/preview.html.erb
  Rendered ui/_badge.html.erb (Duration: 0.0ms | GC: 0.0ms)
  Rendered /home/ivan/.local/share/mise/installs/ruby/3.3.7/lib/ruby/gems/3.3.0/gems/lookbook-2.3.14/app/views/lookbook/previews/preview.html.erb (Duration: 0.1ms | GC: 0.0ms)
  Rendering html template
  Rendered html template (Duration: 0.0ms | GC: 0.0ms)
Completed 200 OK in 1ms (Views: 0.2ms | ActiveRecord: 0.0ms (0 queries, 0 cached) | GC: 0.0ms)


Processing by Lookbook::PreviewController#render_in_layout_to_string as HTML
  Parameters: {"_display"=>"%7B%7D", "lookbook_timestamp"=>"2026-04-24 12:43:14 -0400", "path"=>"badge/neutral"}
  Rendering layout layouts/lookbook.html.erb
  Rendering /home/ivan/.local/share/mise/installs/ruby/3.3.7/lib/ruby/gems/3.3.0/gems/lookbook-2.3.14/app/views/lookbook/previews/group.html.erb within layouts/lookbook
  Rendered /home/ivan/.local/share/mise/installs/ruby/3.3.7/lib/ruby/gems/3.3.0/gems/lookbook-2.3.14/app/views/lookbook/previews/group.html.erb within layouts/lookbook (Duration: 0.0ms | GC: 0.0ms)
  Rendered layout layouts/lookbook.html.erb (Duration: 0.8ms | GC: 0.0ms)
  Rendering html template
  Rendered html template (Duration: 0.0ms | GC: 0.0ms)
Completed 200 OK in 2ms (Views: 0.3ms | ActiveRecord: 0.0ms (0 queries, 0 cached) | GC: 0.0ms)


  Rendering /home/ivan/.local/share/mise/installs/ruby/3.3.7/lib/ruby/gems/3.3.0/gems/lookbook-2.3.14/app/views/lookbook/previews/show.html.erb
  Rendered /home/ivan/.local/share/mise/installs/ruby/3.3.7/lib/ruby/gems/3.3.0/gems/lookbook-2.3.14/app/views/lookbook/previews/show.html.erb (Duration: 0.0ms | GC: 0.0ms)
Completed 200 OK in 4ms (Views: 0.5ms | ActiveRecord: 0.0ms (0 queries, 0 cached) | GC: 0.0ms)


Started GET "/lookbook/inspect/badge/warning_high" for 127.0.0.1 at 2026-04-24 12:43:15 -0400
Processing by Lookbook::InspectorController#show as */*
  Parameters: {"path"=>"badge/warning_high"}
Processing by Lookbook::PreviewController#render_scenario_to_string as */*
  Parameters: {"path"=>"badge/warning_high"}
  Rendering /home/ivan/.local/share/mise/installs/ruby/3.3.7/lib/ruby/gems/3.3.0/gems/lookbook-2.3.14/app/views/lookbook/previews/preview.html.erb
  Rendered ui/_badge.html.erb (Duration: 0.0ms | GC: 0.0ms)
  Rendered /home/ivan/.local/share/mise/installs/ruby/3.3.7/lib/ruby/gems/3.3.0/gems/lookbook-2.3.14/app/views/lookbook/previews/preview.html.erb (Duration: 0.1ms | GC: 0.0ms)
  Rendering html template
  Rendered html template (Duration: 0.0ms | GC: 0.0ms)
Completed 200 OK in 1ms (Views: 0.2ms | ActiveRecord: 0.0ms (0 queries, 0 cached) | GC: 0.0ms)


  Rendering layout /home/ivan/.local/share/mise/installs/ruby/3.3.7/lib/ruby/gems/3.3.0/gems/lookbook-2.3.14/app/views/layouts/lookbook/application.html.erb
  Rendering /home/ivan/.local/share/mise/installs/ruby/3.3.7/lib/ruby/gems/3.3.0/gems/lookbook-2.3.14/app/views/lookbook/inspector/show.html.erb within layouts/lookbook/application
  Rendered /home/ivan/.local/share/mise/installs/ruby/3.3.7/lib/ruby/gems/3.3.0/gems/lookbook-2.3.14/app/views/lookbook/inspector/panels/_preview.html.erb (Duration: 2.8ms | GC: 0.0ms)
  Rendered /home/ivan/.local/share/mise/installs/ruby/3.3.7/lib/ruby/gems/3.3.0/gems/lookbook-2.3.14/app/views/lookbook/inspector/panels/_output.html.erb (Duration: 0.8ms | GC: 0.0ms)
  Rendered /home/ivan/.local/share/mise/installs/ruby/3.3.7/lib/ruby/gems/3.3.0/gems/lookbook-2.3.14/app/views/lookbook/inspector/panels/_source.html.erb (Duration: 1.6ms | GC: 0.2ms)
  Rendered /home/ivan/.local/share/mise/installs/ruby/3.3.7/lib/ruby/gems/3.3.0/gems/lookbook-2.3.14/app/views/lookbook/inspector/panels/_notes.html.erb (Duration: 1.3ms | GC: 0.0ms)
  Rendered /home/ivan/.local/share/mise/installs/ruby/3.3.7/lib/ruby/gems/3.3.0/gems/lookbook-2.3.14/app/views/lookbook/inspector/inputs/_select.html.erb (Duration: 0.1ms | GC: 0.0ms)
  Rendered /home/ivan/.local/share/mise/installs/ruby/3.3.7/lib/ruby/gems/3.3.0/gems/lookbook-2.3.14/app/views/lookbook/inspector/panels/_params.html.erb (Duration: 3.9ms | GC: 0.5ms)
  Rendered /home/ivan/.local/share/mise/installs/ruby/3.3.7/lib/ruby/gems/3.3.0/gems/lookbook-2.3.14/app/views/lookbook/inspector/show.html.erb within layouts/lookbook/application (Duration: 57.2ms | GC: 10.6ms)
  Rendered layout /home/ivan/.local/share/mise/installs/ruby/3.3.7/lib/ruby/gems/3.3.0/gems/lookbook-2.3.14/app/views/layouts/lookbook/application.html.erb (Duration: 57.5ms | GC: 10.6ms)
Completed 200 OK in 60ms (Views: 57.8ms | ActiveRecord: 0.0ms (0 queries, 0 cached) | GC: 10.6ms)


Started GET "/lookbook/preview/badge/warning_high?_display=%257B%257D&lookbook_timestamp=2026-04-24+12%3A43%3A15+-0400" for 127.0.0.1 at 2026-04-24 12:43:15 -0400
Processing by Lookbook::PreviewsController#show as HTML
  Parameters: {"_display"=>"%7B%7D", "lookbook_timestamp"=>"2026-04-24 12:43:15 -0400", "path"=>"badge/warning_high"}
Processing by Lookbook::PreviewController#render_scenario_to_string as HTML
  Parameters: {"_display"=>"%7B%7D", "lookbook_timestamp"=>"2026-04-24 12:43:15 -0400", "path"=>"badge/warning_high"}
  Rendering /home/ivan/.local/share/mise/installs/ruby/3.3.7/lib/ruby/gems/3.3.0/gems/lookbook-2.3.14/app/views/lookbook/previews/preview.html.erb
  Rendered ui/_badge.html.erb (Duration: 0.0ms | GC: 0.0ms)
  Rendered /home/ivan/.local/share/mise/installs/ruby/3.3.7/lib/ruby/gems/3.3.0/gems/lookbook-2.3.14/app/views/lookbook/previews/preview.html.erb (Duration: 0.1ms | GC: 0.0ms)
  Rendering html template
  Rendered html template (Duration: 0.0ms | GC: 0.0ms)
Completed 200 OK in 1ms (Views: 0.2ms | ActiveRecord: 0.0ms (0 queries, 0 cached) | GC: 0.0ms)


Processing by Lookbook::PreviewController#render_in_layout_to_string as HTML
  Parameters: {"_display"=>"%7B%7D", "lookbook_timestamp"=>"2026-04-24 12:43:15 -0400", "path"=>"badge/warning_high"}
  Rendering layout layouts/lookbook.html.erb
  Rendering /home/ivan/.local/share/mise/installs/ruby/3.3.7/lib/ruby/gems/3.3.0/gems/lookbook-2.3.14/app/views/lookbook/previews/group.html.erb within layouts/lookbook
  Rendered /home/ivan/.local/share/mise/installs/ruby/3.3.7/lib/ruby/gems/3.3.0/gems/lookbook-2.3.14/app/views/lookbook/previews/group.html.erb within layouts/lookbook (Duration: 0.0ms | GC: 0.0ms)
  Rendered layout layouts/lookbook.html.erb (Duration: 1.1ms | GC: 0.0ms)
  Rendering html template
  Rendered html template (Duration: 0.0ms | GC: 0.0ms)
Completed 200 OK in 2ms (Views: 0.4ms | ActiveRecord: 0.0ms (0 queries, 0 cached) | GC: 0.0ms)


  Rendering /home/ivan/.local/share/mise/installs/ruby/3.3.7/lib/ruby/gems/3.3.0/gems/lookbook-2.3.14/app/views/lookbook/previews/show.html.erb
  Rendered /home/ivan/.local/share/mise/installs/ruby/3.3.7/lib/ruby/gems/3.3.0/gems/lookbook-2.3.14/app/views/lookbook/previews/show.html.erb (Duration: 0.0ms | GC: 0.0ms)
Completed 200 OK in 6ms (Views: 0.5ms | ActiveRecord: 0.0ms (0 queries, 0 cached) | GC: 0.0ms)


Started GET "/lookbook/inspect/badge/warning_high" for 127.0.0.1 at 2026-04-24 12:43:16 -0400
Processing by Lookbook::InspectorController#show as */*
  Parameters: {"path"=>"badge/warning_high"}
Processing by Lookbook::PreviewController#render_scenario_to_string as */*
  Parameters: {"path"=>"badge/warning_high"}
  Rendering /home/ivan/.local/share/mise/installs/ruby/3.3.7/lib/ruby/gems/3.3.0/gems/lookbook-2.3.14/app/views/lookbook/previews/preview.html.erb
  Rendered ui/_badge.html.erb (Duration: 0.0ms | GC: 0.0ms)
  Rendered /home/ivan/.local/share/mise/installs/ruby/3.3.7/lib/ruby/gems/3.3.0/gems/lookbook-2.3.14/app/views/lookbook/previews/preview.html.erb (Duration: 0.1ms | GC: 0.0ms)
  Rendering html template
  Rendered html template (Duration: 0.0ms | GC: 0.0ms)
Completed 200 OK in 1ms (Views: 0.5ms | ActiveRecord: 0.0ms (0 queries, 0 cached) | GC: 0.2ms)


  Rendering layout /home/ivan/.local/share/mise/installs/ruby/3.3.7/lib/ruby/gems/3.3.0/gems/lookbook-2.3.14/app/views/layouts/lookbook/application.html.erb
  Rendering /home/ivan/.local/share/mise/installs/ruby/3.3.7/lib/ruby/gems/3.3.0/gems/lookbook-2.3.14/app/views/lookbook/inspector/show.html.erb within layouts/lookbook/application
  Rendered /home/ivan/.local/share/mise/installs/ruby/3.3.7/lib/ruby/gems/3.3.0/gems/lookbook-2.3.14/app/views/lookbook/inspector/panels/_preview.html.erb (Duration: 2.5ms | GC: 0.4ms)
  Rendered /home/ivan/.local/share/mise/installs/ruby/3.3.7/lib/ruby/gems/3.3.0/gems/lookbook-2.3.14/app/views/lookbook/inspector/panels/_output.html.erb (Duration: 1.0ms | GC: 0.2ms)
  Rendered /home/ivan/.local/share/mise/installs/ruby/3.3.7/lib/ruby/gems/3.3.0/gems/lookbook-2.3.14/app/views/lookbook/inspector/panels/_source.html.erb (Duration: 1.1ms | GC: 0.0ms)
  Rendered /home/ivan/.local/share/mise/installs/ruby/3.3.7/lib/ruby/gems/3.3.0/gems/lookbook-2.3.14/app/views/lookbook/inspector/panels/_notes.html.erb (Duration: 1.0ms | GC: 0.0ms)
  Rendered /home/ivan/.local/share/mise/installs/ruby/3.3.7/lib/ruby/gems/3.3.0/gems/lookbook-2.3.14/app/views/lookbook/inspector/inputs/_select.html.erb (Duration: 0.1ms | GC: 0.0ms)
  Rendered /home/ivan/.local/share/mise/installs/ruby/3.3.7/lib/ruby/gems/3.3.0/gems/lookbook-2.3.14/app/views/lookbook/inspector/panels/_params.html.erb (Duration: 3.3ms | GC: 1.2ms)
  Rendered /home/ivan/.local/share/mise/installs/ruby/3.3.7/lib/ruby/gems/3.3.0/gems/lookbook-2.3.14/app/views/lookbook/inspector/show.html.erb within layouts/lookbook/application (Duration: 48.5ms | GC: 6.2ms)
  Rendered layout /home/ivan/.local/share/mise/installs/ruby/3.3.7/lib/ruby/gems/3.3.0/gems/lookbook-2.3.14/app/views/layouts/lookbook/application.html.erb (Duration: 48.6ms | GC: 6.2ms)
Completed 200 OK in 51ms (Views: 48.9ms | ActiveRecord: 0.0ms (0 queries, 0 cached) | GC: 6.4ms)


Started GET "/lookbook/preview/badge/warning_high?_display=%257B%257D&lookbook_timestamp=2026-04-24+12%3A43%3A16+-0400" for 127.0.0.1 at 2026-04-24 12:43:16 -0400
Processing by Lookbook::PreviewsController#show as HTML
  Parameters: {"_display"=>"%7B%7D", "lookbook_timestamp"=>"2026-04-24 12:43:16 -0400", "path"=>"badge/warning_high"}
Processing by Lookbook::PreviewController#render_scenario_to_string as HTML
  Parameters: {"_display"=>"%7B%7D", "lookbook_timestamp"=>"2026-04-24 12:43:16 -0400", "path"=>"badge/warning_high"}
  Rendering /home/ivan/.local/share/mise/installs/ruby/3.3.7/lib/ruby/gems/3.3.0/gems/lookbook-2.3.14/app/views/lookbook/previews/preview.html.erb
  Rendered ui/_badge.html.erb (Duration: 0.1ms | GC: 0.0ms)
  Rendered /home/ivan/.local/share/mise/installs/ruby/3.3.7/lib/ruby/gems/3.3.0/gems/lookbook-2.3.14/app/views/lookbook/previews/preview.html.erb (Duration: 0.5ms | GC: 0.0ms)
  Rendering html template
  Rendered html template (Duration: 0.0ms | GC: 0.0ms)
Completed 200 OK in 3ms (Views: 0.4ms | ActiveRecord: 0.0ms (0 queries, 0 cached) | GC: 0.7ms)


Processing by Lookbook::PreviewController#render_in_layout_to_string as HTML
  Parameters: {"_display"=>"%7B%7D", "lookbook_timestamp"=>"2026-04-24 12:43:16 -0400", "path"=>"badge/warning_high"}
  Rendering layout layouts/lookbook.html.erb
  Rendering /home/ivan/.local/share/mise/installs/ruby/3.3.7/lib/ruby/gems/3.3.0/gems/lookbook-2.3.14/app/views/lookbook/previews/group.html.erb within layouts/lookbook
  Rendered /home/ivan/.local/share/mise/installs/ruby/3.3.7/lib/ruby/gems/3.3.0/gems/lookbook-2.3.14/app/views/lookbook/previews/group.html.erb within layouts/lookbook (Duration: 0.0ms | GC: 0.0ms)
  Rendered layout layouts/lookbook.html.erb (Duration: 1.3ms | GC: 0.0ms)
  Rendering html template
  Rendered html template (Duration: 0.0ms | GC: 0.0ms)
Completed 200 OK in 3ms (Views: 0.4ms | ActiveRecord: 0.0ms (0 queries, 0 cached) | GC: 0.0ms)


  Rendering /home/ivan/.local/share/mise/installs/ruby/3.3.7/lib/ruby/gems/3.3.0/gems/lookbook-2.3.14/app/views/lookbook/previews/show.html.erb
  Rendered /home/ivan/.local/share/mise/installs/ruby/3.3.7/lib/ruby/gems/3.3.0/gems/lookbook-2.3.14/app/views/lookbook/previews/show.html.erb (Duration: 0.0ms | GC: 0.0ms)
Completed 200 OK in 9ms (Views: 0.5ms | ActiveRecord: 0.0ms (0 queries, 0 cached) | GC: 0.7ms)


Started GET "/lookbook/inspect/badge/all_variants" for 127.0.0.1 at 2026-04-24 12:43:17 -0400
Processing by Lookbook::InspectorController#show as */*
  Parameters: {"path"=>"badge/all_variants"}
Processing by Lookbook::PreviewController#render_scenario_to_string as */*
  Parameters: {"path"=>"badge/all_variants"}
  Rendering /home/ivan/.local/share/mise/installs/ruby/3.3.7/lib/ruby/gems/3.3.0/gems/lookbook-2.3.14/app/views/lookbook/previews/preview.html.erb
  Rendered ui/_badge.html.erb (Duration: 0.0ms | GC: 0.0ms)
  Rendered ui/_badge.html.erb (Duration: 0.0ms | GC: 0.0ms)
  Rendered ui/_badge.html.erb (Duration: 0.0ms | GC: 0.0ms)
  Rendered ui/_badge.html.erb (Duration: 0.0ms | GC: 0.0ms)
  Rendered ui/_badge.html.erb (Duration: 0.0ms | GC: 0.0ms)
  Rendered ui/_badge.html.erb (Duration: 0.0ms | GC: 0.0ms)
  Rendered ui/_badge.html.erb (Duration: 0.0ms | GC: 0.0ms)
  Rendered ui/_badge.html.erb (Duration: 0.0ms | GC: 0.0ms)
  Rendered ui/_badge.html.erb (Duration: 0.0ms | GC: 0.0ms)
  Rendered ui/_badge.html.erb (Duration: 0.0ms | GC: 0.0ms)
  Rendered ui/_badge.html.erb (Duration: 0.0ms | GC: 0.0ms)
  Rendered ui/_badge.html.erb (Duration: 0.0ms | GC: 0.0ms)
  Rendered ui/_badge.html.erb (Duration: 0.0ms | GC: 0.0ms)
  Rendered ui/_badge.html.erb (Duration: 0.0ms | GC: 0.0ms)
  Rendered ui/_badge.html.erb (Duration: 0.0ms | GC: 0.0ms)
  Rendered ui/_badge.html.erb (Duration: 0.0ms | GC: 0.0ms)
  Rendered ui/_badge.html.erb (Duration: 0.0ms | GC: 0.0ms)
  Rendered ui/_badge.html.erb (Duration: 0.0ms | GC: 0.0ms)
  Rendered ui/_badge.html.erb (Duration: 0.0ms | GC: 0.0ms)
  Rendered ui/_badge.html.erb (Duration: 0.0ms | GC: 0.0ms)
  Rendered ui/_badge.html.erb (Duration: 0.0ms | GC: 0.0ms)
  Rendered ui/_badge.html.erb (Duration: 0.0ms | GC: 0.0ms)
  Rendered ui/_badge.html.erb (Duration: 0.0ms | GC: 0.0ms)
  Rendered ui/_badge.html.erb (Duration: 0.0ms | GC: 0.0ms)
  Rendered ui/_badge.html.erb (Duration: 0.0ms | GC: 0.0ms)
  Rendered ui/_badge.html.erb (Duration: 0.0ms | GC: 0.0ms)
  Rendered ui/_badge.html.erb (Duration: 0.0ms | GC: 0.0ms)
  Rendered ui/_badge_grid.html.erb (Duration: 2.4ms | GC: 0.0ms)
  Rendered /home/ivan/.local/share/mise/installs/ruby/3.3.7/lib/ruby/gems/3.3.0/gems/lookbook-2.3.14/app/views/lookbook/previews/preview.html.erb (Duration: 2.7ms | GC: 0.0ms)
  Rendering html template
  Rendered html template (Duration: 0.0ms | GC: 0.0ms)
Completed 200 OK in 4ms (Views: 0.6ms | ActiveRecord: 0.0ms (0 queries, 0 cached) | GC: 0.3ms)


  Rendering layout /home/ivan/.local/share/mise/installs/ruby/3.3.7/lib/ruby/gems/3.3.0/gems/lookbook-2.3.14/app/views/layouts/lookbook/application.html.erb
  Rendering /home/ivan/.local/share/mise/installs/ruby/3.3.7/lib/ruby/gems/3.3.0/gems/lookbook-2.3.14/app/views/lookbook/inspector/show.html.erb within layouts/lookbook/application
  Rendered /home/ivan/.local/share/mise/installs/ruby/3.3.7/lib/ruby/gems/3.3.0/gems/lookbook-2.3.14/app/views/lookbook/inspector/panels/_preview.html.erb (Duration: 1.5ms | GC: 0.0ms)
  Rendered /home/ivan/.local/share/mise/installs/ruby/3.3.7/lib/ruby/gems/3.3.0/gems/lookbook-2.3.14/app/views/lookbook/inspector/panels/_output.html.erb (Duration: 11.3ms | GC: 3.0ms)
  Rendered /home/ivan/.local/share/mise/installs/ruby/3.3.7/lib/ruby/gems/3.3.0/gems/lookbook-2.3.14/app/views/lookbook/inspector/panels/_source.html.erb (Duration: 1.1ms | GC: 0.2ms)
  Rendered /home/ivan/.local/share/mise/installs/ruby/3.3.7/lib/ruby/gems/3.3.0/gems/lookbook-2.3.14/app/views/lookbook/inspector/panels/_notes.html.erb (Duration: 1.7ms | GC: 0.0ms)
  Rendered /home/ivan/.local/share/mise/installs/ruby/3.3.7/lib/ruby/gems/3.3.0/gems/lookbook-2.3.14/app/views/lookbook/inspector/panels/_params.html.erb (Duration: 0.4ms | GC: 0.0ms)
  Rendered /home/ivan/.local/share/mise/installs/ruby/3.3.7/lib/ruby/gems/3.3.0/gems/lookbook-2.3.14/app/views/lookbook/inspector/show.html.erb within layouts/lookbook/application (Duration: 58.7ms | GC: 8.1ms)
  Rendered layout /home/ivan/.local/share/mise/installs/ruby/3.3.7/lib/ruby/gems/3.3.0/gems/lookbook-2.3.14/app/views/layouts/lookbook/application.html.erb (Duration: 58.9ms | GC: 8.1ms)
Completed 200 OK in 67ms (Views: 59.2ms | ActiveRecord: 0.0ms (0 queries, 0 cached) | GC: 8.6ms)


Started GET "/lookbook/preview/badge/all_variants?_display=%257B%257D&lookbook_timestamp=2026-04-24+12%3A43%3A17+-0400" for 127.0.0.1 at 2026-04-24 12:43:17 -0400
Processing by Lookbook::PreviewsController#show as HTML
  Parameters: {"_display"=>"%7B%7D", "lookbook_timestamp"=>"2026-04-24 12:43:17 -0400", "path"=>"badge/all_variants"}
Processing by Lookbook::PreviewController#render_scenario_to_string as HTML
  Parameters: {"_display"=>"%7B%7D", "lookbook_timestamp"=>"2026-04-24 12:43:17 -0400", "path"=>"badge/all_variants"}
  Rendering /home/ivan/.local/share/mise/installs/ruby/3.3.7/lib/ruby/gems/3.3.0/gems/lookbook-2.3.14/app/views/lookbook/previews/preview.html.erb
  Rendered ui/_badge.html.erb (Duration: 0.0ms | GC: 0.0ms)
  Rendered ui/_badge.html.erb (Duration: 0.0ms | GC: 0.0ms)
  Rendered ui/_badge.html.erb (Duration: 0.0ms | GC: 0.0ms)
  Rendered ui/_badge.html.erb (Duration: 0.0ms | GC: 0.0ms)
  Rendered ui/_badge.html.erb (Duration: 0.0ms | GC: 0.0ms)
  Rendered ui/_badge.html.erb (Duration: 0.0ms | GC: 0.0ms)
  Rendered ui/_badge.html.erb (Duration: 0.0ms | GC: 0.0ms)
  Rendered ui/_badge.html.erb (Duration: 0.0ms | GC: 0.0ms)
  Rendered ui/_badge.html.erb (Duration: 0.0ms | GC: 0.0ms)
  Rendered ui/_badge.html.erb (Duration: 0.0ms | GC: 0.0ms)
  Rendered ui/_badge.html.erb (Duration: 0.0ms | GC: 0.0ms)
  Rendered ui/_badge.html.erb (Duration: 0.0ms | GC: 0.0ms)
  Rendered ui/_badge.html.erb (Duration: 0.0ms | GC: 0.0ms)
  Rendered ui/_badge.html.erb (Duration: 0.0ms | GC: 0.0ms)
  Rendered ui/_badge.html.erb (Duration: 0.0ms | GC: 0.0ms)
  Rendered ui/_badge.html.erb (Duration: 0.0ms | GC: 0.0ms)
  Rendered ui/_badge.html.erb (Duration: 0.0ms | GC: 0.0ms)
  Rendered ui/_badge.html.erb (Duration: 0.0ms | GC: 0.0ms)
  Rendered ui/_badge.html.erb (Duration: 0.0ms | GC: 0.0ms)
  Rendered ui/_badge.html.erb (Duration: 0.0ms | GC: 0.0ms)
  Rendered ui/_badge.html.erb (Duration: 0.0ms | GC: 0.0ms)
  Rendered ui/_badge.html.erb (Duration: 0.0ms | GC: 0.0ms)
  Rendered ui/_badge.html.erb (Duration: 0.0ms | GC: 0.0ms)
  Rendered ui/_badge.html.erb (Duration: 0.0ms | GC: 0.0ms)
  Rendered ui/_badge.html.erb (Duration: 0.0ms | GC: 0.0ms)
  Rendered ui/_badge.html.erb (Duration: 0.0ms | GC: 0.0ms)
  Rendered ui/_badge.html.erb (Duration: 0.0ms | GC: 0.0ms)
  Rendered ui/_badge_grid.html.erb (Duration: 2.1ms | GC: 0.0ms)
  Rendered /home/ivan/.local/share/mise/installs/ruby/3.3.7/lib/ruby/gems/3.3.0/gems/lookbook-2.3.14/app/views/lookbook/previews/preview.html.erb (Duration: 2.2ms | GC: 0.0ms)
  Rendering html template
  Rendered html template (Duration: 0.0ms | GC: 0.0ms)
Completed 200 OK in 3ms (Views: 0.2ms | ActiveRecord: 0.0ms (0 queries, 0 cached) | GC: 0.0ms)


Processing by Lookbook::PreviewController#render_in_layout_to_string as HTML
  Parameters: {"_display"=>"%7B%7D", "lookbook_timestamp"=>"2026-04-24 12:43:17 -0400", "path"=>"badge/all_variants"}
  Rendering layout layouts/lookbook.html.erb
  Rendering /home/ivan/.local/share/mise/installs/ruby/3.3.7/lib/ruby/gems/3.3.0/gems/lookbook-2.3.14/app/views/lookbook/previews/group.html.erb within layouts/lookbook
  Rendered /home/ivan/.local/share/mise/installs/ruby/3.3.7/lib/ruby/gems/3.3.0/gems/lookbook-2.3.14/app/views/lookbook/previews/group.html.erb within layouts/lookbook (Duration: 0.0ms | GC: 0.0ms)
  Rendered layout layouts/lookbook.html.erb (Duration: 0.7ms | GC: 0.0ms)
  Rendering html template
  Rendered html template (Duration: 0.0ms | GC: 0.0ms)
Completed 200 OK in 1ms (Views: 0.2ms | ActiveRecord: 0.0ms (0 queries, 0 cached) | GC: 0.0ms)


  Rendering /home/ivan/.local/share/mise/installs/ruby/3.3.7/lib/ruby/gems/3.3.0/gems/lookbook-2.3.14/app/views/lookbook/previews/show.html.erb
  Rendered /home/ivan/.local/share/mise/installs/ruby/3.3.7/lib/ruby/gems/3.3.0/gems/lookbook-2.3.14/app/views/lookbook/previews/show.html.erb (Duration: 0.0ms | GC: 0.0ms)
Completed 200 OK in 6ms (Views: 0.2ms | ActiveRecord: 0.0ms (0 queries, 0 cached) | GC: 0.0ms)


Started GET "/lookbook/inspect/radio/checked" for 127.0.0.1 at 2026-04-24 12:44:07 -0400
Processing by Lookbook::InspectorController#show as */*
  Parameters: {"path"=>"radio/checked"}
Processing by Lookbook::PreviewController#render_scenario_to_string as */*
  Parameters: {"path"=>"radio/checked"}
  Rendering /home/ivan/.local/share/mise/installs/ruby/3.3.7/lib/ruby/gems/3.3.0/gems/lookbook-2.3.14/app/views/lookbook/previews/preview.html.erb
  Rendered ui/_radio.html.erb (Duration: 0.3ms | GC: 0.0ms)
  Rendered /home/ivan/.local/share/mise/installs/ruby/3.3.7/lib/ruby/gems/3.3.0/gems/lookbook-2.3.14/app/views/lookbook/previews/preview.html.erb (Duration: 0.7ms | GC: 0.0ms)
  Rendering html template
  Rendered html template (Duration: 0.0ms | GC: 0.0ms)
Completed 200 OK in 2ms (Views: 0.3ms | ActiveRecord: 0.0ms (0 queries, 0 cached) | GC: 0.0ms)


  Rendering layout /home/ivan/.local/share/mise/installs/ruby/3.3.7/lib/ruby/gems/3.3.0/gems/lookbook-2.3.14/app/views/layouts/lookbook/application.html.erb
  Rendering /home/ivan/.local/share/mise/installs/ruby/3.3.7/lib/ruby/gems/3.3.0/gems/lookbook-2.3.14/app/views/lookbook/inspector/show.html.erb within layouts/lookbook/application
  Rendered /home/ivan/.local/share/mise/installs/ruby/3.3.7/lib/ruby/gems/3.3.0/gems/lookbook-2.3.14/app/views/lookbook/inspector/panels/_preview.html.erb (Duration: 1.6ms | GC: 0.0ms)
  Rendered /home/ivan/.local/share/mise/installs/ruby/3.3.7/lib/ruby/gems/3.3.0/gems/lookbook-2.3.14/app/views/lookbook/inspector/panels/_output.html.erb (Duration: 1.7ms | GC: 0.0ms)
  Rendered /home/ivan/.local/share/mise/installs/ruby/3.3.7/lib/ruby/gems/3.3.0/gems/lookbook-2.3.14/app/views/lookbook/inspector/panels/_source.html.erb (Duration: 1.4ms | GC: 0.0ms)
  Rendered /home/ivan/.local/share/mise/installs/ruby/3.3.7/lib/ruby/gems/3.3.0/gems/lookbook-2.3.14/app/views/lookbook/inspector/panels/_notes.html.erb (Duration: 0.9ms | GC: 0.0ms)
  Rendered /home/ivan/.local/share/mise/installs/ruby/3.3.7/lib/ruby/gems/3.3.0/gems/lookbook-2.3.14/app/views/lookbook/inspector/inputs/_select.html.erb (Duration: 0.1ms | GC: 0.0ms)
  Rendered /home/ivan/.local/share/mise/installs/ruby/3.3.7/lib/ruby/gems/3.3.0/gems/lookbook-2.3.14/app/views/lookbook/inspector/panels/_params.html.erb (Duration: 2.8ms | GC: 0.0ms)
  Rendered /home/ivan/.local/share/mise/installs/ruby/3.3.7/lib/ruby/gems/3.3.0/gems/lookbook-2.3.14/app/views/lookbook/inspector/show.html.erb within layouts/lookbook/application (Duration: 53.3ms | GC: 10.4ms)
  Rendered layout /home/ivan/.local/share/mise/installs/ruby/3.3.7/lib/ruby/gems/3.3.0/gems/lookbook-2.3.14/app/views/layouts/lookbook/application.html.erb (Duration: 53.5ms | GC: 10.4ms)
Completed 200 OK in 58ms (Views: 53.8ms | ActiveRecord: 0.0ms (0 queries, 0 cached) | GC: 10.4ms)


Started GET "/lookbook/preview/radio/checked?_display=%257B%257D&lookbook_timestamp=2026-04-24+12%3A44%3A07+-0400" for 127.0.0.1 at 2026-04-24 12:44:07 -0400
Processing by Lookbook::PreviewsController#show as HTML
  Parameters: {"_display"=>"%7B%7D", "lookbook_timestamp"=>"2026-04-24 12:44:07 -0400", "path"=>"radio/checked"}
Processing by Lookbook::PreviewController#render_scenario_to_string as HTML
  Parameters: {"_display"=>"%7B%7D", "lookbook_timestamp"=>"2026-04-24 12:44:07 -0400", "path"=>"radio/checked"}
  Rendering /home/ivan/.local/share/mise/installs/ruby/3.3.7/lib/ruby/gems/3.3.0/gems/lookbook-2.3.14/app/views/lookbook/previews/preview.html.erb
  Rendered ui/_radio.html.erb (Duration: 0.1ms | GC: 0.0ms)
  Rendered /home/ivan/.local/share/mise/installs/ruby/3.3.7/lib/ruby/gems/3.3.0/gems/lookbook-2.3.14/app/views/lookbook/previews/preview.html.erb (Duration: 0.5ms | GC: 0.0ms)
  Rendering html template
  Rendered html template (Duration: 0.0ms | GC: 0.0ms)
Completed 200 OK in 2ms (Views: 0.6ms | ActiveRecord: 0.0ms (0 queries, 0 cached) | GC: 0.0ms)


Processing by Lookbook::PreviewController#render_in_layout_to_string as HTML
  Parameters: {"_display"=>"%7B%7D", "lookbook_timestamp"=>"2026-04-24 12:44:07 -0400", "path"=>"radio/checked"}
  Rendering layout layouts/lookbook.html.erb
  Rendering /home/ivan/.local/share/mise/installs/ruby/3.3.7/lib/ruby/gems/3.3.0/gems/lookbook-2.3.14/app/views/lookbook/previews/group.html.erb within layouts/lookbook
  Rendered /home/ivan/.local/share/mise/installs/ruby/3.3.7/lib/ruby/gems/3.3.0/gems/lookbook-2.3.14/app/views/lookbook/previews/group.html.erb within layouts/lookbook (Duration: 0.1ms | GC: 0.0ms)
  Rendered layout layouts/lookbook.html.erb (Duration: 1.3ms | GC: 0.0ms)
  Rendering html template
  Rendered html template (Duration: 0.0ms | GC: 0.0ms)
Completed 200 OK in 3ms (Views: 0.3ms | ActiveRecord: 0.0ms (0 queries, 0 cached) | GC: 0.0ms)


  Rendering /home/ivan/.local/share/mise/installs/ruby/3.3.7/lib/ruby/gems/3.3.0/gems/lookbook-2.3.14/app/views/lookbook/previews/show.html.erb
  Rendered /home/ivan/.local/share/mise/installs/ruby/3.3.7/lib/ruby/gems/3.3.0/gems/lookbook-2.3.14/app/views/lookbook/previews/show.html.erb (Duration: 0.0ms | GC: 0.0ms)
Completed 200 OK in 8ms (Views: 0.4ms | ActiveRecord: 0.0ms (0 queries, 0 cached) | GC: 0.0ms)


Started GET "/lookbook/inspect/radio/checked" for 127.0.0.1 at 2026-04-24 12:44:08 -0400
Processing by Lookbook::InspectorController#show as */*
  Parameters: {"path"=>"radio/checked"}
Processing by Lookbook::PreviewController#render_scenario_to_string as */*
  Parameters: {"path"=>"radio/checked"}
  Rendering /home/ivan/.local/share/mise/installs/ruby/3.3.7/lib/ruby/gems/3.3.0/gems/lookbook-2.3.14/app/views/lookbook/previews/preview.html.erb
  Rendered ui/_radio.html.erb (Duration: 0.0ms | GC: 0.0ms)
  Rendered /home/ivan/.local/share/mise/installs/ruby/3.3.7/lib/ruby/gems/3.3.0/gems/lookbook-2.3.14/app/views/lookbook/previews/preview.html.erb (Duration: 0.2ms | GC: 0.0ms)
  Rendering html template
  Rendered html template (Duration: 0.0ms | GC: 0.0ms)
Completed 200 OK in 1ms (Views: 0.3ms | ActiveRecord: 0.0ms (0 queries, 0 cached) | GC: 0.0ms)


  Rendering layout /home/ivan/.local/share/mise/installs/ruby/3.3.7/lib/ruby/gems/3.3.0/gems/lookbook-2.3.14/app/views/layouts/lookbook/application.html.erb
  Rendering /home/ivan/.local/share/mise/installs/ruby/3.3.7/lib/ruby/gems/3.3.0/gems/lookbook-2.3.14/app/views/lookbook/inspector/show.html.erb within layouts/lookbook/application
  Rendered /home/ivan/.local/share/mise/installs/ruby/3.3.7/lib/ruby/gems/3.3.0/gems/lookbook-2.3.14/app/views/lookbook/inspector/panels/_preview.html.erb (Duration: 1.4ms | GC: 0.0ms)
  Rendered /home/ivan/.local/share/mise/installs/ruby/3.3.7/lib/ruby/gems/3.3.0/gems/lookbook-2.3.14/app/views/lookbook/inspector/panels/_output.html.erb (Duration: 1.7ms | GC: 0.4ms)
  Rendered /home/ivan/.local/share/mise/installs/ruby/3.3.7/lib/ruby/gems/3.3.0/gems/lookbook-2.3.14/app/views/lookbook/inspector/panels/_source.html.erb (Duration: 1.1ms | GC: 0.0ms)
  Rendered /home/ivan/.local/share/mise/installs/ruby/3.3.7/lib/ruby/gems/3.3.0/gems/lookbook-2.3.14/app/views/lookbook/inspector/panels/_notes.html.erb (Duration: 0.8ms | GC: 0.0ms)
  Rendered /home/ivan/.local/share/mise/installs/ruby/3.3.7/lib/ruby/gems/3.3.0/gems/lookbook-2.3.14/app/views/lookbook/inspector/inputs/_select.html.erb (Duration: 0.2ms | GC: 0.0ms)
  Rendered /home/ivan/.local/share/mise/installs/ruby/3.3.7/lib/ruby/gems/3.3.0/gems/lookbook-2.3.14/app/views/lookbook/inspector/panels/_params.html.erb (Duration: 3.1ms | GC: 0.0ms)
  Rendered /home/ivan/.local/share/mise/installs/ruby/3.3.7/lib/ruby/gems/3.3.0/gems/lookbook-2.3.14/app/views/lookbook/inspector/show.html.erb within layouts/lookbook/application (Duration: 42.4ms | GC: 6.6ms)
  Rendered layout /home/ivan/.local/share/mise/installs/ruby/3.3.7/lib/ruby/gems/3.3.0/gems/lookbook-2.3.14/app/views/layouts/lookbook/application.html.erb (Duration: 42.7ms | GC: 6.6ms)
Completed 200 OK in 46ms (Views: 43.0ms | ActiveRecord: 0.0ms (0 queries, 0 cached) | GC: 6.6ms)


Started GET "/lookbook/preview/radio/checked?_display=%257B%257D&lookbook_timestamp=2026-04-24+12%3A44%3A08+-0400" for 127.0.0.1 at 2026-04-24 12:44:08 -0400
Processing by Lookbook::PreviewsController#show as HTML
  Parameters: {"_display"=>"%7B%7D", "lookbook_timestamp"=>"2026-04-24 12:44:08 -0400", "path"=>"radio/checked"}
Processing by Lookbook::PreviewController#render_scenario_to_string as HTML
  Parameters: {"_display"=>"%7B%7D", "lookbook_timestamp"=>"2026-04-24 12:44:08 -0400", "path"=>"radio/checked"}
  Rendering /home/ivan/.local/share/mise/installs/ruby/3.3.7/lib/ruby/gems/3.3.0/gems/lookbook-2.3.14/app/views/lookbook/previews/preview.html.erb
  Rendered ui/_radio.html.erb (Duration: 0.0ms | GC: 0.0ms)
  Rendered /home/ivan/.local/share/mise/installs/ruby/3.3.7/lib/ruby/gems/3.3.0/gems/lookbook-2.3.14/app/views/lookbook/previews/preview.html.erb (Duration: 0.2ms | GC: 0.0ms)
  Rendering html template
  Rendered html template (Duration: 0.0ms | GC: 0.0ms)
Completed 200 OK in 2ms (Views: 0.4ms | ActiveRecord: 0.0ms (0 queries, 0 cached) | GC: 0.0ms)


Processing by Lookbook::PreviewController#render_in_layout_to_string as HTML
  Parameters: {"_display"=>"%7B%7D", "lookbook_timestamp"=>"2026-04-24 12:44:08 -0400", "path"=>"radio/checked"}
  Rendering layout layouts/lookbook.html.erb
  Rendering /home/ivan/.local/share/mise/installs/ruby/3.3.7/lib/ruby/gems/3.3.0/gems/lookbook-2.3.14/app/views/lookbook/previews/group.html.erb within layouts/lookbook
  Rendered /home/ivan/.local/share/mise/installs/ruby/3.3.7/lib/ruby/gems/3.3.0/gems/lookbook-2.3.14/app/views/lookbook/previews/group.html.erb within layouts/lookbook (Duration: 0.0ms | GC: 0.0ms)
  Rendered layout layouts/lookbook.html.erb (Duration: 1.2ms | GC: 0.3ms)
  Rendering html template
  Rendered html template (Duration: 0.0ms | GC: 0.0ms)
Completed 200 OK in 2ms (Views: 0.3ms | ActiveRecord: 0.0ms (0 queries, 0 cached) | GC: 0.3ms)


  Rendering /home/ivan/.local/share/mise/installs/ruby/3.3.7/lib/ruby/gems/3.3.0/gems/lookbook-2.3.14/app/views/lookbook/previews/show.html.erb
  Rendered /home/ivan/.local/share/mise/installs/ruby/3.3.7/lib/ruby/gems/3.3.0/gems/lookbook-2.3.14/app/views/lookbook/previews/show.html.erb (Duration: 0.0ms | GC: 0.0ms)
Completed 200 OK in 7ms (Views: 0.3ms | ActiveRecord: 0.0ms (0 queries, 0 cached) | GC: 0.3ms)


Started GET "/lookbook/inspect/radio/checked" for 127.0.0.1 at 2026-04-24 12:44:09 -0400
Processing by Lookbook::InspectorController#show as */*
  Parameters: {"path"=>"radio/checked"}
Processing by Lookbook::PreviewController#render_scenario_to_string as */*
  Parameters: {"path"=>"radio/checked"}
  Rendering /home/ivan/.local/share/mise/installs/ruby/3.3.7/lib/ruby/gems/3.3.0/gems/lookbook-2.3.14/app/views/lookbook/previews/preview.html.erb
  Rendered ui/_radio.html.erb (Duration: 0.0ms | GC: 0.0ms)
  Rendered /home/ivan/.local/share/mise/installs/ruby/3.3.7/lib/ruby/gems/3.3.0/gems/lookbook-2.3.14/app/views/lookbook/previews/preview.html.erb (Duration: 0.2ms | GC: 0.0ms)
  Rendering html template
  Rendered html template (Duration: 0.0ms | GC: 0.0ms)
Completed 200 OK in 2ms (Views: 0.6ms | ActiveRecord: 0.0ms (0 queries, 0 cached) | GC: 0.3ms)


  Rendering layout /home/ivan/.local/share/mise/installs/ruby/3.3.7/lib/ruby/gems/3.3.0/gems/lookbook-2.3.14/app/views/layouts/lookbook/application.html.erb
  Rendering /home/ivan/.local/share/mise/installs/ruby/3.3.7/lib/ruby/gems/3.3.0/gems/lookbook-2.3.14/app/views/lookbook/inspector/show.html.erb within layouts/lookbook/application
  Rendered /home/ivan/.local/share/mise/installs/ruby/3.3.7/lib/ruby/gems/3.3.0/gems/lookbook-2.3.14/app/views/lookbook/inspector/panels/_preview.html.erb (Duration: 1.6ms | GC: 0.0ms)
  Rendered /home/ivan/.local/share/mise/installs/ruby/3.3.7/lib/ruby/gems/3.3.0/gems/lookbook-2.3.14/app/views/lookbook/inspector/panels/_output.html.erb (Duration: 2.4ms | GC: 1.3ms)
  Rendered /home/ivan/.local/share/mise/installs/ruby/3.3.7/lib/ruby/gems/3.3.0/gems/lookbook-2.3.14/app/views/lookbook/inspector/panels/_source.html.erb (Duration: 1.1ms | GC: 0.0ms)
  Rendered /home/ivan/.local/share/mise/installs/ruby/3.3.7/lib/ruby/gems/3.3.0/gems/lookbook-2.3.14/app/views/lookbook/inspector/panels/_notes.html.erb (Duration: 0.7ms | GC: 0.0ms)
  Rendered /home/ivan/.local/share/mise/installs/ruby/3.3.7/lib/ruby/gems/3.3.0/gems/lookbook-2.3.14/app/views/lookbook/inspector/inputs/_select.html.erb (Duration: 0.1ms | GC: 0.0ms)
  Rendered /home/ivan/.local/share/mise/installs/ruby/3.3.7/lib/ruby/gems/3.3.0/gems/lookbook-2.3.14/app/views/lookbook/inspector/panels/_params.html.erb (Duration: 1.6ms | GC: 0.0ms)
  Rendered /home/ivan/.local/share/mise/installs/ruby/3.3.7/lib/ruby/gems/3.3.0/gems/lookbook-2.3.14/app/views/lookbook/inspector/show.html.erb within layouts/lookbook/application (Duration: 42.8ms | GC: 5.2ms)
  Rendered layout /home/ivan/.local/share/mise/installs/ruby/3.3.7/lib/ruby/gems/3.3.0/gems/lookbook-2.3.14/app/views/layouts/lookbook/application.html.erb (Duration: 42.9ms | GC: 5.2ms)
Completed 200 OK in 47ms (Views: 43.2ms | ActiveRecord: 0.0ms (0 queries, 0 cached) | GC: 5.4ms)


Started GET "/lookbook/preview/radio/checked?_display=%257B%257D&lookbook_timestamp=2026-04-24+12%3A44%3A10+-0400" for 127.0.0.1 at 2026-04-24 12:44:10 -0400
Processing by Lookbook::PreviewsController#show as HTML
  Parameters: {"_display"=>"%7B%7D", "lookbook_timestamp"=>"2026-04-24 12:44:10 -0400", "path"=>"radio/checked"}
Processing by Lookbook::PreviewController#render_scenario_to_string as HTML
  Parameters: {"_display"=>"%7B%7D", "lookbook_timestamp"=>"2026-04-24 12:44:10 -0400", "path"=>"radio/checked"}
  Rendering /home/ivan/.local/share/mise/installs/ruby/3.3.7/lib/ruby/gems/3.3.0/gems/lookbook-2.3.14/app/views/lookbook/previews/preview.html.erb
  Rendered ui/_radio.html.erb (Duration: 0.0ms | GC: 0.0ms)
  Rendered /home/ivan/.local/share/mise/installs/ruby/3.3.7/lib/ruby/gems/3.3.0/gems/lookbook-2.3.14/app/views/lookbook/previews/preview.html.erb (Duration: 0.3ms | GC: 0.0ms)
  Rendering html template
  Rendered html template (Duration: 0.0ms | GC: 0.0ms)
Completed 200 OK in 2ms (Views: 0.3ms | ActiveRecord: 0.0ms (0 queries, 0 cached) | GC: 0.0ms)


Processing by Lookbook::PreviewController#render_in_layout_to_string as HTML
  Parameters: {"_display"=>"%7B%7D", "lookbook_timestamp"=>"2026-04-24 12:44:10 -0400", "path"=>"radio/checked"}
  Rendering layout layouts/lookbook.html.erb
  Rendering /home/ivan/.local/share/mise/installs/ruby/3.3.7/lib/ruby/gems/3.3.0/gems/lookbook-2.3.14/app/views/lookbook/previews/group.html.erb within layouts/lookbook
  Rendered /home/ivan/.local/share/mise/installs/ruby/3.3.7/lib/ruby/gems/3.3.0/gems/lookbook-2.3.14/app/views/lookbook/previews/group.html.erb within layouts/lookbook (Duration: 0.0ms | GC: 0.0ms)
  Rendered layout layouts/lookbook.html.erb (Duration: 1.2ms | GC: 0.0ms)
  Rendering html template
  Rendered html template (Duration: 0.0ms | GC: 0.0ms)
Completed 200 OK in 3ms (Views: 0.4ms | ActiveRecord: 0.0ms (0 queries, 0 cached) | GC: 0.0ms)


  Rendering /home/ivan/.local/share/mise/installs/ruby/3.3.7/lib/ruby/gems/3.3.0/gems/lookbook-2.3.14/app/views/lookbook/previews/show.html.erb
  Rendered /home/ivan/.local/share/mise/installs/ruby/3.3.7/lib/ruby/gems/3.3.0/gems/lookbook-2.3.14/app/views/lookbook/previews/show.html.erb (Duration: 0.0ms | GC: 0.0ms)
Completed 200 OK in 7ms (Views: 0.4ms | ActiveRecord: 0.0ms (0 queries, 0 cached) | GC: 0.0ms)


Started GET "/lookbook/inspect/radio/group" for 127.0.0.1 at 2026-04-24 12:44:13 -0400
Processing by Lookbook::InspectorController#show as */*
  Parameters: {"path"=>"radio/group"}
Processing by Lookbook::PreviewController#render_scenario_to_string as */*
  Parameters: {"path"=>"radio/group"}
  Rendering /home/ivan/.local/share/mise/installs/ruby/3.3.7/lib/ruby/gems/3.3.0/gems/lookbook-2.3.14/app/views/lookbook/previews/preview.html.erb
  Rendered ui/_radio.html.erb (Duration: 0.0ms | GC: 0.0ms)
  Rendered ui/_radio.html.erb (Duration: 0.0ms | GC: 0.0ms)
  Rendered ui/_radio.html.erb (Duration: 0.0ms | GC: 0.0ms)
  Rendered ui/_radio.html.erb (Duration: 0.0ms | GC: 0.0ms)
  Rendered ui/_radio_group.html.erb (Duration: 0.6ms | GC: 0.0ms)
  Rendered /home/ivan/.local/share/mise/installs/ruby/3.3.7/lib/ruby/gems/3.3.0/gems/lookbook-2.3.14/app/views/lookbook/previews/preview.html.erb (Duration: 0.9ms | GC: 0.0ms)
  Rendering html template
  Rendered html template (Duration: 0.0ms | GC: 0.0ms)
Completed 200 OK in 2ms (Views: 0.3ms | ActiveRecord: 0.0ms (0 queries, 0 cached) | GC: 0.0ms)


  Rendering layout /home/ivan/.local/share/mise/installs/ruby/3.3.7/lib/ruby/gems/3.3.0/gems/lookbook-2.3.14/app/views/layouts/lookbook/application.html.erb
  Rendering /home/ivan/.local/share/mise/installs/ruby/3.3.7/lib/ruby/gems/3.3.0/gems/lookbook-2.3.14/app/views/lookbook/inspector/show.html.erb within layouts/lookbook/application
  Rendered /home/ivan/.local/share/mise/installs/ruby/3.3.7/lib/ruby/gems/3.3.0/gems/lookbook-2.3.14/app/views/lookbook/inspector/panels/_preview.html.erb (Duration: 2.2ms | GC: 0.4ms)
  Rendered /home/ivan/.local/share/mise/installs/ruby/3.3.7/lib/ruby/gems/3.3.0/gems/lookbook-2.3.14/app/views/lookbook/inspector/panels/_output.html.erb (Duration: 2.0ms | GC: 0.0ms)
  Rendered /home/ivan/.local/share/mise/installs/ruby/3.3.7/lib/ruby/gems/3.3.0/gems/lookbook-2.3.14/app/views/lookbook/inspector/panels/_source.html.erb (Duration: 1.1ms | GC: 0.2ms)
  Rendered /home/ivan/.local/share/mise/installs/ruby/3.3.7/lib/ruby/gems/3.3.0/gems/lookbook-2.3.14/app/views/lookbook/inspector/panels/_notes.html.erb (Duration: 0.9ms | GC: 0.0ms)
  Rendered /home/ivan/.local/share/mise/installs/ruby/3.3.7/lib/ruby/gems/3.3.0/gems/lookbook-2.3.14/app/views/lookbook/inspector/panels/_params.html.erb (Duration: 0.5ms | GC: 0.0ms)
  Rendered /home/ivan/.local/share/mise/installs/ruby/3.3.7/lib/ruby/gems/3.3.0/gems/lookbook-2.3.14/app/views/lookbook/inspector/show.html.erb within layouts/lookbook/application (Duration: 57.6ms | GC: 11.6ms)
  Rendered layout /home/ivan/.local/share/mise/installs/ruby/3.3.7/lib/ruby/gems/3.3.0/gems/lookbook-2.3.14/app/views/layouts/lookbook/application.html.erb (Duration: 57.8ms | GC: 11.6ms)
Completed 200 OK in 62ms (Views: 58.1ms | ActiveRecord: 0.0ms (0 queries, 0 cached) | GC: 11.6ms)


Started GET "/lookbook/preview/radio/group?_display=%257B%257D&lookbook_timestamp=2026-04-24+12%3A44%3A13+-0400" for 127.0.0.1 at 2026-04-24 12:44:13 -0400
Processing by Lookbook::PreviewsController#show as HTML
  Parameters: {"_display"=>"%7B%7D", "lookbook_timestamp"=>"2026-04-24 12:44:13 -0400", "path"=>"radio/group"}
Processing by Lookbook::PreviewController#render_scenario_to_string as HTML
  Parameters: {"_display"=>"%7B%7D", "lookbook_timestamp"=>"2026-04-24 12:44:13 -0400", "path"=>"radio/group"}
  Rendering /home/ivan/.local/share/mise/installs/ruby/3.3.7/lib/ruby/gems/3.3.0/gems/lookbook-2.3.14/app/views/lookbook/previews/preview.html.erb
  Rendered ui/_radio.html.erb (Duration: 0.0ms | GC: 0.0ms)
  Rendered ui/_radio.html.erb (Duration: 0.0ms | GC: 0.0ms)
  Rendered ui/_radio.html.erb (Duration: 0.0ms | GC: 0.0ms)
  Rendered ui/_radio.html.erb (Duration: 0.0ms | GC: 0.0ms)
  Rendered ui/_radio_group.html.erb (Duration: 0.5ms | GC: 0.0ms)
  Rendered /home/ivan/.local/share/mise/installs/ruby/3.3.7/lib/ruby/gems/3.3.0/gems/lookbook-2.3.14/app/views/lookbook/previews/preview.html.erb (Duration: 0.6ms | GC: 0.0ms)
  Rendering html template
  Rendered html template (Duration: 0.0ms | GC: 0.0ms)
Completed 200 OK in 2ms (Views: 0.3ms | ActiveRecord: 0.0ms (0 queries, 0 cached) | GC: 0.0ms)


Processing by Lookbook::PreviewController#render_in_layout_to_string as HTML
  Parameters: {"_display"=>"%7B%7D", "lookbook_timestamp"=>"2026-04-24 12:44:13 -0400", "path"=>"radio/group"}
  Rendering layout layouts/lookbook.html.erb
  Rendering /home/ivan/.local/share/mise/installs/ruby/3.3.7/lib/ruby/gems/3.3.0/gems/lookbook-2.3.14/app/views/lookbook/previews/group.html.erb within layouts/lookbook
  Rendered /home/ivan/.local/share/mise/installs/ruby/3.3.7/lib/ruby/gems/3.3.0/gems/lookbook-2.3.14/app/views/lookbook/previews/group.html.erb within layouts/lookbook (Duration: 0.0ms | GC: 0.0ms)
  Rendered layout layouts/lookbook.html.erb (Duration: 1.2ms | GC: 0.0ms)
  Rendering html template
  Rendered html template (Duration: 0.0ms | GC: 0.0ms)
Completed 200 OK in 2ms (Views: 0.3ms | ActiveRecord: 0.0ms (0 queries, 0 cached) | GC: 0.0ms)


  Rendering /home/ivan/.local/share/mise/installs/ruby/3.3.7/lib/ruby/gems/3.3.0/gems/lookbook-2.3.14/app/views/lookbook/previews/show.html.erb
  Rendered /home/ivan/.local/share/mise/installs/ruby/3.3.7/lib/ruby/gems/3.3.0/gems/lookbook-2.3.14/app/views/lookbook/previews/show.html.erb (Duration: 0.0ms | GC: 0.0ms)
Completed 200 OK in 5ms (Views: 0.3ms | ActiveRecord: 0.0ms (0 queries, 0 cached) | GC: 0.0ms)


Started GET "/lookbook/inspect/app_views/dashboard/default" for 127.0.0.1 at 2026-04-24 12:44:21 -0400
Processing by Lookbook::InspectorController#show as */*
  Parameters: {"path"=>"app_views/dashboard/default"}
Processing by Lookbook::PreviewController#render_scenario_to_string as */*
  Parameters: {"path"=>"app_views/dashboard/default"}
  Rendering ui/previews/app_views/dashboard.html.erb
  Rendered ui/_sidebar_menu_item.html.erb (Duration: 0.4ms | GC: 0.0ms)
  Rendered ui/_sidebar_menu_item.html.erb (Duration: 0.1ms | GC: 0.0ms)
  Rendered ui/_sidebar_menu_item.html.erb (Duration: 0.4ms | GC: 0.0ms)
  Rendered ui/_sidebar_menu_item.html.erb (Duration: 0.0ms | GC: 0.0ms)
  Rendered ui/_sidebar_menu_item.html.erb (Duration: 0.0ms | GC: 0.0ms)
  Rendered ui/_sidebar_menu_item.html.erb (Duration: 0.0ms | GC: 0.0ms)
  Rendered ui/_sidebar_menu_item.html.erb (Duration: 0.0ms | GC: 0.0ms)
  Rendered ui/_sidebar_menu_item.html.erb (Duration: 0.1ms | GC: 0.0ms)
  Rendered ui/_sidebar_menu_item.html.erb (Duration: 0.1ms | GC: 0.0ms)
  Rendered ui/_sidebar_menu_item.html.erb (Duration: 0.0ms | GC: 0.0ms)
  Rendered ui/_sidebar_menu_item.html.erb (Duration: 0.1ms | GC: 0.0ms)
  Rendered ui/_sidebar_menu_item.html.erb (Duration: 0.0ms | GC: 0.0ms)
  Rendered ui/_sidebar_menu_item.html.erb (Duration: 0.1ms | GC: 0.0ms)
  Rendered ui/_sidebar.html.erb (Duration: 8.3ms | GC: 1.0ms)
  Rendered ui/_heading.html.erb (Duration: 0.3ms | GC: 0.0ms)
  Rendered ui/_field.html.erb (Duration: 0.3ms | GC: 0.0ms)
  Rendered ui/_icon_button.html.erb (Duration: 0.3ms | GC: 0.0ms)
  Rendered ui/_badge.html.erb (Duration: 0.0ms | GC: 0.0ms)
  Rendered ui/_dropdown_menu.html.erb (Duration: 0.4ms | GC: 0.0ms)
  Rendered ui/_field.html.erb (Duration: 0.0ms | GC: 0.0ms)
  Rendered ui/_field.html.erb (Duration: 0.0ms | GC: 0.0ms)
  Rendered ui/_field.html.erb (Duration: 0.0ms | GC: 0.0ms)
  Rendered ui/_badge.html.erb (Duration: 0.0ms | GC: 0.0ms)
  Rendered ui/_field.html.erb (Duration: 0.1ms | GC: 0.0ms)
  Rendered ui/_field.html.erb (Duration: 0.0ms | GC: 0.0ms)
  Rendered ui/_field.html.erb (Duration: 0.0ms | GC: 0.0ms)
  Rendered ui/_button.html.erb (Duration: 0.2ms | GC: 0.0ms)
  Rendered ui/_badge.html.erb (Duration: 0.0ms | GC: 0.0ms)
  Rendered ui/_button.html.erb (Duration: 0.0ms | GC: 0.0ms)
  Rendered ui/_data_table.html.erb (Duration: 0.5ms | GC: 0.0ms)
  Rendered ui/_card.html.erb (Duration: 4.7ms | GC: 0.0ms)
  Rendered ui/_location_card_lookbook.html.erb (Duration: 6.3ms | GC: 0.0ms)
  Rendered ui/_field.html.erb (Duration: 0.0ms | GC: 0.0ms)
  Rendered ui/_icon_button.html.erb (Duration: 0.0ms | GC: 0.0ms)
  Rendered ui/_badge.html.erb (Duration: 0.0ms | GC: 0.0ms)
  Rendered ui/_dropdown_menu.html.erb (Duration: 0.2ms | GC: 0.0ms)
  Rendered ui/_field.html.erb (Duration: 0.0ms | GC: 0.0ms)
  Rendered ui/_field.html.erb (Duration: 0.0ms | GC: 0.0ms)
  Rendered ui/_field.html.erb (Duration: 0.0ms | GC: 0.0ms)
  Rendered ui/_badge.html.erb (Duration: 0.0ms | GC: 0.0ms)
  Rendered ui/_field.html.erb (Duration: 0.2ms | GC: 0.0ms)
  Rendered ui/_field.html.erb (Duration: 0.0ms | GC: 0.0ms)
  Rendered ui/_field.html.erb (Duration: 0.0ms | GC: 0.0ms)
  Rendered ui/_button.html.erb (Duration: 0.0ms | GC: 0.0ms)
  Rendered ui/_badge.html.erb (Duration: 0.0ms | GC: 0.0ms)
  Rendered ui/_button.html.erb (Duration: 0.1ms | GC: 0.0ms)
  Rendered ui/_data_table.html.erb (Duration: 0.0ms | GC: 0.0ms)
  Rendered ui/_card.html.erb (Duration: 2.5ms | GC: 0.0ms)
  Rendered ui/_location_card_lookbook.html.erb (Duration: 2.6ms | GC: 0.0ms)
  Rendered ui/_field.html.erb (Duration: 0.0ms | GC: 0.0ms)
  Rendered ui/_icon_button.html.erb (Duration: 0.0ms | GC: 0.0ms)
  Rendered ui/_badge.html.erb (Duration: 0.0ms | GC: 0.0ms)
  Rendered ui/_dropdown_menu.html.erb (Duration: 0.2ms | GC: 0.0ms)
  Rendered ui/_field.html.erb (Duration: 0.0ms | GC: 0.0ms)
  Rendered ui/_field.html.erb (Duration: 0.0ms | GC: 0.0ms)
  Rendered ui/_field.html.erb (Duration: 0.0ms | GC: 0.0ms)
  Rendered ui/_badge.html.erb (Duration: 0.0ms | GC: 0.0ms)
  Rendered ui/_field.html.erb (Duration: 0.1ms | GC: 0.0ms)
  Rendered ui/_field.html.erb (Duration: 0.0ms | GC: 0.0ms)
  Rendered ui/_field.html.erb (Duration: 0.0ms | GC: 0.0ms)
  Rendered ui/_button.html.erb (Duration: 0.0ms | GC: 0.0ms)
  Rendered ui/_badge.html.erb (Duration: 0.0ms | GC: 0.0ms)
  Rendered ui/_button.html.erb (Duration: 0.0ms | GC: 0.0ms)
  Rendered ui/_data_table.html.erb (Duration: 0.0ms | GC: 0.0ms)
  Rendered ui/_card.html.erb (Duration: 2.2ms | GC: 0.0ms)
  Rendered ui/_location_card_lookbook.html.erb (Duration: 2.3ms | GC: 0.0ms)
  Rendered ui/_field.html.erb (Duration: 0.0ms | GC: 0.0ms)
  Rendered ui/_icon_button.html.erb (Duration: 0.0ms | GC: 0.0ms)
  Rendered ui/_badge.html.erb (Duration: 0.0ms | GC: 0.0ms)
  Rendered ui/_dropdown_menu.html.erb (Duration: 0.2ms | GC: 0.0ms)
  Rendered ui/_field.html.erb (Duration: 0.0ms | GC: 0.0ms)
  Rendered ui/_field.html.erb (Duration: 0.0ms | GC: 0.0ms)
  Rendered ui/_field.html.erb (Duration: 0.0ms | GC: 0.0ms)
  Rendered ui/_badge.html.erb (Duration: 0.0ms | GC: 0.0ms)
  Rendered ui/_field.html.erb (Duration: 0.1ms | GC: 0.0ms)
  Rendered ui/_field.html.erb (Duration: 0.0ms | GC: 0.0ms)
  Rendered ui/_field.html.erb (Duration: 0.0ms | GC: 0.0ms)
  Rendered ui/_button.html.erb (Duration: 0.0ms | GC: 0.0ms)
  Rendered ui/_badge.html.erb (Duration: 0.0ms | GC: 0.0ms)
  Rendered ui/_button.html.erb (Duration: 0.0ms | GC: 0.0ms)
  Rendered ui/_data_table.html.erb (Duration: 0.0ms | GC: 0.0ms)
  Rendered ui/_card.html.erb (Duration: 1.9ms | GC: 0.0ms)
  Rendered ui/_location_card_lookbook.html.erb (Duration: 2.0ms | GC: 0.0ms)
  Rendered ui/_field.html.erb (Duration: 0.0ms | GC: 0.0ms)
  Rendered ui/_icon_button.html.erb (Duration: 0.0ms | GC: 0.0ms)
  Rendered ui/_badge.html.erb (Duration: 0.0ms | GC: 0.0ms)
  Rendered ui/_dropdown_menu.html.erb (Duration: 0.2ms | GC: 0.0ms)
  Rendered ui/_field.html.erb (Duration: 0.0ms | GC: 0.0ms)
  Rendered ui/_field.html.erb (Duration: 0.0ms | GC: 0.0ms)
  Rendered ui/_field.html.erb (Duration: 0.0ms | GC: 0.0ms)
  Rendered ui/_badge.html.erb (Duration: 0.0ms | GC: 0.0ms)
  Rendered ui/_field.html.erb (Duration: 0.1ms | GC: 0.0ms)
  Rendered ui/_field.html.erb (Duration: 0.0ms | GC: 0.0ms)
  Rendered ui/_field.html.erb (Duration: 0.0ms | GC: 0.0ms)
  Rendered ui/_button.html.erb (Duration: 0.0ms | GC: 0.0ms)
  Rendered ui/_badge.html.erb (Duration: 0.0ms | GC: 0.0ms)
  Rendered ui/_button.html.erb (Duration: 0.0ms | GC: 0.0ms)
  Rendered ui/_data_table.html.erb (Duration: 0.0ms | GC: 0.0ms)
  Rendered ui/_card.html.erb (Duration: 1.9ms | GC: 0.0ms)
  Rendered ui/_location_card_lookbook.html.erb (Duration: 2.0ms | GC: 0.0ms)
  Rendered ui/_heading.html.erb (Duration: 0.0ms | GC: 0.0ms)
  Rendered ui/_field.html.erb (Duration: 0.0ms | GC: 0.0ms)
  Rendered ui/_icon_button.html.erb (Duration: 0.0ms | GC: 0.0ms)
  Rendered ui/_badge.html.erb (Duration: 0.0ms | GC: 0.0ms)
  Rendered ui/_dropdown_menu.html.erb (Duration: 0.1ms | GC: 0.0ms)
  Rendered ui/_field.html.erb (Duration: 0.0ms | GC: 0.0ms)
  Rendered ui/_field.html.erb (Duration: 0.0ms | GC: 0.0ms)
  Rendered ui/_field.html.erb (Duration: 0.0ms | GC: 0.0ms)
  Rendered ui/_badge.html.erb (Duration: 0.0ms | GC: 0.0ms)
  Rendered ui/_field.html.erb (Duration: 0.1ms | GC: 0.0ms)
  Rendered ui/_field.html.erb (Duration: 0.0ms | GC: 0.0ms)
  Rendered ui/_field.html.erb (Duration: 0.0ms | GC: 0.0ms)
  Rendered ui/_button.html.erb (Duration: 0.0ms | GC: 0.0ms)
  Rendered ui/_badge.html.erb (Duration: 0.0ms | GC: 0.0ms)
  Rendered ui/_button.html.erb (Duration: 0.0ms | GC: 0.0ms)
  Rendered ui/_data_table.html.erb (Duration: 0.0ms | GC: 0.0ms)
  Rendered ui/_card.html.erb (Duration: 1.8ms | GC: 0.0ms)
  Rendered ui/_location_card_lookbook.html.erb (Duration: 1.9ms | GC: 0.0ms)
  Rendered ui/_field.html.erb (Duration: 0.0ms | GC: 0.0ms)
  Rendered ui/_icon_button.html.erb (Duration: 0.0ms | GC: 0.0ms)
  Rendered ui/_badge.html.erb (Duration: 0.0ms | GC: 0.0ms)
  Rendered ui/_dropdown_menu.html.erb (Duration: 0.2ms | GC: 0.0ms)
  Rendered ui/_field.html.erb (Duration: 0.0ms | GC: 0.0ms)
  Rendered ui/_field.html.erb (Duration: 0.0ms | GC: 0.0ms)
  Rendered ui/_field.html.erb (Duration: 0.0ms | GC: 0.0ms)
  Rendered ui/_badge.html.erb (Duration: 0.0ms | GC: 0.0ms)
  Rendered ui/_field.html.erb (Duration: 0.1ms | GC: 0.0ms)
  Rendered ui/_field.html.erb (Duration: 0.0ms | GC: 0.0ms)
  Rendered ui/_field.html.erb (Duration: 0.0ms | GC: 0.0ms)
  Rendered ui/_button.html.erb (Duration: 0.0ms | GC: 0.0ms)
  Rendered ui/_badge.html.erb (Duration: 0.0ms | GC: 0.0ms)
  Rendered ui/_button.html.erb (Duration: 0.0ms | GC: 0.0ms)
  Rendered ui/_data_table.html.erb (Duration: 0.0ms | GC: 0.0ms)
  Rendered ui/_card.html.erb (Duration: 1.9ms | GC: 0.0ms)
  Rendered ui/_location_card_lookbook.html.erb (Duration: 2.0ms | GC: 0.0ms)
  Rendered ui/_field.html.erb (Duration: 0.0ms | GC: 0.0ms)
  Rendered ui/_icon_button.html.erb (Duration: 0.0ms | GC: 0.0ms)
  Rendered ui/_badge.html.erb (Duration: 0.0ms | GC: 0.0ms)
  Rendered ui/_dropdown_menu.html.erb (Duration: 0.1ms | GC: 0.0ms)
  Rendered ui/_field.html.erb (Duration: 0.0ms | GC: 0.0ms)
  Rendered ui/_field.html.erb (Duration: 0.0ms | GC: 0.0ms)
  Rendered ui/_field.html.erb (Duration: 0.0ms | GC: 0.0ms)
  Rendered ui/_badge.html.erb (Duration: 0.0ms | GC: 0.0ms)
  Rendered ui/_field.html.erb (Duration: 0.1ms | GC: 0.0ms)
  Rendered ui/_field.html.erb (Duration: 0.0ms | GC: 0.0ms)
  Rendered ui/_field.html.erb (Duration: 0.0ms | GC: 0.0ms)
  Rendered ui/_button.html.erb (Duration: 0.0ms | GC: 0.0ms)
  Rendered ui/_badge.html.erb (Duration: 0.0ms | GC: 0.0ms)
  Rendered ui/_button.html.erb (Duration: 0.0ms | GC: 0.0ms)
  Rendered ui/_data_table.html.erb (Duration: 0.0ms | GC: 0.0ms)
  Rendered ui/_card.html.erb (Duration: 1.8ms | GC: 0.0ms)
  Rendered ui/_location_card_lookbook.html.erb (Duration: 1.9ms | GC: 0.0ms)
  Rendered ui/_heading.html.erb (Duration: 0.1ms | GC: 0.0ms)
  Rendered ui/_field.html.erb (Duration: 0.0ms | GC: 0.0ms)
  Rendered ui/_icon_button.html.erb (Duration: 0.0ms | GC: 0.0ms)
  Rendered ui/_badge.html.erb (Duration: 0.0ms | GC: 0.0ms)
  Rendered ui/_dropdown_menu.html.erb (Duration: 0.2ms | GC: 0.0ms)
  Rendered ui/_field.html.erb (Duration: 0.0ms | GC: 0.0ms)
  Rendered ui/_field.html.erb (Duration: 0.0ms | GC: 0.0ms)
  Rendered ui/_field.html.erb (Duration: 0.0ms | GC: 0.0ms)
  Rendered ui/_badge.html.erb (Duration: 0.0ms | GC: 0.0ms)
  Rendered ui/_field.html.erb (Duration: 0.1ms | GC: 0.0ms)
  Rendered ui/_field.html.erb (Duration: 0.0ms | GC: 0.0ms)
  Rendered ui/_field.html.erb (Duration: 0.0ms | GC: 0.0ms)
  Rendered ui/_button.html.erb (Duration: 0.0ms | GC: 0.0ms)
  Rendered ui/_badge.html.erb (Duration: 0.0ms | GC: 0.0ms)
  Rendered ui/_button.html.erb (Duration: 0.0ms | GC: 0.0ms)
  Rendered ui/_data_table.html.erb (Duration: 0.0ms | GC: 0.0ms)
  Rendered ui/_card.html.erb (Duration: 2.2ms | GC: 0.0ms)
  Rendered ui/_location_card_lookbook.html.erb (Duration: 2.3ms | GC: 0.0ms)
  Rendered ui/_field.html.erb (Duration: 0.0ms | GC: 0.0ms)
  Rendered ui/_icon_button.html.erb (Duration: 0.0ms | GC: 0.0ms)
  Rendered ui/_badge.html.erb (Duration: 0.0ms | GC: 0.0ms)
  Rendered ui/_dropdown_menu.html.erb (Duration: 0.2ms | GC: 0.0ms)
  Rendered ui/_field.html.erb (Duration: 0.0ms | GC: 0.0ms)
  Rendered ui/_field.html.erb (Duration: 0.0ms | GC: 0.0ms)
  Rendered ui/_field.html.erb (Duration: 0.0ms | GC: 0.0ms)
  Rendered ui/_badge.html.erb (Duration: 0.0ms | GC: 0.0ms)
  Rendered ui/_field.html.erb (Duration: 0.1ms | GC: 0.0ms)
  Rendered ui/_field.html.erb (Duration: 0.0ms | GC: 0.0ms)
  Rendered ui/_field.html.erb (Duration: 0.0ms | GC: 0.0ms)
  Rendered ui/_button.html.erb (Duration: 0.0ms | GC: 0.0ms)
  Rendered ui/_badge.html.erb (Duration: 0.0ms | GC: 0.0ms)
  Rendered ui/_button.html.erb (Duration: 0.0ms | GC: 0.0ms)
  Rendered ui/_data_table.html.erb (Duration: 0.0ms | GC: 0.0ms)
  Rendered ui/_card.html.erb (Duration: 2.0ms | GC: 0.0ms)
  Rendered ui/_location_card_lookbook.html.erb (Duration: 2.1ms | GC: 0.0ms)
  Rendered ui/_field.html.erb (Duration: 0.0ms | GC: 0.0ms)
  Rendered ui/_icon_button.html.erb (Duration: 0.0ms | GC: 0.0ms)
  Rendered ui/_badge.html.erb (Duration: 0.0ms | GC: 0.0ms)
  Rendered ui/_dropdown_menu.html.erb (Duration: 0.2ms | GC: 0.0ms)
  Rendered ui/_field.html.erb (Duration: 0.0ms | GC: 0.0ms)
  Rendered ui/_field.html.erb (Duration: 0.0ms | GC: 0.0ms)
  Rendered ui/_field.html.erb (Duration: 0.0ms | GC: 0.0ms)
  Rendered ui/_badge.html.erb (Duration: 0.0ms | GC: 0.0ms)
  Rendered ui/_field.html.erb (Duration: 0.1ms | GC: 0.0ms)
  Rendered ui/_field.html.erb (Duration: 0.0ms | GC: 0.0ms)
  Rendered ui/_field.html.erb (Duration: 0.0ms | GC: 0.0ms)
  Rendered ui/_button.html.erb (Duration: 0.0ms | GC: 0.0ms)
  Rendered ui/_badge.html.erb (Duration: 0.0ms | GC: 0.0ms)
  Rendered ui/_button.html.erb (Duration: 0.0ms | GC: 0.0ms)
  Rendered ui/_data_table.html.erb (Duration: 0.0ms | GC: 0.0ms)
  Rendered ui/_card.html.erb (Duration: 1.9ms | GC: 0.0ms)
  Rendered ui/_location_card_lookbook.html.erb (Duration: 2.0ms | GC: 0.0ms)
  Rendered ui/_field.html.erb (Duration: 0.0ms | GC: 0.0ms)
  Rendered ui/_icon_button.html.erb (Duration: 0.0ms | GC: 0.0ms)
  Rendered ui/_badge.html.erb (Duration: 0.0ms | GC: 0.0ms)
  Rendered ui/_dropdown_menu.html.erb (Duration: 0.1ms | GC: 0.0ms)
  Rendered ui/_field.html.erb (Duration: 0.0ms | GC: 0.0ms)
  Rendered ui/_field.html.erb (Duration: 0.0ms | GC: 0.0ms)
  Rendered ui/_field.html.erb (Duration: 0.0ms | GC: 0.0ms)
  Rendered ui/_badge.html.erb (Duration: 0.0ms | GC: 0.0ms)
  Rendered ui/_field.html.erb (Duration: 0.1ms | GC: 0.0ms)
  Rendered ui/_field.html.erb (Duration: 0.0ms | GC: 0.0ms)
  Rendered ui/_field.html.erb (Duration: 0.0ms | GC: 0.0ms)
  Rendered ui/_button.html.erb (Duration: 0.0ms | GC: 0.0ms)
  Rendered ui/_badge.html.erb (Duration: 0.0ms | GC: 0.0ms)
  Rendered ui/_button.html.erb (Duration: 0.0ms | GC: 0.0ms)
  Rendered ui/_data_table.html.erb (Duration: 0.0ms | GC: 0.0ms)
  Rendered ui/_card.html.erb (Duration: 1.8ms | GC: 0.0ms)
  Rendered ui/_location_card_lookbook.html.erb (Duration: 1.9ms | GC: 0.0ms)
  Rendered ui/_base_layout.html.erb (Duration: 41.3ms | GC: 1.0ms)
  Rendered ui/previews/app_views/dashboard.html.erb (Duration: 42.4ms | GC: 1.0ms)
  Rendering html template
  Rendered html template (Duration: 0.0ms | GC: 0.0ms)
Completed 200 OK in 44ms (Views: 0.4ms | ActiveRecord: 0.0ms (0 queries, 0 cached) | GC: 1.0ms)


  Rendering layout /home/ivan/.local/share/mise/installs/ruby/3.3.7/lib/ruby/gems/3.3.0/gems/lookbook-2.3.14/app/views/layouts/lookbook/application.html.erb
  Rendering /home/ivan/.local/share/mise/installs/ruby/3.3.7/lib/ruby/gems/3.3.0/gems/lookbook-2.3.14/app/views/lookbook/inspector/show.html.erb within layouts/lookbook/application
  Rendered /home/ivan/.local/share/mise/installs/ruby/3.3.7/lib/ruby/gems/3.3.0/gems/lookbook-2.3.14/app/views/lookbook/inspector/panels/_preview.html.erb (Duration: 1.7ms | GC: 0.0ms)
  Rendered /home/ivan/.local/share/mise/installs/ruby/3.3.7/lib/ruby/gems/3.3.0/gems/lookbook-2.3.14/app/views/lookbook/inspector/panels/_output.html.erb (Duration: 344.9ms | GC: 25.1ms)
  Rendered /home/ivan/.local/share/mise/installs/ruby/3.3.7/lib/ruby/gems/3.3.0/gems/lookbook-2.3.14/app/views/lookbook/inspector/panels/_source.html.erb (Duration: 0.8ms | GC: 0.1ms)
  Rendered /home/ivan/.local/share/mise/installs/ruby/3.3.7/lib/ruby/gems/3.3.0/gems/lookbook-2.3.14/app/views/lookbook/inspector/panels/_notes.html.erb (Duration: 0.8ms | GC: 0.0ms)
  Rendered /home/ivan/.local/share/mise/installs/ruby/3.3.7/lib/ruby/gems/3.3.0/gems/lookbook-2.3.14/app/views/lookbook/inspector/panels/_params.html.erb (Duration: 0.3ms | GC: 0.0ms)
  Rendered /home/ivan/.local/share/mise/installs/ruby/3.3.7/lib/ruby/gems/3.3.0/gems/lookbook-2.3.14/app/views/lookbook/inspector/show.html.erb within layouts/lookbook/application (Duration: 406.5ms | GC: 35.7ms)
  Rendered layout /home/ivan/.local/share/mise/installs/ruby/3.3.7/lib/ruby/gems/3.3.0/gems/lookbook-2.3.14/app/views/layouts/lookbook/application.html.erb (Duration: 407.8ms | GC: 35.7ms)
Completed 200 OK in 454ms (Views: 408.3ms | ActiveRecord: 0.0ms (0 queries, 0 cached) | GC: 36.7ms)


Started GET "/lookbook/preview/app_views/dashboard/default?_display=%257B%257D&lookbook_timestamp=2026-04-24+12%3A44%3A21+-0400" for 127.0.0.1 at 2026-04-24 12:44:22 -0400
Processing by Lookbook::PreviewsController#show as HTML
  Parameters: {"_display"=>"%7B%7D", "lookbook_timestamp"=>"2026-04-24 12:44:21 -0400", "path"=>"app_views/dashboard/default"}
Processing by Lookbook::PreviewController#render_scenario_to_string as HTML
  Parameters: {"_display"=>"%7B%7D", "lookbook_timestamp"=>"2026-04-24 12:44:21 -0400", "path"=>"app_views/dashboard/default"}
  Rendering ui/previews/app_views/dashboard.html.erb
  Rendered ui/_sidebar_menu_item.html.erb (Duration: 0.1ms | GC: 0.0ms)
  Rendered ui/_sidebar_menu_item.html.erb (Duration: 0.0ms | GC: 0.0ms)
  Rendered ui/_sidebar_menu_item.html.erb (Duration: 0.1ms | GC: 0.0ms)
  Rendered ui/_sidebar_menu_item.html.erb (Duration: 0.0ms | GC: 0.0ms)
  Rendered ui/_sidebar_menu_item.html.erb (Duration: 0.0ms | GC: 0.0ms)
  Rendered ui/_sidebar_menu_item.html.erb (Duration: 0.0ms | GC: 0.0ms)
  Rendered ui/_sidebar_menu_item.html.erb (Duration: 0.0ms | GC: 0.0ms)
  Rendered ui/_sidebar_menu_item.html.erb (Duration: 0.0ms | GC: 0.0ms)
  Rendered ui/_sidebar_menu_item.html.erb (Duration: 0.0ms | GC: 0.0ms)
  Rendered ui/_sidebar_menu_item.html.erb (Duration: 0.0ms | GC: 0.0ms)
  Rendered ui/_sidebar_menu_item.html.erb (Duration: 0.0ms | GC: 0.0ms)
  Rendered ui/_sidebar_menu_item.html.erb (Duration: 0.2ms | GC: 0.0ms)
  Rendered ui/_sidebar_menu_item.html.erb (Duration: 0.0ms | GC: 0.0ms)
  Rendered ui/_sidebar.html.erb (Duration: 1.8ms | GC: 0.0ms)
  Rendered ui/_heading.html.erb (Duration: 0.0ms | GC: 0.0ms)
  Rendered ui/_field.html.erb (Duration: 0.0ms | GC: 0.0ms)
  Rendered ui/_icon_button.html.erb (Duration: 0.0ms | GC: 0.0ms)
  Rendered ui/_badge.html.erb (Duration: 0.0ms | GC: 0.0ms)
  Rendered ui/_dropdown_menu.html.erb (Duration: 0.1ms | GC: 0.0ms)
  Rendered ui/_field.html.erb (Duration: 0.0ms | GC: 0.0ms)
  Rendered ui/_field.html.erb (Duration: 0.0ms | GC: 0.0ms)
  Rendered ui/_field.html.erb (Duration: 0.0ms | GC: 0.0ms)
  Rendered ui/_badge.html.erb (Duration: 0.0ms | GC: 0.0ms)
  Rendered ui/_field.html.erb (Duration: 0.1ms | GC: 0.0ms)
  Rendered ui/_field.html.erb (Duration: 0.0ms | GC: 0.0ms)
  Rendered ui/_field.html.erb (Duration: 0.0ms | GC: 0.0ms)
  Rendered ui/_button.html.erb (Duration: 0.0ms | GC: 0.0ms)
  Rendered ui/_badge.html.erb (Duration: 0.0ms | GC: 0.0ms)
  Rendered ui/_button.html.erb (Duration: 0.0ms | GC: 0.0ms)
  Rendered ui/_data_table.html.erb (Duration: 0.0ms | GC: 0.0ms)
  Rendered ui/_card.html.erb (Duration: 1.2ms | GC: 0.0ms)
  Rendered ui/_location_card_lookbook.html.erb (Duration: 1.2ms | GC: 0.0ms)
  Rendered ui/_field.html.erb (Duration: 0.0ms | GC: 0.0ms)
  Rendered ui/_icon_button.html.erb (Duration: 0.0ms | GC: 0.0ms)
  Rendered ui/_badge.html.erb (Duration: 0.0ms | GC: 0.0ms)
  Rendered ui/_dropdown_menu.html.erb (Duration: 0.1ms | GC: 0.0ms)
  Rendered ui/_field.html.erb (Duration: 0.0ms | GC: 0.0ms)
  Rendered ui/_field.html.erb (Duration: 0.0ms | GC: 0.0ms)
  Rendered ui/_field.html.erb (Duration: 0.0ms | GC: 0.0ms)
  Rendered ui/_badge.html.erb (Duration: 0.0ms | GC: 0.0ms)
  Rendered ui/_field.html.erb (Duration: 0.1ms | GC: 0.0ms)
  Rendered ui/_field.html.erb (Duration: 0.0ms | GC: 0.0ms)
  Rendered ui/_field.html.erb (Duration: 0.0ms | GC: 0.0ms)
  Rendered ui/_button.html.erb (Duration: 0.0ms | GC: 0.0ms)
  Rendered ui/_badge.html.erb (Duration: 0.0ms | GC: 0.0ms)
  Rendered ui/_button.html.erb (Duration: 0.0ms | GC: 0.0ms)
  Rendered ui/_data_table.html.erb (Duration: 0.0ms | GC: 0.0ms)
  Rendered ui/_card.html.erb (Duration: 1.1ms | GC: 0.0ms)
  Rendered ui/_location_card_lookbook.html.erb (Duration: 1.2ms | GC: 0.0ms)
  Rendered ui/_field.html.erb (Duration: 0.0ms | GC: 0.0ms)
  Rendered ui/_icon_button.html.erb (Duration: 0.0ms | GC: 0.0ms)
  Rendered ui/_badge.html.erb (Duration: 0.0ms | GC: 0.0ms)
  Rendered ui/_dropdown_menu.html.erb (Duration: 0.1ms | GC: 0.0ms)
  Rendered ui/_field.html.erb (Duration: 0.0ms | GC: 0.0ms)
  Rendered ui/_field.html.erb (Duration: 0.0ms | GC: 0.0ms)
  Rendered ui/_field.html.erb (Duration: 0.0ms | GC: 0.0ms)
  Rendered ui/_badge.html.erb (Duration: 0.0ms | GC: 0.0ms)
  Rendered ui/_field.html.erb (Duration: 0.1ms | GC: 0.0ms)
  Rendered ui/_field.html.erb (Duration: 0.0ms | GC: 0.0ms)
  Rendered ui/_field.html.erb (Duration: 0.0ms | GC: 0.0ms)
  Rendered ui/_button.html.erb (Duration: 0.0ms | GC: 0.0ms)
  Rendered ui/_badge.html.erb (Duration: 0.0ms | GC: 0.0ms)
  Rendered ui/_button.html.erb (Duration: 0.0ms | GC: 0.0ms)
  Rendered ui/_data_table.html.erb (Duration: 0.0ms | GC: 0.0ms)
  Rendered ui/_card.html.erb (Duration: 1.2ms | GC: 0.0ms)
  Rendered ui/_location_card_lookbook.html.erb (Duration: 1.3ms | GC: 0.0ms)
  Rendered ui/_field.html.erb (Duration: 0.0ms | GC: 0.0ms)
  Rendered ui/_icon_button.html.erb (Duration: 0.0ms | GC: 0.0ms)
  Rendered ui/_badge.html.erb (Duration: 0.0ms | GC: 0.0ms)
  Rendered ui/_dropdown_menu.html.erb (Duration: 0.1ms | GC: 0.0ms)
  Rendered ui/_field.html.erb (Duration: 0.1ms | GC: 0.0ms)
  Rendered ui/_field.html.erb (Duration: 0.0ms | GC: 0.0ms)
  Rendered ui/_field.html.erb (Duration: 0.0ms | GC: 0.0ms)
  Rendered ui/_badge.html.erb (Duration: 0.0ms | GC: 0.0ms)
  Rendered ui/_field.html.erb (Duration: 0.1ms | GC: 0.0ms)
  Rendered ui/_field.html.erb (Duration: 0.0ms | GC: 0.0ms)
  Rendered ui/_field.html.erb (Duration: 0.0ms | GC: 0.0ms)
  Rendered ui/_button.html.erb (Duration: 0.0ms | GC: 0.0ms)
  Rendered ui/_badge.html.erb (Duration: 0.0ms | GC: 0.0ms)
  Rendered ui/_button.html.erb (Duration: 0.0ms | GC: 0.0ms)
  Rendered ui/_data_table.html.erb (Duration: 0.0ms | GC: 0.0ms)
  Rendered ui/_card.html.erb (Duration: 1.3ms | GC: 0.0ms)
  Rendered ui/_location_card_lookbook.html.erb (Duration: 1.3ms | GC: 0.0ms)
  Rendered ui/_field.html.erb (Duration: 0.0ms | GC: 0.0ms)
  Rendered ui/_icon_button.html.erb (Duration: 0.0ms | GC: 0.0ms)
  Rendered ui/_badge.html.erb (Duration: 0.0ms | GC: 0.0ms)
  Rendered ui/_dropdown_menu.html.erb (Duration: 0.1ms | GC: 0.0ms)
  Rendered ui/_field.html.erb (Duration: 0.0ms | GC: 0.0ms)
  Rendered ui/_field.html.erb (Duration: 0.0ms | GC: 0.0ms)
  Rendered ui/_field.html.erb (Duration: 0.0ms | GC: 0.0ms)
  Rendered ui/_badge.html.erb (Duration: 0.0ms | GC: 0.0ms)
  Rendered ui/_field.html.erb (Duration: 0.1ms | GC: 0.0ms)
  Rendered ui/_field.html.erb (Duration: 0.0ms | GC: 0.0ms)
  Rendered ui/_field.html.erb (Duration: 0.0ms | GC: 0.0ms)
  Rendered ui/_button.html.erb (Duration: 0.0ms | GC: 0.0ms)
  Rendered ui/_badge.html.erb (Duration: 0.0ms | GC: 0.0ms)
  Rendered ui/_button.html.erb (Duration: 0.0ms | GC: 0.0ms)
  Rendered ui/_data_table.html.erb (Duration: 0.0ms | GC: 0.0ms)
  Rendered ui/_card.html.erb (Duration: 1.1ms | GC: 0.0ms)
  Rendered ui/_location_card_lookbook.html.erb (Duration: 1.2ms | GC: 0.0ms)
  Rendered ui/_heading.html.erb (Duration: 0.0ms | GC: 0.0ms)
  Rendered ui/_field.html.erb (Duration: 0.0ms | GC: 0.0ms)
  Rendered ui/_icon_button.html.erb (Duration: 0.0ms | GC: 0.0ms)
  Rendered ui/_badge.html.erb (Duration: 0.0ms | GC: 0.0ms)
  Rendered ui/_dropdown_menu.html.erb (Duration: 0.1ms | GC: 0.0ms)
  Rendered ui/_field.html.erb (Duration: 0.0ms | GC: 0.0ms)
  Rendered ui/_field.html.erb (Duration: 0.0ms | GC: 0.0ms)
  Rendered ui/_field.html.erb (Duration: 0.0ms | GC: 0.0ms)
  Rendered ui/_badge.html.erb (Duration: 0.0ms | GC: 0.0ms)
  Rendered ui/_field.html.erb (Duration: 0.1ms | GC: 0.0ms)
  Rendered ui/_field.html.erb (Duration: 0.0ms | GC: 0.0ms)
  Rendered ui/_field.html.erb (Duration: 0.0ms | GC: 0.0ms)
  Rendered ui/_button.html.erb (Duration: 0.0ms | GC: 0.0ms)
  Rendered ui/_badge.html.erb (Duration: 0.0ms | GC: 0.0ms)
  Rendered ui/_button.html.erb (Duration: 0.0ms | GC: 0.0ms)
  Rendered ui/_data_table.html.erb (Duration: 0.0ms | GC: 0.0ms)
  Rendered ui/_card.html.erb (Duration: 1.2ms | GC: 0.0ms)
  Rendered ui/_location_card_lookbook.html.erb (Duration: 1.2ms | GC: 0.0ms)
  Rendered ui/_field.html.erb (Duration: 0.0ms | GC: 0.0ms)
  Rendered ui/_icon_button.html.erb (Duration: 0.0ms | GC: 0.0ms)
  Rendered ui/_badge.html.erb (Duration: 0.0ms | GC: 0.0ms)
  Rendered ui/_dropdown_menu.html.erb (Duration: 0.3ms | GC: 0.0ms)
  Rendered ui/_field.html.erb (Duration: 0.0ms | GC: 0.0ms)
  Rendered ui/_field.html.erb (Duration: 0.0ms | GC: 0.0ms)
  Rendered ui/_field.html.erb (Duration: 0.0ms | GC: 0.0ms)
  Rendered ui/_badge.html.erb (Duration: 0.0ms | GC: 0.0ms)
  Rendered ui/_field.html.erb (Duration: 0.1ms | GC: 0.0ms)
  Rendered ui/_field.html.erb (Duration: 0.0ms | GC: 0.0ms)
  Rendered ui/_field.html.erb (Duration: 0.0ms | GC: 0.0ms)
  Rendered ui/_button.html.erb (Duration: 0.0ms | GC: 0.0ms)
  Rendered ui/_badge.html.erb (Duration: 0.0ms | GC: 0.0ms)
  Rendered ui/_button.html.erb (Duration: 0.0ms | GC: 0.0ms)
  Rendered ui/_data_table.html.erb (Duration: 0.0ms | GC: 0.0ms)
  Rendered ui/_card.html.erb (Duration: 1.7ms | GC: 0.0ms)
  Rendered ui/_location_card_lookbook.html.erb (Duration: 1.7ms | GC: 0.0ms)
  Rendered ui/_field.html.erb (Duration: 0.0ms | GC: 0.0ms)
  Rendered ui/_icon_button.html.erb (Duration: 0.0ms | GC: 0.0ms)
  Rendered ui/_badge.html.erb (Duration: 0.0ms | GC: 0.0ms)
  Rendered ui/_dropdown_menu.html.erb (Duration: 0.1ms | GC: 0.0ms)
  Rendered ui/_field.html.erb (Duration: 0.0ms | GC: 0.0ms)
  Rendered ui/_field.html.erb (Duration: 0.0ms | GC: 0.0ms)
  Rendered ui/_field.html.erb (Duration: 0.0ms | GC: 0.0ms)
  Rendered ui/_badge.html.erb (Duration: 0.0ms | GC: 0.0ms)
  Rendered ui/_field.html.erb (Duration: 0.1ms | GC: 0.0ms)
  Rendered ui/_field.html.erb (Duration: 0.0ms | GC: 0.0ms)
  Rendered ui/_field.html.erb (Duration: 0.0ms | GC: 0.0ms)
  Rendered ui/_button.html.erb (Duration: 0.0ms | GC: 0.0ms)
  Rendered ui/_badge.html.erb (Duration: 0.0ms | GC: 0.0ms)
  Rendered ui/_button.html.erb (Duration: 0.0ms | GC: 0.0ms)
  Rendered ui/_data_table.html.erb (Duration: 0.0ms | GC: 0.0ms)
  Rendered ui/_card.html.erb (Duration: 1.3ms | GC: 0.0ms)
  Rendered ui/_location_card_lookbook.html.erb (Duration: 1.4ms | GC: 0.0ms)
  Rendered ui/_heading.html.erb (Duration: 0.1ms | GC: 0.0ms)
  Rendered ui/_field.html.erb (Duration: 0.0ms | GC: 0.0ms)
  Rendered ui/_icon_button.html.erb (Duration: 0.0ms | GC: 0.0ms)
  Rendered ui/_badge.html.erb (Duration: 0.0ms | GC: 0.0ms)
  Rendered ui/_dropdown_menu.html.erb (Duration: 0.1ms | GC: 0.0ms)
  Rendered ui/_field.html.erb (Duration: 0.0ms | GC: 0.0ms)
  Rendered ui/_field.html.erb (Duration: 0.0ms | GC: 0.0ms)
  Rendered ui/_field.html.erb (Duration: 0.0ms | GC: 0.0ms)
  Rendered ui/_badge.html.erb (Duration: 0.0ms | GC: 0.0ms)
  Rendered ui/_field.html.erb (Duration: 0.1ms | GC: 0.0ms)
  Rendered ui/_field.html.erb (Duration: 0.0ms | GC: 0.0ms)
  Rendered ui/_field.html.erb (Duration: 0.0ms | GC: 0.0ms)
  Rendered ui/_button.html.erb (Duration: 0.0ms | GC: 0.0ms)
  Rendered ui/_badge.html.erb (Duration: 0.0ms | GC: 0.0ms)
  Rendered ui/_button.html.erb (Duration: 0.0ms | GC: 0.0ms)
  Rendered ui/_data_table.html.erb (Duration: 0.0ms | GC: 0.0ms)
  Rendered ui/_card.html.erb (Duration: 1.7ms | GC: 0.0ms)
  Rendered ui/_location_card_lookbook.html.erb (Duration: 1.8ms | GC: 0.0ms)
  Rendered ui/_field.html.erb (Duration: 0.0ms | GC: 0.0ms)
  Rendered ui/_icon_button.html.erb (Duration: 0.0ms | GC: 0.0ms)
  Rendered ui/_badge.html.erb (Duration: 0.0ms | GC: 0.0ms)
  Rendered ui/_dropdown_menu.html.erb (Duration: 0.1ms | GC: 0.0ms)
  Rendered ui/_field.html.erb (Duration: 0.0ms | GC: 0.0ms)
  Rendered ui/_field.html.erb (Duration: 0.0ms | GC: 0.0ms)
  Rendered ui/_field.html.erb (Duration: 0.0ms | GC: 0.0ms)
  Rendered ui/_badge.html.erb (Duration: 0.0ms | GC: 0.0ms)
  Rendered ui/_field.html.erb (Duration: 0.1ms | GC: 0.0ms)
  Rendered ui/_field.html.erb (Duration: 0.0ms | GC: 0.0ms)
  Rendered ui/_field.html.erb (Duration: 0.0ms | GC: 0.0ms)
  Rendered ui/_button.html.erb (Duration: 0.0ms | GC: 0.0ms)
  Rendered ui/_badge.html.erb (Duration: 0.0ms | GC: 0.0ms)
  Rendered ui/_button.html.erb (Duration: 0.0ms | GC: 0.0ms)
  Rendered ui/_data_table.html.erb (Duration: 0.0ms | GC: 0.0ms)
  Rendered ui/_card.html.erb (Duration: 1.2ms | GC: 0.0ms)
  Rendered ui/_location_card_lookbook.html.erb (Duration: 1.2ms | GC: 0.0ms)
  Rendered ui/_field.html.erb (Duration: 0.0ms | GC: 0.0ms)
  Rendered ui/_icon_button.html.erb (Duration: 0.0ms | GC: 0.0ms)
  Rendered ui/_badge.html.erb (Duration: 0.0ms | GC: 0.0ms)
  Rendered ui/_dropdown_menu.html.erb (Duration: 0.1ms | GC: 0.0ms)
  Rendered ui/_field.html.erb (Duration: 0.0ms | GC: 0.0ms)
  Rendered ui/_field.html.erb (Duration: 0.0ms | GC: 0.0ms)
  Rendered ui/_field.html.erb (Duration: 0.0ms | GC: 0.0ms)
  Rendered ui/_badge.html.erb (Duration: 0.0ms | GC: 0.0ms)
  Rendered ui/_field.html.erb (Duration: 0.1ms | GC: 0.0ms)
  Rendered ui/_field.html.erb (Duration: 0.0ms | GC: 0.0ms)
  Rendered ui/_field.html.erb (Duration: 0.0ms | GC: 0.0ms)
  Rendered ui/_button.html.erb (Duration: 0.0ms | GC: 0.0ms)
  Rendered ui/_badge.html.erb (Duration: 0.0ms | GC: 0.0ms)
  Rendered ui/_button.html.erb (Duration: 0.0ms | GC: 0.0ms)
  Rendered ui/_data_table.html.erb (Duration: 0.0ms | GC: 0.0ms)
  Rendered ui/_card.html.erb (Duration: 1.4ms | GC: 0.0ms)
  Rendered ui/_location_card_lookbook.html.erb (Duration: 1.4ms | GC: 0.0ms)
  Rendered ui/_field.html.erb (Duration: 0.0ms | GC: 0.0ms)
  Rendered ui/_icon_button.html.erb (Duration: 0.0ms | GC: 0.0ms)
  Rendered ui/_badge.html.erb (Duration: 0.0ms | GC: 0.0ms)
  Rendered ui/_dropdown_menu.html.erb (Duration: 0.1ms | GC: 0.0ms)
  Rendered ui/_field.html.erb (Duration: 0.0ms | GC: 0.0ms)
  Rendered ui/_field.html.erb (Duration: 0.0ms | GC: 0.0ms)
  Rendered ui/_field.html.erb (Duration: 0.0ms | GC: 0.0ms)
  Rendered ui/_badge.html.erb (Duration: 0.0ms | GC: 0.0ms)
  Rendered ui/_field.html.erb (Duration: 0.1ms | GC: 0.0ms)
  Rendered ui/_field.html.erb (Duration: 0.0ms | GC: 0.0ms)
  Rendered ui/_field.html.erb (Duration: 0.0ms | GC: 0.0ms)
  Rendered ui/_button.html.erb (Duration: 0.0ms | GC: 0.0ms)
  Rendered ui/_badge.html.erb (Duration: 0.0ms | GC: 0.0ms)
  Rendered ui/_button.html.erb (Duration: 0.0ms | GC: 0.0ms)
  Rendered ui/_data_table.html.erb (Duration: 0.0ms | GC: 0.0ms)
  Rendered ui/_card.html.erb (Duration: 1.1ms | GC: 0.0ms)
  Rendered ui/_location_card_lookbook.html.erb (Duration: 1.2ms | GC: 0.0ms)
  Rendered ui/_base_layout.html.erb (Duration: 19.0ms | GC: 0.0ms)
  Rendered ui/previews/app_views/dashboard.html.erb (Duration: 19.1ms | GC: 0.0ms)
  Rendering html template
  Rendered html template (Duration: 0.0ms | GC: 0.0ms)
Completed 200 OK in 20ms (Views: 0.2ms | ActiveRecord: 0.0ms (0 queries, 0 cached) | GC: 0.0ms)


Processing by Lookbook::PreviewController#render_in_layout_to_string as HTML
  Parameters: {"_display"=>"%7B%7D", "lookbook_timestamp"=>"2026-04-24 12:44:21 -0400", "path"=>"app_views/dashboard/default"}
  Rendering layout layouts/lookbook.html.erb
  Rendering /home/ivan/.local/share/mise/installs/ruby/3.3.7/lib/ruby/gems/3.3.0/gems/lookbook-2.3.14/app/views/lookbook/previews/group.html.erb within layouts/lookbook
  Rendered /home/ivan/.local/share/mise/installs/ruby/3.3.7/lib/ruby/gems/3.3.0/gems/lookbook-2.3.14/app/views/lookbook/previews/group.html.erb within layouts/lookbook (Duration: 0.0ms | GC: 0.0ms)
  Rendered layout layouts/lookbook.html.erb (Duration: 0.8ms | GC: 0.0ms)
  Rendering html template
  Rendered html template (Duration: 0.0ms | GC: 0.0ms)
Completed 200 OK in 2ms (Views: 0.3ms | ActiveRecord: 0.0ms (0 queries, 0 cached) | GC: 0.0ms)


  Rendering /home/ivan/.local/share/mise/installs/ruby/3.3.7/lib/ruby/gems/3.3.0/gems/lookbook-2.3.14/app/views/lookbook/previews/show.html.erb
  Rendered /home/ivan/.local/share/mise/installs/ruby/3.3.7/lib/ruby/gems/3.3.0/gems/lookbook-2.3.14/app/views/lookbook/previews/show.html.erb (Duration: 0.0ms | GC: 0.0ms)
Completed 200 OK in 24ms (Views: 0.3ms | ActiveRecord: 0.0ms (0 queries, 0 cached) | GC: 0.0ms)


Started GET "/lookbook-assets/Inter-italic.var.69eb0fe1.woff2" for 127.0.0.1 at 2026-04-24 12:44:27 -0400
Started GET "/lookbook-assets/SourceCodeVariable-Roman.ttf.118e9f22.woff2" for 127.0.0.1 at 2026-04-24 12:44:27 -0400
Started GET "/lookbook-assets/Inter-roman.var.b695afbe.woff2" for 127.0.0.1 at 2026-04-24 12:44:27 -0400
